Nombre,Marca,Precio,Disponibilidad,URL de la Imagen
Khamrah Qahwa 100 ML,Lattafa,116.43,Disponible,https://cdn.shopify.com/s/files/1/0936/6713/1667/files/escala-khamrah-qahwa.png
Lattafa - Yara Perfume Spray 200ML (UNIT X 1),Lattafa,48.95,Agotado,https://cdn.shopify.com/s/files/1/0936/6713/1667/files/LAT73494-1.webp
Lattafa Eclaire Eau De Parfum,Lattafa,123.325,Disponible,https://cdn.shopify.com/s/files/1/0936/6713/1667/files/lattafa-eclaire-eau-de-parfum-5805635_129900c3-f8f5-45fa-ab26-7239b0c942f8.jpg
Angham Lattafa Perfumes,Lattafa,128.75,Disponible,https://cdn.shopify.com/s/files/1/0936/6713/1667/files/angham-lattafa-perfumes-9933418.jpg
Badee Al Oud Amethyst,Lattafa,98.965,Disponible,https://cdn.shopify.com/s/files/1/0936/6713/1667/files/badee-al-oud-amethyst-8962563.webp
Lattafa Ana Abiyedh Coral Eau de Parfum 60ml (2.0 oz,Lattafa,102.5,Disponible,https://cdn.shopify.com/s/files/1/0936/6713/1667/files/1_da0d62b1-d186-4256-a278-a0ae1ca943a5.webp
Asad Bourbon EDP 100Ml (3.4) Unisex By Lattafa,Lattafa,121.75,Disponible,https://cdn.shopify.com/s/files/1/0936/6713/1667/files/asad-bourbon-edp-100ml-34-unisex-by-lattafa-4009412_d4ad38a2-64e8-49b4-a78f-4bb84ac87a48.jpg
Fakhar Platin Lattafa Perfumes for women and men 100 ml,Lattafa,118.25,Agotado,https://cdn.shopify.com/s/files/1/0936/6713/1667/files/WhatsAppImage2025-07-14at16.17.28.jpg
Ajwad (Lattafa),Lattafa,99,Disponible,https://cdn.shopify.com/s/files/1/0936/6713/1667/files/ajwad-lattafa-5642901.jpg
HAYAATI FLORENCIA 3.4oz,Lattafa,87.625,Disponible,https://cdn.shopify.com/s/files/1/0936/6713/1667/files/hayaati-florencia-34oz-1675490.jpg
ARMAF Men's Club De Nuit Intense Parfum Spray 5.0 oz (150 ml) 6294015131017,Armaf,175.125,Disponible,https://cdn.shopify.com/s/files/1/0936/6713/1667/files/armaf-mens-club-de-nuit-intense-parfum-spray-50-oz-150-ml-6294015131017.jpg
ARMAF ODYSSEY BA HA MAS,Armaf,144.325,Disponible,https://cdn.shopify.com/s/files/1/0936/6713/1667/files/GS-OdysseyLimoni_PhotoGrid_pngDisplayingGS-OdysseyLimoni_PhotoGrid_png__10_png.webp
Lattafa Sale Eternal Vanille,Lattafa,160.075,Disponible,https://cdn.shopify.com/s/files/1/0936/6713/1667/files/50_png.webp
Hawas Atlantis Eau de Parfum Spray 100ml by RASASI,Rasasi,168.125,Disponible,https://cdn.shopify.com/s/files/1/0936/6713/1667/files/5_jpg_872f245d-4216-494b-aeaf-058edda96a1c.webp
RASASI Fragancias unisex La Yuqawam Jasmine Wisp EDP Spray 2.5 oz,Rasasi,139.25,Disponible,https://cdn.shopify.com/s/files/1/0936/6713/1667/files/IMG_4821.jpg
9 PM Eau Parfum 3.4oz,Afnan,116.43,Agotado,https://cdn.shopify.com/s/files/1/0936/6713/1667/files/9pm-eau-parfum-34oz-8051569.jpg
9AM Dive BLUE Eau Parfum 3.4oz,Afnan,114.75,Disponible,https://cdn.shopify.com/s/files/1/0936/6713/1667/files/9am-dive-blue-eau-parfum-34oz-3003959.jpg
Afnan Supremacy Not Only Intense Eau De Parfum 3.4oz,Afnan,148,Agotado,https://cdn.shopify.com/s/files/1/0936/6713/1667/files/afnan-supremacy-not-only-intense-eau-de-parfum-34oz-1121691_b1a007d3-9166-4fcd-95d8-05a54a4db4f0.jpg
Shaghaf Oud Abyad Swiss Arabian,Swiss Arabian,132.25,Disponible,https://cdn.shopify.com/s/files/1/0936/6713/1667/files/shaghaf-oud-abyad-swiss-arabian-1689475.jpg
Al Haramain Amber Oud Aqua Dubai (100ml)Extrait de Parfum,Al Haramain,197,Disponible,https://cdn.shopify.com/s/files/1/0936/6713/1667/files/al-haramain-amber-oud-aqua-dubai-100mlextrait-de-parfum-7603472_862c4f65-7a58-489b-90fa-79ca47dc122c.jpg
Khamrah Dukhan Lattafa 100 ML,Lattafa,118.25,Disponible,https://cdn.shopify.com/s/files/1/0936/6713/1667/files/khamrah-dukhan-lattafa-perfumes-for-men-7442173.jpg
Lattafa Yara 5th Year Anniversary Edition Yara Candy &amp; Yara Pink 100 ML,Lattafa,157.625,Disponible,https://cdn.shopify.com/s/files/1/0936/6713/1667/files/lattafa-yara-5th-year-anniversary-edition-yara-candy-amp-yara-pink-6533101.jpg
ECLAIR Affair French Avenue for women and men,French Avenue,139.25,Disponible,https://cdn.shopify.com/s/files/1/0936/6713/1667/files/D9607877-FB0C-498A-8D51-83002EA22262_grande_webp.jpg
Lattafa Sale Angham Second Song,Lattafa,154.125,Disponible,https://cdn.shopify.com/s/files/1/0936/6713/1667/files/IMG-7059_png.webp
Badee Al Oud Oud for Glory,Lattafa,98.825,Disponible,https://cdn.shopify.com/s/files/1/0936/6713/1667/files/badee-al-oud-oud-for-glory-6816954.webp
Ana Abiyedh Passion LATTAFA 60ml,Lattafa,118.25,Disponible,https://cdn.shopify.com/s/files/1/0936/6713/1667/files/FullSizeRender_17aefa4f-bae7-4667-a812-8057729a7dc9.jpg
Asad zanzibar 3.4oz,Lattafa,95.5,Agotado,https://cdn.shopify.com/s/files/1/0936/6713/1667/files/asad-zanzibar-34oz-2298202_76e15c97-0be1-4f2a-be2d-cb61a0b61215.webp
Fakhar Extrait,Lattafa,105.825,Disponible,https://cdn.shopify.com/s/files/1/0936/6713/1667/files/fakhar-extrait-8272162_0661cdbe-32e6-4b16-8848-bd431586a4a5.jpg
Ajwad( Pink to Pink),Lattafa,88.5,Disponible,https://cdn.shopify.com/s/files/1/0936/6713/1667/files/ajwad-pink-to-pink-5672287_c770b725-eff4-4a42-a44d-b163a034115b.jpg
Hayaati Gold Elixir,Lattafa,87.625,Disponible,https://cdn.shopify.com/s/files/1/0936/6713/1667/files/hayaati-gold-elixir-5932316.webp
"Armaf Club De Nuit Intense - Eau de Parfum Spray for Men, 6.8 oz / 6.8 fl oz",Armaf,175.125,Disponible,https://cdn.shopify.com/s/files/1/0936/6713/1667/files/IMG_5984.jpg
Armaf Odyssey Black Forest Desert Edition Eau De Parfum 3.4oz,Armaf,132.25,Disponible,https://cdn.shopify.com/s/files/1/0936/6713/1667/files/fit.138833.jpg
Armaf Eter Arabian Sky 3.4oz,Armaf,158.465,Agotado,https://cdn.shopify.com/s/files/1/0936/6713/1667/files/armaf-eter-arabian-sky-34oz-9946670.jpg
Hawas Black 3.4oz,Rasasi,130.325,Agotado,https://cdn.shopify.com/s/files/1/0936/6713/1667/files/hawas-black-34oz-6208385_3007e41a-acd0-4d5d-ab0a-ee2b2d904ea4.jpg
Rasasi La Yuqawam Pour Homme by Rasasi for Men,Rasasi,139.25,Disponible,https://cdn.shopify.com/s/files/1/0936/6713/1667/files/IMG_6062.jpg
9 PM ELIXIR EAU DE PARFUM 100 ML,Afnan,144.325,Disponible,https://cdn.shopify.com/s/files/1/0936/6713/1667/files/WhatsAppImage2025-08-10at21.22.13.jpg
9AM Eau Parfum 3.4oz,Afnan,116.5,Disponible,https://cdn.shopify.com/s/files/1/0936/6713/1667/files/9am-eau-parfum-34oz-1149453.jpg
Afnan Supremacy Purple Eau De Parfum,Afnan,106,Disponible,https://cdn.shopify.com/s/files/1/0936/6713/1667/files/61RL1BkrGTL._SL1125.jpg
Shaghaf Oud Azraq Swiss Arabian For Unisex,Swiss Arabian,170.75,Disponible,https://cdn.shopify.com/s/files/1/0936/6713/1667/files/shaghaf-oud-azraq-swiss-arabian-for-unisex-7295961.jpg
Al Haramain Amber Oud Carbon Edition 100 ml,Al Haramain,174.25,Disponible,https://cdn.shopify.com/s/files/1/0936/6713/1667/files/al-haramain-amber-oud-carbon-edition-100-ml-6306365.jpg
Khamrah Lattafa 100 ML,Lattafa,116.43,Disponible,https://cdn.shopify.com/s/files/1/0936/6713/1667/files/lifestyle-khamrah-lattafa_43121bc7-bdb5-4883-8018-9abdb99d745c.png
Lattafa Yara Elixir EAU DE PARFUM 100 ML,Lattafa,126.965,Disponible,https://cdn.shopify.com/s/files/1/0936/6713/1667/files/YaraElixirBottlebox_png.webp
Eclaire Banoff 100 ML,Lattafa,108.625,Disponible,https://cdn.shopify.com/s/files/1/0936/6713/1667/files/WhatsAppImage2025-09-01at00.08.54_15.jpg
Lattafa Angham Perfume Mist 250 ML,Lattafa,83.25,Disponible,https://cdn.shopify.com/s/files/1/0936/6713/1667/files/1_e9d03d37-af0c-4399-95ed-986f0fb38ee9_png.webp
Badee Al Oud Sublime,Lattafa,105.825,Agotado,https://cdn.shopify.com/s/files/1/0936/6713/1667/files/badee-al-oud-sublime-3246757.webp
Ana Abiyedh Poudree Eau de Parfum Spray 60ml (2.0 oz) by Lattafa,Lattafa,83.25,Disponible,https://cdn.shopify.com/s/files/1/0936/6713/1667/files/1_2a84d281-65e2-414b-97d3-0c56897cd9dc.webp
Lattafa Asad Elixir EAU DE PARFUM 100 ML,Lattafa,129.66,Disponible,https://cdn.shopify.com/s/files/1/0936/6713/1667/files/ASADELIXIRBOTTLE_2_png.webp
Fakhar Men,Lattafa,109.325,Disponible,https://cdn.shopify.com/s/files/1/0936/6713/1667/files/fakhar-men-5004184_823787be-e90f-4abc-bdfa-ef498be4b732.webp
Hayaati Al Maleki Eau Parfum,Lattafa,84.125,Disponible,https://cdn.shopify.com/s/files/1/0936/6713/1667/files/IMG_1360.jpg
"ARMAF Club de nuit intense Limited Edition ""Parfum"" 3.6 oz for men 6294015164596",Armaf,207.325,Disponible,https://cdn.shopify.com/s/files/1/0936/6713/1667/files/82ea9919-d501-4839-b954-2b6d0bf857cf.webp
(OPEN BOX) Lattafa Pride Affection Eau de Parfum,Lattafa,106,Disponible,https://cdn.shopify.com/s/files/1/0936/6713/1667/files/lattafa-pride-affection-eau-de-parfum-1968805.jpg
Al Ameed,Lattafa,127,Disponible,https://cdn.shopify.com/s/files/1/0936/6713/1667/files/al-ameed-2281008_7d1c2e7e-3cdd-441d-9fe0-6a3f70d65da5.jpg
Al Nashama Caprice 3.4oz,Lattafa,127,Disponible,https://cdn.shopify.com/s/files/1/0936/6713/1667/files/al-nashama-caprice-34oz-1961600_f3fe548f-90f3-434d-9177-4f9c4c632fca.webp
Al Nashama Eau Parfum 3.4oz,Lattafa,127,Disponible,https://cdn.shopify.com/s/files/1/0936/6713/1667/files/al-nashama-eau-parfum-34oz-7193686.webp
Al Noble Ameer For Unisex,Lattafa,97.25,Disponible,https://cdn.shopify.com/s/files/1/0936/6713/1667/files/al-noble-ameer-for-unisex-6067003.jpg
Al Noble Wazeer Lattafa for women and men,Lattafa,100.75,Disponible,https://cdn.shopify.com/s/files/1/0936/6713/1667/files/al-noble-wazeer-lattafa-for-women-and-men-3826712.jpg
Al Qiaam Gold 3-Piece Perfume Gift Set By Lattafa Pride (Gift Set),Lattafa,144.325,Disponible,https://cdn.shopify.com/s/files/1/0936/6713/1667/files/4_c3d19bce-8933-40a6-9997-ae4fec0f9c5b_webp.jpg
Ameer Al Oudh Intense Oud Eau de Parfum Spray 100ml (3.4 oz) by Lattafa,Lattafa,97.25,Disponible,https://cdn.shopify.com/s/files/1/0936/6713/1667/files/AmeerAlOudhIntenseOudByLattafaEauDeParfumSpray3_4Oz_54df8eec-df90-4b68-ac6d-3ad35217c9be_jpg.webp
Ansaam Gold 3.4oz,Lattafa,114.75,Disponible,https://cdn.shopify.com/s/files/1/0936/6713/1667/files/ansaam-gold-34oz-2795841.webp
Ansaam Silver 3.4oz,Lattafa,115.625,Disponible,https://cdn.shopify.com/s/files/1/0936/6713/1667/files/ansaam-silver-34oz-4475897_a1a9fb2e-f88c-4593-b839-930b9ba9d628.webp
Art of Nature II Lattafa,Lattafa,142.75,Disponible,https://cdn.shopify.com/s/files/1/0936/6713/1667/files/art-of-nature-ii-lattafa-8685098.jpg
Art of Universe Lattafa Prime,Lattafa,156.75,Agotado,https://cdn.shopify.com/s/files/1/0936/6713/1667/files/art-of-universe-lattafa-prime-9180901.jpg
Artisan Ethnique Lattafa Perfumes,Lattafa,114.75,Disponible,https://cdn.shopify.com/s/files/1/0936/6713/1667/files/artisan-ethnique-lattafa-perfumes-1859659.jpg
Atheeri Lattafa Perfumes for women,Lattafa,153.25,Disponible,https://cdn.shopify.com/s/files/1/0936/6713/1667/files/atheeri-lattafa-perfumes-for-women-6685911.jpg
Atlas Lattafa 55 ML,Lattafa,121.575,Disponible,https://cdn.shopify.com/s/files/1/0936/6713/1667/files/atlas-lattafa-34oz-2001777.jpg
Attar Abraaj Lattafa Perfumes for women and men,Lattafa,97.25,Disponible,https://cdn.shopify.com/s/files/1/0936/6713/1667/files/img_4886.jpg
Attar Amoura Lattafa Perfumes for Men and Women,Lattafa,97.25,Disponible,https://cdn.shopify.com/s/files/1/0936/6713/1667/files/img_5138.jpg
Awaan,Lattafa,127,Disponible,https://cdn.shopify.com/s/files/1/0936/6713/1667/files/awaan-6073794.jpg
Bade'e Al Oud 3Pcs Gift Set by Lattafa for Men,Lattafa,141,Disponible,https://cdn.shopify.com/s/files/1/0936/6713/1667/files/badee-al-oud-3pcs-gift-set-by-lattafa-for-men-5066702.jpg
Bayaan,Lattafa,102.5,Agotado,https://cdn.shopify.com/s/files/1/0936/6713/1667/files/bayaan-8682749.jpg
Blue Oud,Lattafa,74.5,Agotado,https://cdn.shopify.com/s/files/1/0936/6713/1667/files/blue-oud-7268432.webp
Blue Sapphire,Lattafa,116.5,Disponible,https://cdn.shopify.com/s/files/1/0936/6713/1667/files/blue-sapphire-6726437.jpg
Chants All Over Body Spray by Lattafa for Women 5oz 150ML,Lattafa,81.5,Agotado,https://cdn.shopify.com/s/files/1/0936/6713/1667/files/shopping-19.jpg
DECADENT DELIGHTS CHOCO PISTA MACARON WOMEN EDP - 50ML 1.7OZ BY LATTAFA,Lattafa,87.625,Disponible,https://cdn.shopify.com/s/files/1/0936/6713/1667/files/44812351-8E1A-40B3-9A3E-4F479ED05A55_jpg.webp
DECADENT DELIGHTS PASSION FRUIT MACARON WOMEN EDP - 50ML 1.7OZ BY LATTAFA,Lattafa,87.625,Disponible,https://cdn.shopify.com/s/files/1/0936/6713/1667/files/4336544C-8F49-4BDD-B86D-7411065A03FE_jpg.webp
DECADENT DELIGHTS RASPBERRY MACARON WOMEN EDP - 50ML 1.7OZ BY LATTAFA,Lattafa,87.625,Disponible,https://cdn.shopify.com/s/files/1/0936/6713/1667/files/60CDB2E1-0DBD-4D19-B3DC-3A9B29006A47_jpg.webp
DECADENT DELIGHTS SALTED CARAMEL MACARON WOMEN EDP - 50ML 1.7OZ BY LATTAFA,Lattafa,87.625,Disponible,https://cdn.shopify.com/s/files/1/0936/6713/1667/files/52D06E77-2D35-4689-B00F-6755F46FCDFE_jpg.webp
DELIGHTS ROSE PETAL MACARON WOMEN EDP - 50ML 1.7OZ BY LATTAFA,Lattafa,87.625,Disponible,https://cdn.shopify.com/s/files/1/0936/6713/1667/files/CCA117E6-054E-41A6-BA12-CB40D8A14A10_jpg.webp
Ejaazi Lattafa Perfumes for women and men,Lattafa,83.25,Disponible,https://cdn.shopify.com/s/files/1/0936/6713/1667/files/ejaazi-lattafa-perfumes-for-women-and-men-2247221.jpg
Emaan,Lattafa,113,Disponible,https://cdn.shopify.com/s/files/1/0936/6713/1667/files/emaan-1124426_ec9acc50-45d1-4d2b-a34e-59898cb1a211.webp
Emeer,Lattafa,139.25,Disponible,https://cdn.shopify.com/s/files/1/0936/6713/1667/files/emeer-5895949.jpg
Gharam,Lattafa,151.5,Disponible,https://cdn.shopify.com/s/files/1/0936/6713/1667/files/gharam-2317262.webp
Gift Set Fakhar Rose by Lattafa,Lattafa,137.5,Agotado,https://cdn.shopify.com/s/files/1/0936/6713/1667/files/gift-set-fakhar-rose-by-lattafa-5337543_f247c857-79ff-447b-b080-72ace1567952.jpg
Gift Set Sublime by Lattafa,Lattafa,139.25,Agotado,https://cdn.shopify.com/s/files/1/0936/6713/1667/files/gift-set-sublime-by-lattafa-4790779.jpg
Giftset Art Of Universe -3pc,Lattafa,168.825,Agotado,https://cdn.shopify.com/s/files/1/0936/6713/1667/files/Art-of-Universe-Giftset-3pcs-copy-scaled_jpg.webp
Happy Time LATTAFA PRIDE KIDS EAU DE PARFUM – LATTAFA 75ml,Lattafa,70.825,Disponible,https://cdn.shopify.com/s/files/1/0936/6713/1667/files/IMG_4535.jpg
Hayaati Set 3pcs Lattafa,Lattafa,155,Disponible,https://cdn.shopify.com/s/files/1/0936/6713/1667/files/hayaati-set-3pcs-lattafa-4692383.jpg
Her Confession Lattafa Perfumes,Lattafa,146.25,Disponible,https://cdn.shopify.com/s/files/1/0936/6713/1667/files/her-confession-lattafa-perfumes-7355683.jpg
His Confession Lattafa Perfumes For Men,Lattafa,140.125,Agotado,https://cdn.shopify.com/s/files/1/0936/6713/1667/files/his-confession-lattafa-perfumes-for-men-3057996.jpg
Ishq Al Shuyukh Gold,Lattafa,111.25,Disponible,https://cdn.shopify.com/s/files/1/0936/6713/1667/files/ishq-al-shuyukh-gold-6142614_ca457ef1-850b-4c3f-b545-b5b6d997f1cc.webp
Ishq Al Shuyukh Silver,Lattafa,111.25,Disponible,https://cdn.shopify.com/s/files/1/0936/6713/1667/files/ishq-al-shuyukh-silver-2430899.webp
Ishq Al Shuyukh Silver 3-Piece Perfume Gift Set By Lattafa Pride (Gift Set),Lattafa,144.325,Disponible,https://cdn.shopify.com/s/files/1/0936/6713/1667/files/2_6b18ffbd-afb8-481b-bd10-bba1de7e9a81_webp.jpg
Jasoor Lattafa Perfumes for Men and Women,Lattafa,116.325,Disponible,https://cdn.shopify.com/s/files/1/0936/6713/1667/files/jasoor-lattafa-perfumes-for-men-and-women-6135563.jpg
Khamrah Deodorant Spray 200ml (6.7 oz) by Lattafa (UNIT X 1),Lattafa,48.95,Agotado,https://cdn.shopify.com/s/files/1/0936/6713/1667/files/Untitleddesign-2024-04-16T115826.364_1.webp
KHAMRAH Lattafa Air Freshener 300ml (6 UNITS),Lattafa,108.625,Disponible,https://cdn.shopify.com/s/files/1/0936/6713/1667/files/khamrah-lattafa-air-freshener-300ml-3216278.jpg
Kids Sing - Lattafa Pride,Lattafa,70.825,Disponible,https://cdn.shopify.com/s/files/1/0936/6713/1667/files/sing-lattafa-pride-5274657.jpg
La African Drummer 3.4oz,Lattafa,127,Disponible,https://cdn.shopify.com/s/files/1/0936/6713/1667/files/la-african-drummer-34oz-2347732.jpg
La Collection D Antiquites 1886 Lattafa Perfumes for women and men,Lattafa,137.5,Disponible,https://cdn.shopify.com/s/files/1/0936/6713/1667/files/IMG_1148.jpg
Lahdath,Lattafa,116.5,Disponible,https://cdn.shopify.com/s/files/1/0936/6713/1667/files/lahdath-6599153_0bbbe6f2-f94f-4f31-ab5d-92cf644b4cef.webp
Lail Maleki Lattafa Perfumes for women and men,Lattafa,83.25,Disponible,https://cdn.shopify.com/s/files/1/0936/6713/1667/files/lail-maleki-lattafa-perfumes-for-women-and-men-9983914.jpg
Lail Maleki Moroccan Blue Eau De Parfum Spray 100ML (3.4 OZ) De Lattafa,Lattafa,90.25,Disponible,https://cdn.shopify.com/s/files/1/0936/6713/1667/files/lail-maleki-moroccan-blue-eau-de-parfum-spray-100ml-34-oz-de-lattafa-4181121.jpg
Fragancias unisex Musk Salama EDP Spray 3.4 oz,Lattafa,95.5,Disponible,https://cdn.shopify.com/s/files/1/0936/6713/1667/files/FullSizeRender_7c6e0cf3-0697-4d0c-9073-8dbe3cd768f7.jpg
LATTAFA ASAD GIFT SET 3 PCS,Lattafa,134,Disponible,https://cdn.shopify.com/s/files/1/0936/6713/1667/files/61qffTrD-DL._SL1280.jpg
LATTAFA Unisex Mohra EDP Spray 3.4 oz,Lattafa,93.75,Disponible,https://cdn.shopify.com/s/files/1/0936/6713/1667/files/lattafa-unisex-mohra-edp-spray-34-oz-fragrances-6291108735589.jpg
Lattafa - Khamrah Air Freshener 300ML (12 UNITS),Lattafa,177.75,Disponible,https://cdn.shopify.com/s/files/1/0936/6713/1667/files/per-7942-lattafa-9227134.webp
Lattafa - Khamrah Air Freshener 300ML (UNIT X 1),Lattafa,53.465,Disponible,https://cdn.shopify.com/s/files/1/0936/6713/1667/files/per-7942-lattafa-9227134_1.webp
LATTAFA - VURV Grace Di Profondo Vurv Edp 100ML Unisex,Lattafa,83.25,Disponible,https://cdn.shopify.com/s/files/1/0936/6713/1667/files/610-3.webp
Lattafa - Yara Air Freshener 300ML ( 12 UNITS),Lattafa,177.75,Disponible,https://cdn.shopify.com/s/files/1/0936/6713/1667/files/yar-air-lattafa-7570029.webp
Lattafa - Yara Air Freshener 300ML (UNIT X 1),Lattafa,53.465,Disponible,https://cdn.shopify.com/s/files/1/0936/6713/1667/files/yar-air-lattafa-6243529.webp
Lattafa Afeef Eau de Parfum for Everyone,Lattafa,150.625,Agotado,https://cdn.shopify.com/s/files/1/0936/6713/1667/files/Afeef-2_png.webp
LATTAFA AL NOBLE SAFEER 100ml,Lattafa,99,Disponible,https://cdn.shopify.com/s/files/1/0936/6713/1667/files/lattafa-al-noble-safeer-100ml-7076320_7bf62d7b-905a-40a7-a9d5-f550844cfe27.jpg
Lattafa Asad Collection 4x25ml,Lattafa,156.75,Agotado,https://cdn.shopify.com/s/files/1/0936/6713/1667/files/IMG-7082_png_e74c6438-e612-49b1-991b-63acc8468283.webp
Lattafa Bade'e Al Oud Noble Blush Eau de Parfum for Everyone,Lattafa,105.825,Disponible,https://cdn.shopify.com/s/files/1/0936/6713/1667/files/lattafabadeealoudnobleblush_2000x_c53cb9fe-b3a7-4e57-8cb0-f36d0b738816.webp
Lattafa Badee Al Oud Collection 5 x 5ml EDP Spray,Lattafa,123.325,Disponible,https://cdn.shopify.com/s/files/1/0936/6713/1667/files/lattafa-badee-al-oud-collection-5-x-5ml-edp-spray-1611609.jpg
Lattafa Badee Al Oud Sublime 3-Piece Gift Set,Lattafa,141,Disponible,https://cdn.shopify.com/s/files/1/0936/6713/1667/files/descarga_22.jpg
Lattafa Dalal Eau de Parfum,Lattafa,128.75,Agotado,https://cdn.shopify.com/s/files/1/0936/6713/1667/files/LattafaDalalEDP100mlSprayBoxBottle_png.webp
LATTAFA ECLAIRE GIFT SET,Lattafa,133.965,Disponible,https://cdn.shopify.com/s/files/1/0936/6713/1667/files/BotoxBarb_2_webp.jpg
Lattafa Fire On Ice Eau De Parfum 100 ml,Lattafa,125.25,Disponible,https://cdn.shopify.com/s/files/1/0936/6713/1667/files/02a20ced-8123-4d4f-8579-d17085978e17.jpg
Lattafa Habik for Men Eau De Parfum 100 ml,Lattafa,111.25,Disponible,https://cdn.shopify.com/s/files/1/0936/6713/1667/files/IMG_5219_73b582fc-94c5-42d5-80ed-3b7fa3977a6b.jpg
Lattafa Habik for Women Eau De Parfum 100 ml,Lattafa,111.25,Agotado,https://cdn.shopify.com/s/files/1/0936/6713/1667/files/lattafa-habik-for-women-eau-de-parfum-100-ml-4497056.jpg
Lattafa Khamrah Edp 100 Ml + Deo Spray 200 Ml Set 2 Pcs,Lattafa,128.75,Disponible,https://cdn.shopify.com/s/files/1/0936/6713/1667/files/D_NQ_NP_2X_923670-MLA84300677976_052025-F.webp
Lattafa King of Arabia,Lattafa,160.25,Disponible,https://cdn.shopify.com/s/files/1/0936/6713/1667/files/WhatsAppImage2025-08-02at20.40.01.jpg
Lattafa Lattafa Set Mayar EDP 100 ml + Deo 200 ml,Lattafa,128.75,Disponible,https://cdn.shopify.com/s/files/1/0936/6713/1667/files/original_459077b0-6a91-4e82-b728-687b7734fc52.webp
Lattafa Layaan Eau De Parfum,Lattafa,128.75,Disponible,https://cdn.shopify.com/s/files/1/0936/6713/1667/files/1_56ca40c3-8a27-4c18-93a1-3e43627efcc9_png.webp
Lattafa Mashmoon pure concentrated oil 0.68 oz,Lattafa,92,Disponible,https://cdn.shopify.com/s/files/1/0936/6713/1667/files/img_5135.jpg
Lattafa Mayar Cherry Intense Eau de Parfum for Everyone,Lattafa,118.25,Disponible,https://cdn.shopify.com/s/files/1/0936/6713/1667/files/lattafa-mayar-cherry-intense-eau-de-parfum-for-everyone-2442802.jpg
LATTAFA Mohra Silky Rose 100 ML,Lattafa,93.75,Disponible,https://cdn.shopify.com/s/files/1/0936/6713/1667/files/lattafa-mohra-silky-rose-edp-feminine-floral-vanilla-perfume_jpg_44000313-1fe7-4c19-aa5c-85b062cc4507_jpg.webp
LATTAFA Musk Mood 3.4oz,Lattafa,88.5,Agotado,https://cdn.shopify.com/s/files/1/0936/6713/1667/files/musk-mood-34oz-1739903.webp
Lattafa Nasmaat EAU DE PARFUM 100 ML,Lattafa,107.75,Disponible,https://cdn.shopify.com/s/files/1/0936/6713/1667/files/Nasmaat_png.webp
Lattafa Noble Blush Gift Set,Lattafa,127,Agotado,https://cdn.shopify.com/s/files/1/0936/6713/1667/files/shopping-22.jpg
"Lattafa Perfumes Maharjan Gold para Eau de Parfum en espray unisex, 3.4 onzas",Lattafa,116.5,Disponible,https://cdn.shopify.com/s/files/1/0936/6713/1667/files/IMG_4259.jpg
Lattafa Pride 5X20ml Giftset (AFFECTION),Lattafa,128.75,Disponible,https://cdn.shopify.com/s/files/1/0936/6713/1667/files/0D0BD656-A251-4E5F-BC04-B88B66F0C654_870x1131_webp.jpg
Lattafa Pride 5X20ml Giftset (ART ARABIA III),Lattafa,128.75,Disponible,https://cdn.shopify.com/s/files/1/0936/6713/1667/files/BE38C415-EC1B-4ECF-B9F7-60972051B536_870x1131.jpg-2.webp
Lattafa Pride 5X20ml Giftset (ARTISAN),Lattafa,128.75,Disponible,https://cdn.shopify.com/s/files/1/0936/6713/1667/files/3C377D28-088E-4D6D-B18E-2761A2262DAB_870x1131.webp-2.jpg
Lattafa Pride 5X20ml Giftset (MOTO),Lattafa,128.75,Disponible,https://cdn.shopify.com/s/files/1/0936/6713/1667/files/0B3BD240-4937-4ADA-9786-04A81D571FE1_870x1131.jpg-2.webp
Lattafa Pride 5X20ml Giftset (NEBRAS),Lattafa,135.75,Disponible,https://cdn.shopify.com/s/files/1/0936/6713/1667/files/Lattafa_Pride_Gift_Set_5x20ml_4_png.webp
Lattafa Pride Affection Eau de Parfum,Lattafa,109.5,Disponible,https://cdn.shopify.com/s/files/1/0936/6713/1667/files/lattafa-pride-affection-eau-de-parfum-1968805.jpg
Lattafa Pride Happy Brush for Kids Eau de Parfum,Lattafa,70.825,Disponible,https://cdn.shopify.com/s/files/1/0936/6713/1667/files/lattafa-pride-happy-brush-for-kids-eau-de-parfum-8738519_b9b70564-8dd0-468a-b1fa-564445dc2758.jpg
Lattafa Pride Riders for Kids Eau de Parfum,Lattafa,70.825,Disponible,https://cdn.shopify.com/s/files/1/0936/6713/1667/files/lattafa-pride-riders-for-kids-eau-de-parfum-1870516.jpg
Lattafa Pride Stop Wait Go for Kids Eau de Parfum,Lattafa,70.825,Agotado,https://cdn.shopify.com/s/files/1/0936/6713/1667/files/lattafa-pride-stop-wait-go-for-kids-eau-de-parfum-8366144.jpg
Lattafa Pure Crystal,Lattafa,160.25,Disponible,https://cdn.shopify.com/s/files/1/0936/6713/1667/files/PureCrystal_png.webp
Lattafa Queen of Arabia,Lattafa,160.25,Disponible,https://cdn.shopify.com/s/files/1/0936/6713/1667/files/WhatsAppImage2025-08-02at23.33.39_2.jpg
Lattafa Sale Asad Bourbon 3 pcs Giftset,Lattafa,154.825,Disponible,https://cdn.shopify.com/s/files/1/0936/6713/1667/files/b61a9b1f2ec842868d998000defac637_tplv-fhlh96nyum-origin-jpeg_1_jpg.webp
Lattafa Sale Musamam White Intense 3pcs Gift Set,Lattafa,160.25,Agotado,https://cdn.shopify.com/s/files/1/0936/6713/1667/files/MusamamWhiteIntenseGifset_png.webp
Lattafa Sherif EAU DE PARFUM 100 ML,Lattafa,132.25,Disponible,https://cdn.shopify.com/s/files/1/0936/6713/1667/files/SherifLattafa1_png.webp
LATTAFA Sutoor EDP Spray 3.4 oz,Lattafa,90.25,Disponible,https://cdn.shopify.com/s/files/1/0936/6713/1667/files/lattafa-sutoor-edp-spray-34-oz-fragrances-6291108733790.jpg
Lattafa Taureau De Combat EAU DE PARFUM 100 ML,Lattafa,153.25,Disponible,https://cdn.shopify.com/s/files/1/0936/6713/1667/files/TaureauDeCombatBottle.png-2.webp
Lattafa The Kingdom Eau de Parfum,Lattafa,100.575,Disponible,https://cdn.shopify.com/s/files/1/0936/6713/1667/files/lattafa-the-kingdom-eau-de-parfum-5834564_4fc35276-5c40-49ef-bfee-f4460bb8aa04.jpg
Lattafa Unisex Khamrah Qahwa Body Spray 6.7 oz (UNIT X 1),Lattafa,48.95,Agotado,https://cdn.shopify.com/s/files/1/0936/6713/1667/files/lattafa-unisex-khamrah-qahwa-body-spray-67-oz-fragrances-6290362345480_1.jpg
Lattafa Unisex Khamrah Qahwa Body Spray 6.7 oz (UNITS X12),Lattafa,135.75,Agotado,https://cdn.shopify.com/s/files/1/0936/6713/1667/files/lattafa-unisex-khamrah-qahwa-body-spray-67-oz-fragrances-6290362345480_1_64f55f40-41f6-4ee5-bd7a-08bbae8aa7f9.jpg
LATTAFA Unisex Pride Art of Nature EDP Spray 3.4 oz,Lattafa,139.25,Disponible,https://cdn.shopify.com/s/files/1/0936/6713/1667/files/lattafa-unisex-pride-art-of-nature-edp-spray-34-oz-fragrances-6290360592008.jpg
Lattafa Victoria Eau de Parfum for Everyone,Lattafa,126.65,Disponible,https://cdn.shopify.com/s/files/1/0936/6713/1667/files/lattafa-victoria-eau-de-parfum-for-everyone-3270149_9d1f54a0-cb6b-45f1-8b08-76f0c8b300a5.jpg
Lattafa Yara body and hand lotion for women,Lattafa,109.5,Disponible,https://cdn.shopify.com/s/files/1/0936/6713/1667/files/lattafa-yara-body-and-hand-lotion-for-women-4157403.jpg
Lattafa Yara Body Oil 20 ml,Lattafa,104.25,Disponible,https://cdn.shopify.com/s/files/1/0936/6713/1667/files/40DB2FC0-11CE-45FC-96E1-D400B81AA79B_webp.jpg
Lattafa YARA Mukhammaria,Lattafa,69.25,Disponible,https://cdn.shopify.com/s/files/1/0936/6713/1667/files/lattafa-yara-mukhammaria-1330899.jpg
Liam,Lattafa,109.5,Disponible,https://cdn.shopify.com/s/files/1/0936/6713/1667/files/liam-1410241_a1a6e2fa-ab12-4f6e-a033-80803158a000.webp
Liam Blue Shine,Lattafa,102.325,Agotado,https://cdn.shopify.com/s/files/1/0936/6713/1667/files/liam-blue-shine-9640584_d632abd9-662d-4cde-8c90-3df8c24ecd9f.jpg
Maahir,Lattafa,104.25,Disponible,https://cdn.shopify.com/s/files/1/0936/6713/1667/files/maahir-8891099.jpg
Maahir Black Edition,Lattafa,104.25,Disponible,https://cdn.shopify.com/s/files/1/0936/6713/1667/files/maahir-black-edition-4067166_8061421c-60e4-4cac-bddf-050523fe37af.jpg
Maahir Honor Eau De Parfum by Lattafa,Lattafa,139.25,Agotado,https://cdn.shopify.com/s/files/1/0936/6713/1667/files/1E374BD7-25F5-47FF-A2F5-857C545D20A4_1024x1024_2x_jpg.webp
Maahir Legacy,Lattafa,116.15,Agotado,https://cdn.shopify.com/s/files/1/0936/6713/1667/files/maahir-legacy-4822890.webp
Maitha by Lattafa Purfumed Oil High Concentration Unisex Fragrance 20 ML,Lattafa,99,Disponible,https://cdn.shopify.com/s/files/1/0936/6713/1667/files/s-l1600-79_48963165-667f-47ca-83b6-b8db4472cef1.jpg
Masa,Lattafa,162,Disponible,https://cdn.shopify.com/s/files/1/0936/6713/1667/files/masa-3358866.webp
Mashrabya Lattafa Perfumes for women and men,Lattafa,97.25,Disponible,https://cdn.shopify.com/s/files/1/0936/6713/1667/files/mashrabya-lattafa-perfumes-for-women-and-men-9560609.jpg
Mayar,Lattafa,108.625,Disponible,https://cdn.shopify.com/s/files/1/0936/6713/1667/files/mayar-1462330.jpg
Mayar Natural Intense,Lattafa,83.25,Disponible,https://cdn.shopify.com/s/files/1/0936/6713/1667/files/mayar-natural-intense-9108261.webp
Mini Yara 50 ML,Lattafa,64,Disponible,https://cdn.shopify.com/s/files/1/0936/6713/1667/files/mini-yara-9606143.jpg
Musamam White Intense 3.4oz,Lattafa,137.325,Disponible,https://cdn.shopify.com/s/files/1/0936/6713/1667/files/musamam-white-intense-34oz-3755303_ee25d731-8d49-4f6a-aa88-aa1669aa78b8.jpg
Najdia Intense Lattafa Perfumes for Men,Lattafa,91.125,Agotado,https://cdn.shopify.com/s/files/1/0936/6713/1667/files/najdia-intense-lattafa-perfumes-for-men-3850741_7779609d-2e2a-4813-bcc8-f41ad7c9eaeb.jpg
Najdia LATTAFA 100 ML Eau De Parfum Arabian Perfume 100,Lattafa,86.75,Disponible,https://cdn.shopify.com/s/files/1/0936/6713/1667/files/s-l1600-60.jpg
Nebras 3-Piece Perfume Gift Set By Lattafa Pride (Gift Set),Lattafa,142.75,Disponible,https://cdn.shopify.com/s/files/1/0936/6713/1667/files/2_1b1691e1-06c0-463a-9012-5b6c7c646b47.webp-2.jpg
Opulent Musk,Lattafa,81.5,Agotado,https://cdn.shopify.com/s/files/1/0936/6713/1667/files/opulent-musk-3255976_77819953-7e2e-490c-8c0e-14513c66359f.webp
Oud Al Rumaan Wasam,Lattafa,92,Agotado,https://cdn.shopify.com/s/files/1/0936/6713/1667/files/oud-al-rumaan-wasam-4313667_0a9b6ea2-b97e-494a-bea3-5e4ede132458.webp
Peace &amp; Love,Lattafa,139.25,Disponible,https://cdn.shopify.com/s/files/1/0936/6713/1667/files/peace-amp-love-4811600.jpg
Philos Rosso by Lattafa for Women,Lattafa,81.5,Disponible,https://cdn.shopify.com/s/files/1/0936/6713/1667/files/philos-rosso-by-lattafa-for-women-9132180_0296cc13-3c04-4322-acef-67b984097604.jpg
Pisa Lattafa Perfumes for Men,Lattafa,146.25,Disponible,https://cdn.shopify.com/s/files/1/0936/6713/1667/files/pisa-lattafa-perfumes-for-men-1132410_dfe73068-714a-4995-8c12-8fadcf94fe6e.jpg
Pride Leen,Lattafa,127,Disponible,https://cdn.shopify.com/s/files/1/0936/6713/1667/files/pride-leen-4996316.webp
Qaed Al Fursan Untamed Lattafa Perfumes for women and men,Lattafa,93.75,Disponible,https://cdn.shopify.com/s/files/1/0936/6713/1667/files/img_4477-scaled.jpg
Ra'ed Silver by Lattafa perfume for unisex EDP 3.3 / 3.4 oz,Lattafa,92,Disponible,https://cdn.shopify.com/s/files/1/0936/6713/1667/files/s-l1600-84.jpg
Raw Human,Lattafa,137.5,Disponible,https://cdn.shopify.com/s/files/1/0936/6713/1667/files/raw-human-1972971_52079f29-b05f-4d5f-9bd8-6bda27bf927a.jpg
Rollon Perfume(0.34 OZ) By Ard Al Zaafaran Tavel Size Perfume Oils 10 ml,Lattafa,57,Disponible,https://cdn.shopify.com/s/files/1/0936/6713/1667/files/oil-perfume-roll-on-yara-of-10-ml-from-lattafa-4198131.jpg
Rollon Perfume(0.34 OZ) By Ard Al Zaafaran Tavel Size Perfume Oils 10 ml (PACK of 12),Lattafa,231.125,Disponible,https://cdn.shopify.com/s/files/1/0936/6713/1667/files/oil-perfume-roll-on-yara-of-10-ml-from-lattafa-4198131.jpg
Rose Petals Eau de Parfum (DESCONTINUED),Lattafa,92,Disponible,https://cdn.shopify.com/s/files/1/0936/6713/1667/files/rose-petals-9964574_6dc6d498-bfb9-4c72-a24a-352a44cfbd43.webp
Rouat Al Musk LATTAFA 100 ML,Lattafa,90.25,Disponible,https://cdn.shopify.com/s/files/1/0936/6713/1667/files/rouat-al-musk-4955811.webp
Royal Sapphire Lattafa Perfumes for women and men,Lattafa,116.5,Disponible,https://cdn.shopify.com/s/files/1/0936/6713/1667/files/royal-sapphire-lattafa-perfumes-for-women-and-men-6627886_c9d10d76-726c-4a0f-a2df-76021617752f.jpg
Set Lattafa Hombre Asad Edp 100 Ml + Deo Spray 200 Ml Set 2 Cps,Lattafa,118.25,Disponible,https://cdn.shopify.com/s/files/1/0936/6713/1667/files/ATWORK_1_png.webp
SET YARA EDP DE LATTAFA X3,Lattafa,144.5,Disponible,https://cdn.shopify.com/s/files/1/0936/6713/1667/files/set-yara-edp-de-lattafa-x3-2379679.jpg
Shahd,Lattafa,86.75,Disponible,https://cdn.shopify.com/s/files/1/0936/6713/1667/files/shahd-5878096.webp
Shaheen Gold,Lattafa,104.25,Disponible,https://cdn.shopify.com/s/files/1/0936/6713/1667/files/shaheen-gold-2496863_9564395f-cbaf-4175-9ca5-4d86cc01d384.webp
Shaheen Silver,Lattafa,104.25,Agotado,https://cdn.shopify.com/s/files/1/0936/6713/1667/files/shaheen-silver-7110210.webp
Sher EAU DE PARFUM,Lattafa,130.325,Disponible,https://cdn.shopify.com/s/files/1/0936/6713/1667/files/new-release-sher-4458739.jpg
Sondos,Lattafa,106,Agotado,https://cdn.shopify.com/s/files/1/0936/6713/1667/files/sondos-4786055.webp
Teriaq EAU DE PARFUM 100 ML,Lattafa,111.25,Disponible,https://cdn.shopify.com/s/files/1/0936/6713/1667/files/1-75.webp
Teriaq Intense Lattafa 100 ml,Lattafa,123.325,Disponible,https://cdn.shopify.com/s/files/1/0936/6713/1667/files/teriaq-intense-lattafa-1334215_ac73d48a-9fc9-496b-bed5-b75de43d559a.jpg
The Kingdom Lattafa Perfumes for men,Lattafa,111.25,Disponible,https://cdn.shopify.com/s/files/1/0936/6713/1667/files/the-kingdom-lattafa-perfumes-for-men-5572808.jpg
Thouq,Lattafa,102.5,Disponible,https://cdn.shopify.com/s/files/1/0936/6713/1667/files/thouq-7169173.jpg
Vintage Radio,Lattafa,121.75,Disponible,https://cdn.shopify.com/s/files/1/0936/6713/1667/files/vintage-radio-8242938.jpg
Winners Trophy Gold,Lattafa,116.5,Disponible,https://cdn.shopify.com/s/files/1/0936/6713/1667/files/winners-trophy-gold-5574471.webp
Winners Trophy Silver Lattafa Perfumes for women and men,Lattafa,127,Agotado,https://cdn.shopify.com/s/files/1/0936/6713/1667/files/IMG_6191.jpg
YARA 2 PIECE GIFT SET /YARA EDP-100ML & PERFUMED SPRAY 200ML/ BY LATTAFA,Lattafa,127,Disponible,https://cdn.shopify.com/s/files/1/0936/6713/1667/files/Untitleddesign-2023-02-27T153134_010_png.webp
Yara Moi,Lattafa,102.325,Disponible,https://cdn.shopify.com/s/files/1/0936/6713/1667/files/yara-moi-5145979.webp
Al Dur Al Maknoon Silver Lattafa Perfumes for women and men,Lattafa,83.25,Agotado,https://cdn.shopify.com/s/files/1/0936/6713/1667/files/dark-375x500.25890.2x.avif
Asad Deodorant Spray 200ml by Lattafa (PAQ 12 UNITS),Lattafa,136.625,Agotado,https://cdn.shopify.com/s/files/1/0936/6713/1667/files/1_1a4d1b2f-5298-4c80-8ba2-135c90c1dd3c.webp
Bade'e Al Oud Amethyst Fusion Lattafa Perfumes for women and men,Lattafa,132.25,Agotado,https://cdn.shopify.com/s/files/1/0936/6713/1667/files/images_65.jpg
Bags Lattafa,Lattafa,39.5,Agotado,https://cdn.shopify.com/s/files/1/0936/6713/1667/files/IMG-7238.png
Brioche Vanille Lattafa Perfumes for women and men 100 ml,Lattafa,113,Disponible,https://cdn.shopify.com/s/files/1/0936/6713/1667/files/dark-375x500.98238.2x.avif
Ekhtiari Lattafa Perfumes for women and men 100 ML,Lattafa,91.965,Disponible,https://cdn.shopify.com/s/files/1/0936/6713/1667/files/dark-375x500.75903.2x.avif
Lattafa Oud Mood Reminiscence EDP Spray 3.4 oz,Lattafa,83.25,Disponible,https://cdn.shopify.com/s/files/1/0936/6713/1667/files/lattafa-oud-mood-reminiscence-edp-spray-34-oz-fragrances-6291106068184_3.jpg
Lattafa Ra'ed Absolu For women and men 100 ML,Lattafa,98.825,Disponible,https://cdn.shopify.com/s/files/1/0936/6713/1667/files/WhatsAppImage2026-03-02at5.06.17PM_2_0b578a3f-06ba-4559-aa9e-a59e481b5144.webp
Lattafa Unisex Oud Mood EDP Spray 3.4 oz,Lattafa,83.25,Agotado,https://cdn.shopify.com/s/files/1/0936/6713/1667/files/lattafa-unisex-oud-mood-edp-spray-34-oz-fragrances-6291106065114_3.jpg
Lattafa Unisex Oud Mood Elixir EDP Spray 3.4 oz,Lattafa,83.25,Disponible,https://cdn.shopify.com/s/files/1/0936/6713/1667/files/lattafa-unisex-oud-mood-elixir-edp-spray-34-oz-fragrances-6291106068177_3.jpg
Lattafa Al Areeq Silver EDP 3.4 oz,Lattafa,104.25,Disponible,https://cdn.shopify.com/s/files/1/0936/6713/1667/files/lattafa-al-areeq-silver-edp-34-oz-fragrances-6291108738689.jpg
Lattafa Badee Al Oud Sublime Perfumed Deodorant Spray For Men 200 ML (PAQ 12 UNITS ),Lattafa,143.625,Agotado,https://cdn.shopify.com/s/files/1/0936/6713/1667/files/Lattafa-Badee-Al-Oud-Sublime-Perfumed-Deodorant-Spray-For-Men-6290360597973-1000x1000-1-1.jpg
Lattafa Khamrah Waha New Release 100 ML,Lattafa,165.325,Disponible,https://cdn.shopify.com/s/files/1/0936/6713/1667/files/lattafa-khamrah-waha-comprar.jpg
Lattafa Ladies Haya 3pcs EDP Gift Set,Lattafa,162,Disponible,https://cdn.shopify.com/s/files/1/0936/6713/1667/files/lattafa-ladies-haya-3pcs-edp-gift-set-fragrances-6290362349327.jpg
Lattafa Men's Maahir Legacy 3pcs EDP Gift Set,Lattafa,130.5,Disponible,https://cdn.shopify.com/s/files/1/0936/6713/1667/files/2_dfd04420-ed1c-4d22-86e6-85684bcb928d.webp
Lattafa Men's Pride Hala Silver EDP Spray 3.4 oz,Lattafa,113,Disponible,https://cdn.shopify.com/s/files/1/0936/6713/1667/files/dark-375x500.82813.2x_1.avif
Lattafa Men's Pride Pisa Gift Set 4 pcs,Lattafa,149.75,Disponible,https://cdn.shopify.com/s/files/1/0936/6713/1667/files/4_f4cf127f-f4b8-4d73-9eef-56efdc07060d.webp
Lattafa Men's Tharwah Silver EDP 3.4 oz,Lattafa,121.75,Disponible,https://cdn.shopify.com/s/files/1/0936/6713/1667/files/tharwah-plata-eau-parfum-34oz-3201533_459868da-5793-49c6-8e27-04871b17d05d.jpg
Lattafa Musamam Black Intense,Lattafa,167.25,Agotado,https://cdn.shopify.com/s/files/1/0936/6713/1667/files/LattafaMusamamBlackIntenseEDP100mlSprayBoxBottle_png.webp
Lattafa Oud Mood Gift Set Fragrances,Lattafa,116.5,Disponible,https://cdn.shopify.com/s/files/1/0936/6713/1667/files/lattafa-oud-mood-gift-set-fragrances-6290362340058.jpg
Lattafa Perfumes Ana Abiyedh for Unisex 60ml (2.0 oz),Lattafa,83.25,Disponible,https://cdn.shopify.com/s/files/1/0936/6713/1667/files/s-l1600_71.webp
Lattafa Qaed Al Fursan Perfumed Spray 200ml Unisex (PAQ 12 UNITS),Lattafa,136.625,Disponible,https://cdn.shopify.com/s/files/1/0936/6713/1667/files/s-l1600_89.webp
Lattafa Unisex Esraa Perfume Oil 0.7 oz,Lattafa,92,Disponible,https://cdn.shopify.com/s/files/1/0936/6713/1667/files/lattafa-unisex-esraa-perfume-oil-07-oz-fragrances-6290360599625.jpg
Lattafa Unisex Khamrah 3pcs EDP Gift Set,Lattafa,167.25,Disponible,https://cdn.shopify.com/s/files/1/0936/6713/1667/files/lattafa-unisex-khamrah-3pcs-edp-gift-set-fragrances-6290362349303_2.jpg
Lattafa Unisex Mishlah EDP Spray 3.4 oz,Lattafa,111.25,Disponible,https://cdn.shopify.com/s/files/1/0936/6713/1667/files/lattafa-unisex-mishlah-edp-spray-34-oz-fragrances-6290360598956.jpg
Maharjan Silver Lattafa Perfumes for women and men,Lattafa,116.5,Disponible,https://cdn.shopify.com/s/files/1/0936/6713/1667/files/61USDMmFefL._SX679.jpg
MIX PACK DESIGNER SAMPLE + BAG LATTAFA,Lattafa,123.5,Agotado,https://cdn.shopify.com/s/files/1/0936/6713/1667/files/IMG-6876_7b319028-8663-4ae3-957a-b6a56fdfd02c.png
Musk So Poudree Thameen Collection Musk Unisex EDP 100ml / by Lattafa,Lattafa,95.5,Disponible,https://cdn.shopify.com/s/files/1/0936/6713/1667/files/51RbClmmeXL._SX679.jpg
Musk Sugar Plum Lattafa Perfumes for women and men,Lattafa,95.5,Disponible,https://cdn.shopify.com/s/files/1/0936/6713/1667/files/61ZwzJYH7GL._SX679_4c434233-9415-4dd3-8298-2a4c1eaef9de.jpg
Opulent Dubai Lattafa Perfumes for women and men 100ML,Lattafa,105.125,Disponible,https://cdn.shopify.com/s/files/1/0936/6713/1667/files/lrlux-com-default-title-opulent-dubai-by-lattafa-3-4-oz-29125444436107_800x_6d3fe68f-efec-4195-b8b9-42608f95aa7f.webp
Qimmah for Men Lattafa Perfumes for men,Lattafa,102.5,Disponible,https://cdn.shopify.com/s/files/1/0936/6713/1667/files/qimmah-for-men-lattafa-perfumes-for-men-8158203.jpg
Rave Pure Desire Gold Lattafa Perfumes for women,Lattafa,81.5,Disponible,https://cdn.shopify.com/s/files/1/0936/6713/1667/files/rave-pure-desire-gold-lattafa-perfumes-for-women-1278183.jpg
Royce Bleu Perfume By Vurv Lattafa 100 ML,Lattafa,95.5,Disponible,https://cdn.shopify.com/s/files/1/0936/6713/1667/files/file_04405682-f9d6-4bb3-95bb-40508180187d.webp
Sa’ud EDP Perfume By Asdaaf Lattafa,Lattafa,106,Disponible,https://cdn.shopify.com/s/files/1/0936/6713/1667/files/shopping_33.webp
ARMAF Unisex Ego Panthera EDP Spray 3.38 oz,Armaf,116.5,Disponible,https://cdn.shopify.com/s/files/1/0936/6713/1667/files/armaf-unisex-ego-panthera-edp-spray-338-oz-fragrances-6294015181166.jpg
Armaf Club De Nuit Intense Man Extrait De PArfum 2.37FL.OZ For Men,Armaf,142.75,Agotado,https://cdn.shopify.com/s/files/1/0936/6713/1667/files/armaf-club-de-nuit-intense-man-extrait-de-parfum-237floz-for-men-8616410_59d948e0-9ea2-41e2-8463-4893ef7bb21f.jpg
ARMAF CLUB DE NUIT INTENSE MAN GIFT SET,Armaf,168.125,Disponible,https://cdn.shopify.com/s/files/1/0936/6713/1667/files/CLUBDENUITINTENSEMANGIFTSET_4b719408-1ee0-4c57-b729-bc738d1aeb9b.webp
ARMAF CLUB DE NUIT MILESTONE 4PC GIFT SET,Armaf,193.5,Disponible,https://cdn.shopify.com/s/files/1/0936/6713/1667/files/311544_png.webp
Armaf Club De Nuit Parfum MINI 10 pieces 0.17 oz each,Armaf,249.465,Disponible,https://cdn.shopify.com/s/files/1/0936/6713/1667/files/IMG_2657.jpg
ARMAF CLUB DE NUIT PRECIEUX IV,Armaf,178.625,Disponible,https://cdn.shopify.com/s/files/1/0936/6713/1667/files/483386C7-C6FA-4986-8E27-E7036225BE61_jpg.webp
"Armaf Club De Nuit Untold Gift Set EDP 105 ml, body lotion 100 ml, deostick 75 g - 105 ml",Armaf,198.75,Disponible,https://cdn.shopify.com/s/files/1/0936/6713/1667/files/armaf-club-de-nuit-untold-gift-set-edp-105-ml-body-lotion-100-ml-deostick-75-g-105-ml-6768957.jpg
ARMAF CLUB DE NUIT URBAN MAN ELIXIR 4 PCS GIFT SET,Armaf,172.5,Disponible,https://cdn.shopify.com/s/files/1/0936/6713/1667/files/CLUBDENUITURBANMANELIXIR_png.webp
Armaf Club De Nuit Women Extrait De Parfum 2.3FL.Oz para mujer,Armaf,142.75,Disponible,https://cdn.shopify.com/s/files/1/0936/6713/1667/files/armaf-club-de-nuit-women-extrait-de-parfum-23floz-para-mujer-9687251_df00203b-4da6-4bdb-bbba-cabb9fe5fa13.jpg
Armaf Dubai Nights Midnight Eau de Parfum,Armaf,144.325,Disponible,https://cdn.shopify.com/s/files/1/0936/6713/1667/files/e876d921-187a-4952-aab4-0aea4f9996aa_93744736e31d5e938f233d7edb620344_jpeg.webp
ARMAF EMOTIONS 7 PC WITH HEART,Armaf,207.5,Disponible,https://cdn.shopify.com/s/files/1/0936/6713/1667/files/NewProject-2025-01-06T114339.350_900x_b671b5f3-bb48-4622-a5b6-b1b5b50567bb.webp
Armaf Eter Desert Breeze 3.4oz,Armaf,146.25,Agotado,https://cdn.shopify.com/s/files/1/0936/6713/1667/files/armaf-eter-desert-breeze-34oz-8127781.jpg
Armaf Eter Desert Flower 3.4oz,Armaf,146.25,Agotado,https://cdn.shopify.com/s/files/1/0936/6713/1667/files/armaf-eter-desert-flower-34oz-4095504_46e4c7da-b983-4cfc-860c-707f2098c5a7.jpg
Armaf Eter Desert Rose Armaf 3.4oz,Armaf,146.25,Agotado,https://cdn.shopify.com/s/files/1/0936/6713/1667/files/armaf-eter-desert-rose-armaf-34oz-3294071_efe36151-0d14-48ca-8f85-0b3ef54c5987.jpg
Armaf Eter Desert Star by Armaf 3.4oz,Armaf,146.25,Agotado,https://cdn.shopify.com/s/files/1/0936/6713/1667/files/armaf-eter-desert-star-by-armaf-34oz-7449148.jpg
Armaf Eter Magical Oud 3.4oz,Armaf,146.25,Agotado,https://cdn.shopify.com/s/files/1/0936/6713/1667/files/armaf-eter-magical-oud-34oz-5617852.jpg
Armaf Eter Perfume Oasis 3.4oz,Armaf,146.25,Agotado,https://cdn.shopify.com/s/files/1/0936/6713/1667/files/armaf-eter-perfume-oasis-34oz-4610808_ed72bf31-1583-42b9-b1b4-55bd9b7f18ad.jpg
ARMAF INFINITY GOLD 3.6 OZ EAU DE PARFUM FOR MEN,Armaf,160.25,Disponible,https://cdn.shopify.com/s/files/1/0936/6713/1667/files/armaf-infinity-gold-36-oz-eau-de-parfum-for-men-3638292.jpg
ARMAF INFINITY SILVER 3.6OZ EAU DE PARFUM FOR MEN,Armaf,160.25,Disponible,https://cdn.shopify.com/s/files/1/0936/6713/1667/files/armaf-infinity-silver-36oz-eau-de-parfum-for-men-6703707.jpg
ARMAF ISLAND BREEZE,Armaf,168.825,Disponible,https://cdn.shopify.com/s/files/1/0936/6713/1667/files/Untitleddesign-2025-09-25T015557_965_png.webp
Armaf Ladies Checkmate Knight White EDP Spray 3.4 oz,Armaf,144.465,Disponible,https://cdn.shopify.com/s/files/1/0936/6713/1667/files/armaf-ladies-checkmate-knight-white-edp-spray-34-oz-fragrances-6294015188226.jpg
Armaf Ladies Mini Set Gift Set,Armaf,184.75,Disponible,https://cdn.shopify.com/s/files/1/0936/6713/1667/files/armaf-ladies-mini-set-gift-set-fragrances-6294015197938.jpg
ARMAF LET'S MOVE SALSA,Armaf,132.25,Agotado,https://cdn.shopify.com/s/files/1/0936/6713/1667/files/LET_SMOVESALSA.webp
ARMAF LIONHEART EDP SPRAY 3.4 OZ FOR MEN,Armaf,156.75,Disponible,https://cdn.shopify.com/s/files/1/0936/6713/1667/files/armaf-lionheart-edp-spray-34-oz-for-men-6996418.jpg
ARMAF LIONHEART EDP SPRAY 3.4 OZ FOR WOMEN,Armaf,156.75,Disponible,https://cdn.shopify.com/s/files/1/0936/6713/1667/files/armaf-lionheart-edp-spray-34-oz-for-women-4585626_c68f41a3-a795-41d7-9e2d-3fb7a3d65448.jpg
Armaf Magnificent Jardin Eau De Parfum Para Mujer 3.4 Oz,Armaf,153.25,Disponible,https://cdn.shopify.com/s/files/1/0936/6713/1667/files/armaf-magnificent-jardin-eau-de-parfum-para-mujer-34-oz-2252089_cd0859f5-dcdb-4d0b-ae65-bab06a7bc8de.jpg
Armaf Magnificent Satin Eau De Parfum Spray For Unisex 3.4 Oz,Armaf,153.25,Disponible,https://cdn.shopify.com/s/files/1/0936/6713/1667/files/armaf-magnificent-satin-eau-de-parfum-spray-for-unisex-34-oz-3381656_3f8328c1-3c47-4fc0-87e3-caa9f5cbacac.jpg
Armaf Men's Checkmate Knight Black EDP Spray 3.4 oz,Armaf,144.465,Disponible,https://cdn.shopify.com/s/files/1/0936/6713/1667/files/armaf-mens-checkmate-knight-black-edp-spray-34-oz-black-fragrances-6294015188165.jpg
ARMAF ODYSSEY AQUA GIFT SET,Armaf,170.75,Disponible,https://cdn.shopify.com/s/files/1/0936/6713/1667/files/ODYSSEYAQUAGIFTSET.webp
ARMAF ODYSSEY CANDEE 3.4 EDP,Armaf,102.325,Disponible,https://cdn.shopify.com/s/files/1/0936/6713/1667/files/armaf-odyssey-candee-34-edp-9395292.jpg
ARMAF ODYSSEY DISCOVERY SET,Armaf,171.625,Agotado,https://cdn.shopify.com/s/files/1/0936/6713/1667/files/ODYSSEYDISCOVERYSET2.webp
Armaf Odyssey EDP Spray Men 3.4o,Armaf,109.325,Disponible,https://cdn.shopify.com/s/files/1/0936/6713/1667/files/armaf-odyssey-edp-spray-men-34o-7891090.jpg
ARMAF ODYSSEY GO MANGO,Armaf,129.625,Disponible,https://cdn.shopify.com/s/files/1/0936/6713/1667/files/GS-Odyssey_Limoni_PhotoGrid_png_Displaying_GS-Odyssey_Limoni_PhotoGrid_png__8_png.webp
Armaf Odyssey Homme White Edition 3.4oz,Armaf,105.965,Disponible,https://cdn.shopify.com/s/files/1/0936/6713/1667/files/armaf-odyssey-homme-white-edition-34oz-8429555.jpg
ARMAF ODYSSEY HOMME WHITE EDITION 4 PCS GIFT SET,Armaf,161.825,Disponible,https://cdn.shopify.com/s/files/1/0936/6713/1667/files/ODYSSEYHOMMEWHITEEDITIONGIFTSET_8ef89097-c346-4985-b296-d00ff80ffaba_png.webp
ARMAF ODYSSEY LIMONI U EDP 3.4OZ,Armaf,109.325,Disponible,https://cdn.shopify.com/s/files/1/0936/6713/1667/files/armaf-odyssey-limoni-u-edp-34oz-6810444.jpg
ARMAF ODYSSEY MANDARIN SKY ELIXIR GIFT,Armaf,177.75,Disponible,https://cdn.shopify.com/s/files/1/0936/6713/1667/files/GS-OdysseyLimoni_PhotoGrid_pngDisplayingGS-OdysseyLimoni_PhotoGrid_png__2_png.webp
ARMAF ODYSSEY MANDARIN SKY VINTAGE EDITION NEW,Armaf,144.465,Disponible,https://cdn.shopify.com/s/files/1/0936/6713/1667/files/ODYSSEYMANDARINSKYVINTAGEEDITION2_png.webp
Armaf Odyssey MEGA 3.4oz,Armaf,107.575,Disponible,https://cdn.shopify.com/s/files/1/0936/6713/1667/files/armaf-odyssey-mega-34oz-2806352.jpg
ARMAF ODYSSEY SPECTRA BLUE EDITION,Armaf,193.5,Disponible,https://cdn.shopify.com/s/files/1/0936/6713/1667/files/GS-OdysseyLimoni_PhotoGrid_pngDisplayingGS-OdysseyLimoni_PhotoGrid_png__11_png.webp
"ARMAF ODYSSEY SPECTRA U EAU DE PARFUM 3,4 OZ",Armaf,105.825,Disponible,https://cdn.shopify.com/s/files/1/0936/6713/1667/files/armaf-odyssey-spectra-u-eau-de-parfum-34-oz-3430824.jpg
Armaf Odyssey Toffee Coffee Cafe Edition Eau De Parfum 3.4oz,Armaf,140.825,Disponible,https://cdn.shopify.com/s/files/1/0936/6713/1667/files/fit.138871.jpg
ARMAF ODYSSEY TYRANT GIFT SET,Armaf,170.75,Disponible,https://cdn.shopify.com/s/files/1/0936/6713/1667/files/ODYSSEYTYRANTGIFTSET_png.webp
ARMAF OLD MONEY,Armaf,146.25,Agotado,https://cdn.shopify.com/s/files/1/0936/6713/1667/files/imageOls_900x_cfdef18c-ddf2-4292-ae5a-9d5ad21263b9.webp
ARMAF SEHR ALEUYUN SAWDAA (COMIN...),Armaf,39.5,Agotado,https://cdn.shopify.com/s/files/1/0936/6713/1667/files/Untitleddesign-2025-09-17T194956_801_png.webp
Armaf Tag Her Donna Colorata 100 ml Edp,Armaf,107.75,Disponible,https://cdn.shopify.com/s/files/1/0936/6713/1667/files/IMG_6199_41c2da26-c6b2-4f32-89e5-34cbeec95e23.jpg
ARMAF TAG UOMO ROSSO GIFT SET,Armaf,160.25,Disponible,https://cdn.shopify.com/s/files/1/0936/6713/1667/files/TAGHIMUOMOROSSO_png.webp
Armaf Top Gun Red Heat Homme 100ml,Armaf,127,Disponible,https://cdn.shopify.com/s/files/1/0936/6713/1667/files/armaf-top-gun-red-heat-homme-100ml-2507981.jpg
Armaf Tres Nuit EDP 3.4 oz 100 ml Men,Armaf,98.125,Disponible,https://cdn.shopify.com/s/files/1/0936/6713/1667/files/IMG_1502.jpg
ARMAF USA LET'S MOVE TANGO,Armaf,132.25,Agotado,https://cdn.shopify.com/s/files/1/0936/6713/1667/files/mango123.webp
ARMAF VOYAGE DISCOVERY SET 4 X 15ML / 0.5 FL OZ EAU DE PARFUM,Armaf,151.5,Disponible,https://cdn.shopify.com/s/files/1/0936/6713/1667/files/armaf-voyage-discovery-set-4-x-15ml-05-fl-oz-eau-de-parfum-3655193.jpg
ARMAF YUM YUM GIFT SET,Armaf,178.625,Disponible,https://cdn.shopify.com/s/files/1/0936/6713/1667/files/GS-OdysseyLimoni_PhotoGrid_pngDisplayingGS-OdysseyLimoni_PhotoGrid_png__3_png.webp
Art d'Amour 3.4oz,Armaf,123.5,Disponible,https://cdn.shopify.com/s/files/1/0936/6713/1667/files/art-damour-34oz-3745772.jpg
Asad 3.4oz,Lattafa,102.325,Disponible,https://cdn.shopify.com/s/files/1/0936/6713/1667/files/asad-34oz-2585401.jpg
Beach Party Armaf for women and men,Armaf,140.825,Disponible,https://cdn.shopify.com/s/files/1/0936/6713/1667/files/beach-party-armaf-for-women-and-men-8703649.jpg
Bucephalus No.Xll by Armaf Niche 3.4oz Eau de Parfum,Armaf,137.5,Agotado,https://cdn.shopify.com/s/files/1/0936/6713/1667/files/bucephalus-noxll-by-armaf-niche-34oz-eau-de-parfum-4401661.jpg
Caballo Armaf,Armaf,127,Disponible,https://cdn.shopify.com/s/files/1/0936/6713/1667/files/caballo-1582419.jpg
Club De Nuit By Armaf 4pc Gift Set For Women,Armaf,157.625,Disponible,https://cdn.shopify.com/s/files/1/0936/6713/1667/files/club-de-nuit-by-armaf-4pc-gift-set-for-women-2818415.jpg
Club De Nuit CDN Iconic (Extrait De Parfum)By Armaf 2.7oz / 70ml,Armaf,160.25,Disponible,https://cdn.shopify.com/s/files/1/0936/6713/1667/files/FullSizeRender_b63135ef-a208-4267-9607-d499c841a485_jpg.webp
Club De Nuit Iconic Gift Set 3 Pcs By Armaf 3.4 Oz PARFUM a Collector Pride,Armaf,184.75,Disponible,https://cdn.shopify.com/s/files/1/0936/6713/1667/files/club-de-nuit-iconic-gift-set-3-pcs-by-armaf-34-oz-edp-7518180.jpg
Club De Nuit Intense Overdose Armaf for Men (Extrait de Parfum) 3.6 Oz,ARMAF,179.325,Disponible,https://cdn.shopify.com/s/files/1/0936/6713/1667/files/CDN-Overdose-john-Abraham-Edition-group.webp
CLUB DE NUIT INTESE MEN UAE NATIONAL DAY - 105 ML (3.5oz) BY ARMAF,Armaf,136.45,Agotado,https://cdn.shopify.com/s/files/1/0936/6713/1667/files/IMG_6172.jpg
Club de Nuit Man By Armaf Eau De Toilette 3.6 oz Men,Armaf,120,Agotado,https://cdn.shopify.com/s/files/1/0936/6713/1667/files/Club-de-Nuit-Man-by-Armaf-Eau-de-Parfum_1_1300x_jpg.webp
Club de Nuit Precieux Armaf EAU DE PARFUM 1.85 OZ,Armaf,175.125,Disponible,https://cdn.shopify.com/s/files/1/0936/6713/1667/files/club-de-nuit-precieux-armaf-4690190.jpg
Club de Nuit Private Key To My Dream by Armaf,Armaf,176,Disponible,https://cdn.shopify.com/s/files/1/0936/6713/1667/files/club-de-nuit-private-key-to-my-dream-by-armaf-2701480.jpg
Club de Nuit Private Key To My Love by Armaf,Armaf,176,Disponible,https://cdn.shopify.com/s/files/1/0936/6713/1667/files/club-de-nuit-private-key-to-my-love-by-armaf-2686418.jpg
Club de Nuit Set 30 ml ARMAF,Armaf,223.25,Disponible,https://cdn.shopify.com/s/files/1/0936/6713/1667/files/club-de-nuit-set-30-ml-armaf-9820215.jpg
Club de Nuit Untold,ARMAF,149.75,Disponible,https://cdn.shopify.com/s/files/1/0936/6713/1667/files/club-de-nuit-untold-8774768_3a9803b5-2f47-4f89-83b5-3aceedfece5d.webp
Club De Nuit Untold Gift Set 3 Pcs By Armaf 3.4 Oz EDP,Armaf,188.25,Agotado,https://cdn.shopify.com/s/files/1/0936/6713/1667/files/club-de-nuit-untold-gift-set-3-pcs-by-armaf-34-oz-edp-5121661.jpg
Club de Nuit Urban Man de Armaf 3.6 oz,Armaf,108.625,Disponible,https://cdn.shopify.com/s/files/1/0936/6713/1667/files/club-de-nuit-urban-man-de-armaf-36-oz-7097124_51002bff-97b0-42c6-bd3d-fb30544296d7.jpg
Club de Nuit Urban Man Elixir by Armaf,Armaf,130.465,Disponible,https://cdn.shopify.com/s/files/1/0936/6713/1667/files/club-de-nuit-urban-man-elixir-by-armaf-6635537.jpg
Club De Nuit Woman Gift Set 3 Pcs By Armaf,Armaf,190,Disponible,https://cdn.shopify.com/s/files/1/0936/6713/1667/files/WhatsAppImage2026-02-13at19.35.56.jpg
Connoisseur Man Eau De Parfum Spray 100ml (3.4 Oz) By Armaf,Armaf,142.75,Disponible,https://cdn.shopify.com/s/files/1/0936/6713/1667/files/Connoisseur_Man_webp.jpg
Connoisseur Women Armaf for women,Armaf,142.75,Disponible,https://cdn.shopify.com/s/files/1/0936/6713/1667/files/connoisseur-women-armaf-for-women-6904400_32578364-f7f9-4266-a8b3-a44039dddf57.jpg
Discovery Set Collector’s Pride by Armaf,Armaf,914.5,Agotado,https://cdn.shopify.com/s/files/1/0936/6713/1667/files/img_4981.jpg
Ego Exotic,Armaf,123.5,Disponible,https://cdn.shopify.com/s/files/1/0936/6713/1667/files/ego-exotic-8919722.webp
Ego Tigre,Armaf,123.5,Disponible,https://cdn.shopify.com/s/files/1/0936/6713/1667/files/ego-tigre-3998894.webp
Flame,Armaf,102.5,Agotado,https://cdn.shopify.com/s/files/1/0936/6713/1667/files/flame-3726768_deaba94d-8a72-43f4-b9f6-18d769fa21e0.jpg
Gift Set Club Nuit Imperiale 3PCS by ARMAF,Armaf,190,Disponible,https://cdn.shopify.com/s/files/1/0936/6713/1667/files/photoroom_20250504_150209.jpg
Gift Set Odyssey Mega by Armaf,Armaf,174.25,Disponible,https://cdn.shopify.com/s/files/1/0936/6713/1667/files/ODYSSEYMEGAGIFTSET_11050ad8-31c8-4836-9ba3-df071afe0cdc.webp
Island Bliss By Armaf,Armaf,157.625,Disponible,https://cdn.shopify.com/s/files/1/0936/6713/1667/files/island-bliss-by-armaf-3654627_272194dd-7f9e-4b60-87ed-9d2f0abaa15b.jpg
Italiano Nero,Armaf,116.5,Agotado,https://cdn.shopify.com/s/files/1/0936/6713/1667/files/italiano-nero-4130361.jpg
King Check Mate by Armaf 3.4oz,Armaf,144.465,Disponible,https://cdn.shopify.com/s/files/1/0936/6713/1667/files/king-check-mate-by-armaf-34oz-8154155.jpg
Leonie Eau de Parfum 100 ml,Armaf,93.75,Disponible,https://cdn.shopify.com/s/files/1/0936/6713/1667/files/IMG_2483_bc8d6877-9b3c-48b7-b603-2155625176fa.jpg
MISS ARMAF 8 PCS X 5 ML,Armaf,181.25,Disponible,https://cdn.shopify.com/s/files/1/0936/6713/1667/files/WhatsAppImage2025-09-27at20.39.08.jpg
Miss Armaf Attitude,Armaf,134,Agotado,https://cdn.shopify.com/s/files/1/0936/6713/1667/files/miss-armaf-attitude-3877979.webp
Miss Armaf Catwalk,Armaf,134,Agotado,https://cdn.shopify.com/s/files/1/0936/6713/1667/files/miss-armaf-catwalk-7005386_4d2edd70-0f63-4c87-9e03-898b7f36f496.jpg
Miss Armaf Chic,Armaf,134,Agotado,https://cdn.shopify.com/s/files/1/0936/6713/1667/files/miss-armaf-chic-1045765_32689ae7-1f20-4e21-aacb-7829e845630c.jpg
Miss Armaf Dazzling,Armaf,134,Agotado,https://cdn.shopify.com/s/files/1/0936/6713/1667/files/miss-armaf-dazzling-7006869.jpg
Miss Armaf Grandeur,Armaf,134,Disponible,https://cdn.shopify.com/s/files/1/0936/6713/1667/files/miss-armaf-grandeur-7874623_e80668fb-f3b5-47b2-8785-e16935c60b7a.jpg
Miss Armaf Magnifiq,Armaf,134,Disponible,https://cdn.shopify.com/s/files/1/0936/6713/1667/files/miss-armaf-magnifiq-8107504_f53c65a7-fc78-44c4-82e0-c811d0b8ce77.jpg
Miss Armaf Mystique,Armaf,134,Disponible,https://cdn.shopify.com/s/files/1/0936/6713/1667/files/miss-armaf-mystique-9845801.webp
Miss Armaf Voce Viva,Armaf,134,Disponible,https://cdn.shopify.com/s/files/1/0936/6713/1667/files/miss-armaf-voce-viva-3029504_480ea019-a4ae-4f7f-9aa9-b3a68e575fb6.jpg
Nomad 3.4oz,Armaf,161.965,Agotado,https://cdn.shopify.com/s/files/1/0936/6713/1667/files/nomad-34oz-6114719.jpg
Nuit Intense Armaf Club for women,Armaf,105.825,Disponible,https://cdn.shopify.com/s/files/1/0936/6713/1667/files/nuit-intense-armaf-club-for-women-7083169_54c5277f-e909-4330-81c6-296ce8e8cd15.jpg
ODYSSEY AQUA EAU DE PARFUM (6.7 OZ) 200ML,Armaf,155,Agotado,https://cdn.shopify.com/s/files/1/0936/6713/1667/files/71qk5tuqhPL__UF1000_1000_QL80__1_jpg.webp
Odyssey Aqua Eau de Parfum Armaf 3.4oz,Armaf,126.125,Agotado,https://cdn.shopify.com/s/files/1/0936/6713/1667/files/descarga_17.webp
Odyssey Dubai Chocolat Armaf for women and men,Armaf,111.25,Disponible,https://cdn.shopify.com/s/files/1/0936/6713/1667/files/odyssey-dubai-chocolat-armaf-for-women-and-men-9197047_8e14b4b3-8e43-4fc4-8d4e-eb100903a82d.jpg
Odyssey Femme White Edition Armaf for women,Armaf,116.5,Disponible,https://cdn.shopify.com/s/files/1/0936/6713/1667/files/odyssey-femme-white-edition-armaf-for-women-5573893.jpg
Odyssey Mandarin sky (200 ml) Armaf for men,Armaf,158.465,Disponible,https://cdn.shopify.com/s/files/1/0936/6713/1667/files/odyssey-mandarinsky-200-ml-armaf-for-men-3963103.jpg
ODYSSEY WILD ONE 3.4 OZ. EDP by ARMAF,Armaf,105.125,Disponible,https://cdn.shopify.com/s/files/1/0936/6713/1667/files/odyssey-wild-one-34-oz-edp-by-armaf-1325073.jpg
Queen Check Mate by Armaf 3.4oz Eau de Parfum,Armaf,144.465,Disponible,https://cdn.shopify.com/s/files/1/0936/6713/1667/files/queen-check-mate-by-armaf-34oz-eau-de-parfum-6297119.jpg
Scentasy Noir de Pêche Armaf for women and men,Armaf,140.825,Disponible,https://cdn.shopify.com/s/files/1/0936/6713/1667/files/375x500.116845.2x.avif
Set Gift Set ARMAF ODYSSEY MANDARIN SKY-4PC,Armaf,170.575,Disponible,https://cdn.shopify.com/s/files/1/0936/6713/1667/files/ODYSSEYMANDARINSKYGIFTSET11_f087e2ec-0008-4929-b551-a09b3b5c3c5b.webp
Tag Him Uomo Nero Armaf,Armaf,107.75,Disponible,https://cdn.shopify.com/s/files/1/0936/6713/1667/files/WhatsAppImage2025-07-14at22.22.16.jpg
Tag Him Uomo Rosso Armaf for Men,Armaf,116.325,Disponible,https://cdn.shopify.com/s/files/1/0936/6713/1667/files/IMG_6193_25d2c4ed-17a7-4628-9d0e-a4678a64c900.jpg
TRES NUIT LYRIC Men EDP - 100MI (3.40z) By Armaf,Armaf,98.125,Disponible,https://cdn.shopify.com/s/files/1/0936/6713/1667/files/IMG_1503_f7042a0d-932d-4d2d-ac53-0bbf096904bd.jpg
Tres Nuit Valentina Pour Femme EDP Spray 100ML (3.4 OZ) By Armaf,Armaf,98.125,Agotado,https://cdn.shopify.com/s/files/1/0936/6713/1667/files/1_c3b1ba4e-835c-435a-8627-191ba58671c4.jpg-2.webp
Uniq Oud Forever by Armaf 3.4 Oz EDP,Armaf,127,Disponible,https://cdn.shopify.com/s/files/1/0936/6713/1667/files/uniq-oud-forever-by-armaf-34-oz-edp-6903692.jpg
Ventana Marine Armaf,Armaf,104.25,Disponible,https://cdn.shopify.com/s/files/1/0936/6713/1667/files/ventana-marine-armaf-1460230_ca3ab691-f63b-4b25-8fe8-483a0b2cf5fe.jpg
Voyage Bleu,Armaf,107.75,Disponible,https://cdn.shopify.com/s/files/1/0936/6713/1667/files/voyage-bleu-1664318_f24ea244-d887-47f3-9c46-ee710223b80b.webp
Voyage Hawaii,Armaf,109.5,Disponible,https://cdn.shopify.com/s/files/1/0936/6713/1667/files/voyage-hawaii-2251778_615140c2-39b7-4bf9-980c-dd02396f857f.webp
Yum Yum by Armaf,Armaf,153.25,Disponible,https://cdn.shopify.com/s/files/1/0936/6713/1667/files/img_5033_620f71a7-70a7-4814-b6da-b33b82792c8a.jpg
Armaf Men's Odyssey Aqua EDP Spray ( 2.02 oz ),Armaf,39.5,Agotado,https://cdn.shopify.com/s/files/1/0936/6713/1667/files/armaf-mens-odyssey-aqua-edp-spray-2-02-oz-fragrances-6294015189612.jpg
Armaf Men's Orchestra Legato Lux EDP Spray 2.7 oz,Armaf,153.25,Disponible,https://cdn.shopify.com/s/files/1/0936/6713/1667/files/armaf-mens-orchestra-legato-lux-edp-spray-27-oz-fragrances-6294015199383.jpg
Armaf Odyssey Candee Perfumed Deodorant Spray 200 ml (PAQ X 12 UNITS),Armaf,186.5,Disponible,https://cdn.shopify.com/s/files/1/0936/6713/1667/files/80029.webp
ARMAF ETER DESERT NIGHT,Armaf,146.25,Disponible,https://cdn.shopify.com/s/files/1/0936/6713/1667/files/ARMAF_ETER_DESERT_NIGHT_3.4_EDP_SPR.webp
Armaf Ladies Club De Nuit Gift Set DUO,Armaf,151.5,Disponible,https://cdn.shopify.com/s/files/1/0936/6713/1667/files/armaf-ladies-club-de-nuit-gift-set-fragrances-6294015135893.jpg
Armaf Men's Mosaic Opal Malaky EDP Spray 2.5 oz,Armaf,156.75,Disponible,https://cdn.shopify.com/s/files/1/0936/6713/1667/files/armaf-mens-mosaic-opal-malaky-edp-spray-25-oz-fragrances-6294015199420.jpg
Armaf Men's Mosaic Opal Malaky EDP Spray 2.5 oz,Armaf,156.75,Disponible,https://cdn.shopify.com/s/files/1/0936/6713/1667/files/seine-amour-belvico-62940151994516216.png
ARMAF ODYSSEY AQUA BODY SPRAY (PAQ X 12 UNITS),Armaf,186.5,Disponible,https://cdn.shopify.com/s/files/1/0936/6713/1667/files/WhatsApp_Image_2026-07-02_at_07.50.18.jpg
Armaf Odyssey Deos (Game of 6),Armaf,123.5,Disponible,https://cdn.shopify.com/s/files/1/0936/6713/1667/files/FullSizeRender_8501775a-50c7-4108-82ad-c55eae9ebccc.jpg
Armaf ODYSSEY HOMME 6.8 OZ,Armaf,153.25,Disponible,https://cdn.shopify.com/s/files/1/0936/6713/1667/files/odyssey-homme-6.8.webp
ARMAF ODYSSEY MANDARIN SKY ELIXIR BODY SPRAY 200ml (6.8 oz) by Armaf,Armaf,53.325,Disponible,https://cdn.shopify.com/s/files/1/0936/6713/1667/files/ODYSSEYMANDARINSKYELIXIRBODYSPRAY_ce289b86-9a08-4b72-84fd-a2befb14d48f_png.webp
ARMAF ODYSSEY MEGA 6.8 OZ,Armaf,153.25,Disponible,https://cdn.shopify.com/s/files/1/0936/6713/1667/files/16803_2.webp
Armaf ODYSSEY SPECTRA 6.8 OZ,Armaf,153.25,Disponible,https://cdn.shopify.com/s/files/1/0936/6713/1667/files/79ddc6cd-85f0-45b4-84c9-29c39aec2a45.f71a9d9491a40d73ccdee7c7f28b5b39-ezgif.com-webp-to-jpg-converter.webp
Armaf Scentasy Matcha Magix EDP U 100 ml,Armaf,116.5,Disponible,https://cdn.shopify.com/s/files/1/0936/6713/1667/files/6295199812068_1-800x800.jpg
Dunescape Eau de Parfum Spray 100ML (3.4 OZ) By Armaf NEW,Armaf,133.825,Agotado,https://cdn.shopify.com/s/files/1/0936/6713/1667/files/gronjsaitvsbsjgvks1f.webp
Odyssey Aoud for Men 3.4oz,Armaf,102.465,Disponible,https://cdn.shopify.com/s/files/1/0936/6713/1667/files/odyssey-aoud-for-men-34oz-6752399.jpg
ODYSSEY AQUA BODY SPRAY 200ml (6.8 oz) by Armaf,Armaf,53.325,Disponible,https://cdn.shopify.com/s/files/1/0936/6713/1667/files/IMG_0543.jpg
Odyssey Artisto Limited Edition 3.4oz,Armaf,133.825,Disponible,https://cdn.shopify.com/s/files/1/0936/6713/1667/files/shopping-55.jpg
ODYSSEY CANDEE BODY SPRAY 200ml (6.8 oz) by Armaf,Armaf,53.325,Disponible,https://cdn.shopify.com/s/files/1/0936/6713/1667/files/odyssey-candee-body-spray-8475873.jpg
Odyssey Eau de Montagne 100 ml,Armaf,121.75,Disponible,https://cdn.shopify.com/s/files/1/0936/6713/1667/files/IMG_3276.jpg
Odyssey Femme Armaf for women,Armaf,116.5,Disponible,https://cdn.shopify.com/s/files/1/0936/6713/1667/files/dark-375x500.68061.2x.avif
Odyssey Go Mango Deodorant Spray 200ml (6.8 oz),Armaf,53.15,Disponible,https://cdn.shopify.com/s/files/1/0936/6713/1667/files/bewlziyjhax0ghltcbyk.webp
Odyssey Go Mango Deodorant Spray 200ml (PAQ X 12 UNITS ),Armaf,186.5,Disponible,https://cdn.shopify.com/s/files/1/0936/6713/1667/files/WhatsApp_Image_2026-07-02_at_07.59.46_65e06232-5dc7-4df1-919b-0c26488d77ae.jpg
ODYSSEY HOMME BLACk EDITION BODY SPRAY (PAQ X 12 UNITS),Armaf,188.25,Disponible,https://cdn.shopify.com/s/files/1/0936/6713/1667/files/WhatsApp_Image_2026-07-02_at_08.14.34.jpg
Odyssey Li’chi Lush Armaf Eau de Parfum 100 ml,Armaf,156.75,Disponible,https://cdn.shopify.com/s/files/1/0936/6713/1667/files/odyssey-lichi-lush-precio.jpg
Odyssey Madarin Sky Perfumed Deodorant Spray 200 ml (PAQ X12 UNITS ),Armaf,186.5,Disponible,https://cdn.shopify.com/s/files/1/0936/6713/1667/files/19066.webp
ODYSSEY MANDARIN SKY BODY SPRAY 200ml (6.8 oz) by Armaf,Armaf,53.325,Disponible,https://cdn.shopify.com/s/files/1/0936/6713/1667/files/IMG_0174.jpg
Odyssey Mandarin sky Eau de Parfum 100 ml,Armaf,118.25,Disponible,https://cdn.shopify.com/s/files/1/0936/6713/1667/files/lifestyle-odyssey-mandarin-sky.png
Odyssey Mandarin Sky Elixir Deodorant Spray 200ml (PAQ X 12 UNITS),Armaf,186.5,Disponible,https://cdn.shopify.com/s/files/1/0936/6713/1667/files/WhatsApp_Image_2026-07-02_at_07.57.23.jpg
Odyssey Mandarin Sky Elixir Limited Edition,Armaf,146.25,Disponible,https://cdn.shopify.com/s/files/1/0936/6713/1667/files/img_5277.jpg
Odyssey Marshmallow 3.4 oz Edp,Armaf,140.825,Disponible,https://cdn.shopify.com/s/files/1/0936/6713/1667/files/IMG_8116.jpg
ODYSSEY MEGA BODY SPRAY 200ml (6.8 oz) by Armaf,Armaf,53.325,Disponible,https://cdn.shopify.com/s/files/1/0936/6713/1667/files/Photoroom_20250527_145718.jpg
Odyssey Pink Pop Armaf Eau de Parfum 100 ml,Armaf,156.75,Disponible,https://cdn.shopify.com/s/files/1/0936/6713/1667/files/armaf-pink-pop-perfume-mujer.jpg
ODYSSEY REVOLUTION ULTRA EDITION,Armaf,126.825,Disponible,https://cdn.shopify.com/s/files/1/0936/6713/1667/files/IMG_1984.jpg
Odyssey Soda Pop Armaf for women and men,Armaf,153.25,Disponible,https://cdn.shopify.com/s/files/1/0936/6713/1667/files/OD2.webp
Odyssey Spectra Blu Perfumed Body Spray 200ml (6.8 oz) by Armaf,Armaf,53.325,Disponible,https://cdn.shopify.com/s/files/1/0936/6713/1667/files/gzfu2kfjckvblm8b5tdd.webp
Odyssey Spectra Blu Perfumed Body Spray 200ml (PAQ X 12 UNITS),Armaf,186.5,Disponible,https://cdn.shopify.com/s/files/1/0936/6713/1667/files/WhatsApp_Image_2026-07-02_at_08.05.07.jpg
ODYSSEY SPECTRA BODY SPRAY 200ml (6.8 oz) by Armaf,Armaf,53.325,Disponible,https://cdn.shopify.com/s/files/1/0936/6713/1667/files/IMG_0157.jpg
Odyssey Tyrant Special Edition 3.4oz,Armaf,107.75,Disponible,https://cdn.shopify.com/s/files/1/0936/6713/1667/files/odyssey-tyrant-special-edition-34oz-8131181.jpg
Spartacus Armaf Eau de Parfum 100 ml,Armaf,167.25,Disponible,https://cdn.shopify.com/s/files/1/0936/6713/1667/files/armaf-spartacus-opiniones.jpg
The Pride of Armaf Admiral Eau de Parfum Spray 100ML (3.4 OZ) By Armaf,Armaf,123.5,Agotado,https://cdn.shopify.com/s/files/1/0936/6713/1667/files/1_d8d52841-406c-42f1-ba95-e04b851a3fe0.webp
The Pride Of Armaf Rose Oud Armaf for women 100 ML,Armaf,130.5,Disponible,https://cdn.shopify.com/s/files/1/0936/6713/1667/files/descarga_13.webp
Tres Jour Pour Femme By Armaf,Armaf,98.125,Disponible,https://cdn.shopify.com/s/files/1/0936/6713/1667/files/TresJourPourFemmeByArmaf.webp
VENTANA Pour Homme Armaf for Men 100 ML,Armaf,109.5,Disponible,https://cdn.shopify.com/s/files/1/0936/6713/1667/files/s-l1600_-_2026-06-16T132209.209.webp
9 PM Pour Femme Eau Parfum 3.4oz,Afnan,119.965,Disponible,https://cdn.shopify.com/s/files/1/0936/6713/1667/files/9pm-pour-femme-eau-parfum-34oz-4874114_90644bfb-aec8-4ff8-b6d2-0fceb35ad8de.jpg
(Mini) 5 ml Versace Bright Crystal Eau de Toilette(diseñador),Versace,74.5,Disponible,https://cdn.shopify.com/s/files/1/0936/6713/1667/files/mini-5-ml-versace-bright-crystal-eau-de-toilettedisenador-3878314.jpg
(Mini) 5 ml Versace Eros Pour homme(diseñador),Versace,74.5,Disponible,https://cdn.shopify.com/s/files/1/0936/6713/1667/files/mini-5-ml-versace-eros-pour-hommedisenador-7043632.jpg
(MINI) 5ml Dylan Blue Versace Pour homme(diseñador),Versace,74.5,Disponible,https://cdn.shopify.com/s/files/1/0936/6713/1667/files/mini-5ml-dylan-blue-versace-pour-hommedisenador-9020349_09025332-4295-4c6f-b957-2d3ecfe5bd70.jpg
(MINI) Burberry Variety women 4 Piece Womens Variety 5 ML,Burberry,214.5,Disponible,https://cdn.shopify.com/s/files/1/0936/6713/1667/files/WhatsAppImage2025-06-11at18.36.36_1.jpg
(MINI) BVLGARI Omnia Pink Sapphire by for Women -(15 ML 0.5 oz EDT),Bvlgari,105.965,Disponible,https://cdn.shopify.com/s/files/1/0936/6713/1667/files/omnia-pink-sapphire-by-bvlgari-for-women-05-oz-edt-spray-mini-783320829291.jpg
(MINI) COACH COACH NEW YORK 4.5 ML EAU DE PARFUM MINI FOR MEN,Coach,99,Disponible,https://cdn.shopify.com/s/files/1/0936/6713/1667/files/COACHCC022P81__92992.png
(MINI) DIOR Ladies J'Adore EDP 0.17oz,Dior,144.465,Disponible,https://cdn.shopify.com/s/files/1/0936/6713/1667/files/dior-ladies-jadore-edp-017oz-fragrances-3348901729178.jpg
(MINI) DIOR Ladies Miss EDP 0.17 oz,Dior,123.5,Disponible,https://cdn.shopify.com/s/files/1/0936/6713/1667/files/miss-dior-33489017610626198.png
(MINI) Diva By Swiss Collection (25 ML),Swiss Collection,60.5,Agotado,https://cdn.shopify.com/s/files/1/0936/6713/1667/files/DivaBySwissCollection1.webp
(MINI) Dolce & Gabbana Ladies Light Blue EDT Spray 0.84 oz,Dolce & Gabbana,158.5,Disponible,https://cdn.shopify.com/s/files/1/0936/6713/1667/files/dolce-and-gabbana-ladies-light-blue-edt-spray-084-oz-fragrances-8057971180332.jpg
(MINI) JIMMY CHOO I Want Choo Forever / EDP Mini 0.15 oz (4.5 ml),Jimmy Choo,93.75,Disponible,https://cdn.shopify.com/s/files/1/0936/6713/1667/files/i-want-choo-forever-jimmy-choo-edp-mini-015-oz-45-ml-w-3386460133340.jpg
(MINI) JIMMY CHOO Ladies I Want Choo Le Parfum Parfum 0.15 oz,Jimmy Choo,95.465,Agotado,https://cdn.shopify.com/s/files/1/0936/6713/1667/files/jimmy-choo-ladies-i-want-choo-le-parfum-parfum-015-oz-fragrances-3386460144452.jpg
(MINI) LANCOME Ladies Idole Now EDP 0.16 oz,Lancome,99,Disponible,https://cdn.shopify.com/s/files/1/0936/6713/1667/files/m69005102176_1_jpg.avif
(MINI) LIGHT BLUE By DOLCE GABBANA Pour Homm Cologne 0.17oz / 5ml EDT,Dolce & Gabbana,81.5,Agotado,https://cdn.shopify.com/s/files/1/0936/6713/1667/files/s-l1600-29.jpg
(MINI) Miss Dior Parfum 0.17 OZ 5 ML,Dior,123.5,Agotado,https://cdn.shopify.com/s/files/1/0936/6713/1667/files/s-l1600-104_299486e6-c752-4cfa-9bcc-9bf1a16b7b45.jpg
(MINI) Mont Blanc Variety men 5 Piece Variety With Legend Eau De Toilette,Montblanc,214.5,Disponible,https://cdn.shopify.com/s/files/1/0936/6713/1667/files/WhatsAppImage2025-06-11at18.36.37_1.jpg
(MINI) MOSCHINO Ladies Toy 2 Bubble Gum EDT 0.17 oz,Moschino,91.965,Disponible,https://cdn.shopify.com/s/files/1/0936/6713/1667/files/moschino-toy-2-bubble-gum-edt-5ml-30ml-lmching-group-limited-2_1800x1800_jpg.webp
(MINI) MOSCHINO Ladies Toy 2 EDP Spray 0.17 oz,Moschino,84.965,Disponible,https://cdn.shopify.com/s/files/1/0936/6713/1667/files/moschino-ladies-toy-2-edp-spray-017-oz-fragrances-8011003839322.jpg
(MINI) MOSCHINO Men's Toy Boy EDP 0.17 oz,Moschino,78,Disponible,https://cdn.shopify.com/s/files/1/0936/6713/1667/files/moschino-mens-toy-boy-edp-spray-017-oz-fragrances-8011003845187.jpg
(MINI) PACO RABANNE Men's Mini Set 4 Gift Set 5 ML,Paco Rabanne,214.5,Disponible,https://cdn.shopify.com/s/files/1/0936/6713/1667/files/paco-rabanne-mens-mini-set-4-gift-set-fragrances-3349668630820-2.jpg
(MINI) VALENTINO GARAVANI Ladies Donna Born In Roma Intense EDP 0.2 oz 6ML,Valentino,92,Agotado,https://cdn.shopify.com/s/files/1/0936/6713/1667/files/valentino-ladies-donna-born-in-roma-intense-edp-02-oz-fragrances-3614273790765.jpg
(MINI) VERSACE Crystal Noir / EDT Mini 0.17 oz (5.0 ml),Versace,78,Disponible,https://cdn.shopify.com/s/files/1/0936/6713/1667/files/crystal-noir---versace-edt-mini-0.17-oz-_5.0-ml_-_w_-cryt017.jpg
(MINI) VERSACE Men's Eros Energy EDP Spray 0.17 oz Fragrances,Versace,78,Agotado,https://cdn.shopify.com/s/files/1/0936/6713/1667/files/versace-mens-eros-energy-edp-spray-017-oz-fragrances-8011003890828.jpg
(MINI) VERSACE Mini Set Gift Set Fragrances 5 ML,Versace,214.5,Disponible,https://cdn.shopify.com/s/files/1/0936/6713/1667/files/versace-unisex-mini-set-gift-set-fragrances-8011003887552_1.jpg
(MINI) YVES SAINT LAURENT Ladies Black Opium EDP Spray 0.25 oz,Yves Saint Laurent,113,Disponible,https://cdn.shopify.com/s/files/1/0936/6713/1667/files/yves-saint-laurent-ladies-black-opium-edp-spray-025-oz-fragrances-3365440804340.jpg
(MINI) YVES SAINT LAURENT Men's Myslf L'absolu Parfum 0.25 oz,Yves Saint Laurent,112.65,Disponible,https://cdn.shopify.com/s/files/1/0936/6713/1667/files/yves-saint-laurent-mens-myslf-labsolu-parfum-025-oz-fragrances-3614274329483.jpg
(MINI)JIMMY CHOO Fever / EDP Mini 0.15 oz (4.5 ml),Jimmy Choo,81.5,Disponible,https://cdn.shopify.com/s/files/1/0936/6713/1667/files/jimmy-choo-fever-jimmy-choo-edp-mini-015-oz-45-ml-w-3386460097376.jpg
(MINI)VERSACE Ladies Crystal Noir Parfum 0.17 oz,Versace,109.465,Disponible,https://cdn.shopify.com/s/files/1/0936/6713/1667/files/versace-ladies-crystal-noir-parfum-017-oz-fragrances-8011003891078.jpg
(Open Box ) Her bravery Elixir,,79.75,Disponible,https://cdn.shopify.com/s/files/1/0936/6713/1667/files/her-bravery-elixir-mujer-edp-100mi-340z-6136087.jpg
(OPEN BOX )Bharara Mast Perfume Rome Pour Homme,Bharara,114.75,Disponible,https://cdn.shopify.com/s/files/1/0936/6713/1667/files/bharara-mast-perfume-rome-pour-homme-8316252_e7ac496a-1b7c-4a70-b767-45bf42fd5d32.jpg
(Open Box )PHARAOH RAMESSES I BHARARA 100 ML PARFUM,Bharara,312.5,Disponible,https://cdn.shopify.com/s/files/1/0936/6713/1667/files/pharaoh-ramesses-i-bharara-100-ml-parfum-9507537_7b8ef0f1-3c66-4521-ac5f-fb2e636d8c60.jpg
(OPEN BOX) Al Haramain Amber Oud Dubai Night de 2.5oz Extrait de Parfum,Al Haramain,171.625,Disponible,https://cdn.shopify.com/s/files/1/0936/6713/1667/files/al-haramain-amber-oud-dubai-night-de-25oz-extrait-de-parfum-3552496_ee9a8dbe-1c55-40b9-be7e-8d17b4c1bcfc.jpg
(OPEN BOX) Attar Collection Unisex Musk Kashmir EDP Spray 3.4 oz,Attar Collection,302,Disponible,https://cdn.shopify.com/s/files/1/0936/6713/1667/files/attar-collection-unisex-musk-kashmir-edp-spray-34-oz-fragrances-6300020152357.jpg
(Open Box) Azora,,302,Disponible,https://cdn.shopify.com/s/files/1/0936/6713/1667/files/azora-4104458.jpg
(OPEN BOX) Bharara Beauty Mast Perfume Coral Eau De Parfum 3.4 OZ,Bharara,105.825,Disponible,https://cdn.shopify.com/s/files/1/0936/6713/1667/files/GeneratedwithKive.ai-_Divyastudio_VyjrGGo4Qd5NULx39G3A.webp
(OPEN BOX) Bharara Beauty Rome La Bomba 3.4 Eau De Parfum,Bharara,121.75,Agotado,https://cdn.shopify.com/s/files/1/0936/6713/1667/files/GeneratedwithKive.ai-Centertheboxandbottlefacingstraight.webp
(Open Box) Black Diamond,,71,Disponible,https://cdn.shopify.com/s/files/1/0936/6713/1667/files/black-diamond-8506661_2631e37f-0798-4da8-83ee-5ff71cadc710.jpg
(OPEN BOX) Chifon Rose Couture for women eau de parfume 100 ml,,83.25,Disponible,https://cdn.shopify.com/s/files/1/0936/6713/1667/files/61ZEm7wQhsL._SX679.jpg
(Open Box) Criki Absolute Emper,Emper,76.25,Disponible,https://cdn.shopify.com/s/files/1/0936/6713/1667/files/criki-absolute-emper-4531248_580ab85b-1ebf-493a-82d9-400935785908.jpg
(OPEN BOX) Delroba Black Musk Eau Parfum 100 ml,Delroba,134,Disponible,https://cdn.shopify.com/s/files/1/0936/6713/1667/files/IMG_1632.jpg
(OPEN BOX) Delroba Emerald Haze,Delroba,134,Disponible,https://cdn.shopify.com/s/files/1/0936/6713/1667/files/IMG_1633_f03f1604-778d-4697-9887-bfe4ecbdcf1f.jpg
(open box) Delroba Mystique Mirage,Delroba,134,Disponible,https://cdn.shopify.com/s/files/1/0936/6713/1667/files/IMG_1634.jpg
(OPEN BOX) Emper Sansa for Women (3.0 Fl. Oz),Emper,83.25,Disponible,https://cdn.shopify.com/s/files/1/0936/6713/1667/files/emper-sansa-for-women-30-fl-oz-5175944_6db5c411-e190-4321-bdb3-4e79f18a3afa.jpg
(Open Box) Emper Unisex Legend Arabia EDP 3.4 oz,Emper,74.5,Disponible,https://cdn.shopify.com/s/files/1/0936/6713/1667/files/emper-unisex-legend-arabia-edp-34-oz-fragrances-6291108522004.jpg
(OPEN BOX) EXCLUSIVE COLLECTION II GIFT SET GAME OF SPADES 100 ML X 2 PCS (EMERALD + WILDCARD Sourceclusive-collection-ii-gift-set-game-of-s (Copy),,389.5,Disponible,https://cdn.shopify.com/s/files/1/0936/6713/1667/files/GOSExclusive2_5732bc01-52a1-4675-9739-c50cab5ba0e5_jpg.webp
(OPEN BOX) Fasio Supreme,,84.825,Disponible,https://cdn.shopify.com/s/files/1/0936/6713/1667/files/fasio-supreme_430c288b-0f71-4326-a485-91aece01e981.webp
(Open Box) GIFT SET EMPER Unplugged,Emper,90.25,Disponible,https://cdn.shopify.com/s/files/1/0936/6713/1667/files/unplugged-6291108525449-1670.png
(OPEN BOX) Grade One Silver Water Milestone Perfumes for women and men,Milestone,83.25,Disponible,https://cdn.shopify.com/s/files/1/0936/6713/1667/files/s-l1600_1_cbb7d9a0-ca80-4b18-883d-e000a4ba21ca.webp
(OPEN BOX) La Passion Absolu Women Eau de Parfum Spray 20ml (0.6 oz) by Intense Elite,Intense Elite,88.5,Disponible,https://cdn.shopify.com/s/files/1/0936/6713/1667/files/1_7549b2d2-6cf2-4c6a-9a79-32435065942c.webp
(OPEN BOX) La Passion Blue Eau de Parfum Spray 20ml (0.6 oz) by Intense Elite 20 ML,Intense Elite,88.5,Disponible,https://cdn.shopify.com/s/files/1/0936/6713/1667/files/1_045b6311-8253-4ad4-91bb-d89ccae9ac65.webp
"(OPEN BOX) LE CHAMEAU ""ELIXIR NOIR"" 120 ML Eau De Parfum",Le Chameau,86.75,Disponible,https://cdn.shopify.com/s/files/1/0936/6713/1667/files/shopping_40.webp
(OPEN BOX) Liquid Brun Fragrance World,Fragrance World,139.25,Disponible,https://cdn.shopify.com/s/files/1/0936/6713/1667/files/liquid-brun-fragrance-world-7205407.jpg
(OPEN BOX) Luxe Oud,Emper,71,Disponible,https://cdn.shopify.com/s/files/1/0936/6713/1667/files/luxe-oud-4585952_3bd659f1-f757-4b81-9769-4c20859eba75.jpg
(OPEN BOX) Musk Al Banafsaji Eau Parfum 3.4oz,,88.5,Disponible,https://cdn.shopify.com/s/files/1/0936/6713/1667/files/musk-al-banafsaji-eau-parfum-34oz-3072406.jpg
(Open Box) Musk Effect 3.4oz,,78.875,Disponible,https://cdn.shopify.com/s/files/1/0936/6713/1667/files/musk-effect-34oz-4981290_f6a90576-54c0-46da-82d3-7d8cad16370b.jpg
(OPEN BOX) Musk Khususi For Unisex,,83.25,Disponible,https://cdn.shopify.com/s/files/1/0936/6713/1667/files/musk-khususi-for-unisex-7860854_024f27d8-8659-4ed4-8634-ead4059ef6c1.jpg
(Open Box) Pharaoh Ramesses II by Bharara,Bharara,312.5,Disponible,https://cdn.shopify.com/s/files/1/0936/6713/1667/files/pharaoh-ramesses-ii-by-bharara-8969192.jpg
(Open Box) PRIVE Pink Rose (Pour Femme) 100ML EDP,,79.75,Disponible,https://cdn.shopify.com/s/files/1/0936/6713/1667/files/prive-pink-rose-pour-femme-100ml-edp-5369316.jpg
(OPEN BOX) ROLL IT 1 BY JO MILANO PARIS,Jo Milano Paris,268.75,Disponible,https://cdn.shopify.com/s/files/1/0936/6713/1667/files/Roll_It_1_With_Box_jpg.webp
(OPEN BOX) Viking Beirut,,233.75,Disponible,https://cdn.shopify.com/s/files/1/0936/6713/1667/files/viking-beirut-5419171.jpg
(OPEN BOX) Viking Kashmir,,233.75,Disponible,https://cdn.shopify.com/s/files/1/0936/6713/1667/files/viking-kashmir-7811618_37fe4b7a-30c6-4893-923a-eda9b378698b.jpg
(OPEN BOX) Zaeem,,116.5,Disponible,https://cdn.shopify.com/s/files/1/0936/6713/1667/files/zaeem-6611871.webp
(OPEN BOX) Zimaya Unisex Cult EDP Spray 3.4 oz,Zimaya,81.5,Disponible,https://cdn.shopify.com/s/files/1/0936/6713/1667/files/zimaya-unisex-cult-edp-spray-34-oz-fragrances-6290171074465_2.jpg
(OPEN BOX)Borouj Amnesty by Dumont 2.8 oz Extrait de Parfum Spray for Unisex,Dumont,172.5,Disponible,https://cdn.shopify.com/s/files/1/0936/6713/1667/files/BoroujAmnesty2_9973d15e-f081-43db-853d-9fde4489bbdf.webp
(OPEN BOX)Champagne Pink Bharara for women,Bharara,97.25,Disponible,https://cdn.shopify.com/s/files/1/0936/6713/1667/files/champagne-pink-bharara-for-women-8843823.jpg
(Opens Box) LILY - EAU DE PARFUM 100ML,,137.5,Disponible,https://cdn.shopify.com/s/files/1/0936/6713/1667/files/lily-eau-de-parfum-100ml-7389135.jpg
The Only One Intense EDP Spray 3.4 oz,Dolce & Gabbana,221.5,Disponible,https://cdn.shopify.com/s/files/1/0936/6713/1667/files/FullSizeRender_5c857e30-a339-44dd-99d0-83a6ac077e7c.jpg
Perfume en spray Ladies Idole Power EDP de 50 ml,,267,Agotado,https://cdn.shopify.com/s/files/1/0936/6713/1667/files/FullSizeRender_c26035dd-bb2e-4060-a5a0-ddfe8ad42257.jpg
Fragancias Ladies Paradoxe EDP Spray 3.0 oz,Prada,438.5,Agotado,https://cdn.shopify.com/s/files/1/0936/6713/1667/files/FullSizeRender_0618bbfb-2fbb-4acf-a497-596bbb5dfac3.jpg
(TETER) Xerjoff 40 Knots By Eau De Parfum Spray 3.4 Oz,Xerjoff,631,Disponible,https://cdn.shopify.com/s/files/1/0936/6713/1667/files/xerjoff-unisex-40-knots-edp-spray-34-oz-tester-fragrances-8033488155308.jpg
1 And Only Winner 3.4oz,,92,Disponible,https://cdn.shopify.com/s/files/1/0936/6713/1667/files/1-and-only-winner-34oz-4731414_4cb505dd-d9c1-49ad-ad11-1e7402f933d0.jpg
1 Million Lucky Rabanne for men 100 ML,Paco Rabanne,442,Disponible,https://cdn.shopify.com/s/files/1/0936/6713/1667/files/WhatsAppImage2025-07-14at22.22.44.jpg
1 Million Royal Rabanne for men,Paco Rabanne,351,Agotado,https://cdn.shopify.com/s/files/1/0936/6713/1667/files/b6bcddba-1fac-44b1-ba63-1b9cbe32ca6a_jpeg.webp
"100 Dude look Rouge Dior Couture Color - Hydrating & Long-lasting lipstick -100 Velvet, Satin & New Veil Finishes",Dior,127,Disponible,https://cdn.shopify.com/s/files/1/0936/6713/1667/files/IMG_6501.jpg
2 IN 1 GIFT SET MODA IS MY IDOLE,,71,Agotado,https://cdn.shopify.com/s/files/1/0936/6713/1667/files/2IN1-GIFT-SET-MODA-IS-MY-IDOLE-2048x2048_jpg.webp
"200 Nude touch Rouge Dior Couture Color - Hydrating & Long-lasting lipstick - Velvet, Satin & New Veil Finishes",Dior,127,Disponible,https://cdn.shopify.com/s/files/1/0936/6713/1667/files/IMG_6504_2cbf6b2b-0176-41bc-8226-3c71191a0ada.jpg
212 VIP Black Eau de Parfum 100 ml,,288,Disponible,https://cdn.shopify.com/s/files/1/0936/6713/1667/files/IMG_8349.jpg
"228 mythique Rouge Dior Couture Color - Hydrating & Long-lasting lipstick - Velvet, Satin & New Veil Finishes",Dior,127,Disponible,https://cdn.shopify.com/s/files/1/0936/6713/1667/files/IMG_6494.jpg
5 Pack Mini Refillable 5ml/0.2oz,,64,Disponible,https://cdn.shopify.com/s/files/1/0936/6713/1667/files/lrlux-com-default-title-5-pack-mini-refillable-perfume-atomizer-bottle-portable-perfume-empty-spray-bottle-multicolor-travel-perfume-dispenser-refill-scent-pump-case-perfume-bottle-fo.webp
"558 Grace velvert Rouge Dior Couture Color - Hydrating & Long-lasting lipstick - Velvet, Satin & New Veil Fin ishes Grace Velvet",Dior,127,Disponible,https://cdn.shopify.com/s/files/1/0936/6713/1667/files/IMG_6496.jpg
"777 FAHRENHEIT Rouge Dior Couture Color - Hydrating & Long-lasting lipstick - Velvet, Satin & New Veil Finishes",Dior,127,Disponible,https://cdn.shopify.com/s/files/1/0936/6713/1667/files/IMG_6504_27d96b99-5132-41f9-9f36-5417479332a3.jpg
"840 rayonnatte Rouge Dior Couture Color - Hydrating & Long-lasting lipstick - Velvet, Satin & New Veil Finishes",Dior,127,Disponible,https://cdn.shopify.com/s/files/1/0936/6713/1667/files/IMG_6502.jpg
"846 corcorde Rouge Dior Couture Color - Hydrating & Long-lasting lipstick - Velvet, Satin & New Veil Finishes",Dior,127,Disponible,https://cdn.shopify.com/s/files/1/0936/6713/1667/files/IMG_6504_61a13fbf-9199-4e49-aa75-a12e98630edd.jpg
"888 strong red Rouge Dior Couture Color - Hydrating & Long-lasting lipstick - Velvet, Satin & New Veil Finishes",Dior,127,Disponible,https://cdn.shopify.com/s/files/1/0936/6713/1667/files/IMG_6499.jpg
8th Wonder French Avenue for women and men,French Avenue,150.625,Agotado,https://cdn.shopify.com/s/files/1/0936/6713/1667/files/shopping_70.webp
9 PM Afnan (150 ML 5 oz),Afnan,148,Disponible,https://cdn.shopify.com/s/files/1/0936/6713/1667/files/4b2c1670-6540-4505-b94c-bb64f0693092.jpg
9 PM Night Out Afnan for women and men,Afnan,167.25,Agotado,https://cdn.shopify.com/s/files/1/0936/6713/1667/files/afnan-unisex-9-pm-night-out-extrait-de-parfum-spray-34-oz-fragrances-6290171077459_2.jpg
9 PM Rebel Afnan for women and men,Afnan,136.625,Agotado,https://cdn.shopify.com/s/files/1/0936/6713/1667/files/9-pm-rebel-afnan-for-women-and-men-3099222.jpg
9 TO 9 BY STALLION 53 - FOR MEN EAU DE PARFUM,,95.5,Agotado,https://cdn.shopify.com/s/files/1/0936/6713/1667/files/9to9_e4653dea-a60f-4898-8e05-bfa63d9726ad_1800x1800.jpg-2.webp
"999 Satin Rouge Dior Couture Color - Hydrating & Long-lasting lipstick - Velvet, Satin & New Veil Finishes",Dior,127,Disponible,https://cdn.shopify.com/s/files/1/0936/6713/1667/files/IMG_6492_c2f68e6f-98ec-48ea-92c1-42e44d06963a.jpg
"999 velvet Rouge Dior Couture Color - Hydrating & Long-lasting lipstick - Velvet, Satin & New Veil Finishes",Dior,127,Disponible,https://cdn.shopify.com/s/files/1/0936/6713/1667/files/IMG_6503_8dab921d-dfa3-4da0-a006-83570bb30228.jpg
9am pour Femme Eau Parfum 3.4oz,Afnan,121.75,Disponible,https://cdn.shopify.com/s/files/1/0936/6713/1667/files/9am-pour-femme-eau-parfum-34oz-9688742_6d2e94e4-a4e1-49b3-9446-0de43c0abd22.webp
A Of Spades by Fragrance World for Women,Fragrance World,127,Disponible,https://cdn.shopify.com/s/files/1/0936/6713/1667/files/ace-of-spades-by-fragrance-world-for-women-2411375.jpg
Abaq Oud For Love For Women,,95.5,Disponible,https://cdn.shopify.com/s/files/1/0936/6713/1667/files/abaq-oud-for-love-for-women-7831372.jpg
Abaq Rose For Romance,,95.5,Disponible,https://cdn.shopify.com/s/files/1/0936/6713/1667/files/abaq-rose-for-romance-6220117.jpg
Abeer by RIIFFS Perfumes 100ml EDP Spray,Riiffs,95.5,Disponible,https://cdn.shopify.com/s/files/1/0936/6713/1667/files/s-l1600_94.webp
Absolu D Orient,,137.5,Disponible,https://cdn.shopify.com/s/files/1/0936/6713/1667/files/absolu-d-orient-6213053.jpg
Absolute Aphrodisiac Initio Parfums Prives for women and men,Initio,1019.5,Disponible,https://cdn.shopify.com/s/files/1/0936/6713/1667/files/shopping.jpg
Absolute Embrace Eau Parfum 3.4oz,,81.5,Disponible,https://cdn.shopify.com/s/files/1/0936/6713/1667/files/absolute-embrace-eau-parfum-34oz-9402983_111a8a68-5aae-425e-a327-f381f4dd0258.jpg
Absolute Forum Eau Parfum 3.4o,,81.5,Disponible,https://cdn.shopify.com/s/files/1/0936/6713/1667/files/absolute-forum-eau-parfum-34o-3751330.jpg
Absolute Noir by Atralia for men,ATRALIA,104.25,Disponible,https://cdn.shopify.com/s/files/1/0936/6713/1667/files/IMG_6924.jpg
Absolute Pure Eau Parfum 3.4oz,,81.5,Disponible,https://cdn.shopify.com/s/files/1/0936/6713/1667/files/absolute-pure-eau-parfum-34oz-4638921.jpg
Acqua Di Gio Profondo ( Parfum ) 100 ML,,442,Disponible,https://cdn.shopify.com/s/files/1/0936/6713/1667/files/GA3698679__81846.webp
Acqua Di Gio Profundo Eau de Parfum 100 ml,,386,Agotado,https://cdn.shopify.com/s/files/1/0936/6713/1667/files/b2dc25f6-7ee4-4932-b9f9-443ff9770f66.jpg
Acqua di Parisis Amber by Reyane Tradition 3.3oz,Reyane Tradition,92,Agotado,https://cdn.shopify.com/s/files/1/0936/6713/1667/files/acqua-di-parisis-amber-amp-amber-by-reyane-tradition-33oz-3919739.jpg
Acqua Di Parisis Venizia By Reyane Tradition,Reyane Tradition,95.5,Agotado,https://cdn.shopify.com/s/files/1/0936/6713/1667/files/s-l1600-2026-06-20T115157.176.webp
ACQUA DI PARMA Blu Mediterraneo Arancia Di Capri Eau De Toilette Spray 5 oz,Acqua di Parma,421,Agotado,https://cdn.shopify.com/s/files/1/0936/6713/1667/files/acqua-di-parma-blu-mediterraneo-arancia-di-capri-eau-de-toilette-spray-5-oz-150ml-8028713570025_3.jpg
ACQUA DI PARMA Unisex Osmanthus EDP Spray 3.4 oz,Acqua di Parma,512,Disponible,https://cdn.shopify.com/s/files/1/0936/6713/1667/files/acqua-di-parma-unisex-signatures-of-the-sun-osmanthus-edp-spray-34-oz-fragrances-8028713810015.jpg
ACQUA DI PARMA Acqua Di Parma ( Colonia Intensa) Eau De Cologne,Acqua di Parma,298.5,Agotado,https://cdn.shopify.com/s/files/1/0936/6713/1667/files/UP8028713210020_2_jpg.avif
Acqua di Parma Colonia Acqua di Parma,Acqua di Parma,302,Agotado,https://cdn.shopify.com/s/files/1/0936/6713/1667/files/acqua-di-parma-colonia-eau-de-cologne-splash-6-oz-180ml-8028713001734_2.jpg
Acqua Di Parma Colonia Pura For Unisex Eau De Cologne 1.5ml Vials,Acqua di Parma,58.75,Disponible,https://cdn.shopify.com/s/files/1/0936/6713/1667/files/acqu00250.jpg
Acqua di Parma Magnolia Infinita 1.5ml,Acqua di Parma,58.75,Disponible,https://cdn.shopify.com/s/files/1/0936/6713/1667/files/423900910_jpg.webp
Aether Extrait For Unisex 100 ml,,144.325,Disponible,https://cdn.shopify.com/s/files/1/0936/6713/1667/files/IMG_1071.jpg
Afnan Lynked Freedom,Afnan,157.625,Disponible,https://cdn.shopify.com/s/files/1/0936/6713/1667/files/Lynke-freedom-3.webp
Afnan 9AM Dive (5.0 oz) EDP Unisex,Afnan,146.25,Agotado,https://cdn.shopify.com/s/files/1/0936/6713/1667/files/AFNAN-9AM-DIVE-U-5-0OZ-UNISEX-PERFUME-EDP_41152e97-70f1-4923-9491-c7a02890f8d6_ebce69bd0f6c80dfa2bde4de19b43545_jpeg.webp
Afnan GIFT SET 9 PM REBEL,Afnan,174.25,Disponible,https://cdn.shopify.com/s/files/1/0936/6713/1667/files/9pm-rebel-giftset-img1.webp
Afnan Ladies Mirsaal With Love EDP Spray 3.0 oz,Afnan,116.5,Disponible,https://cdn.shopify.com/s/files/1/0936/6713/1667/files/s-l1600_20.webp
Afnan Luminous Night Intense EDP Spray 3.4 oz,Afnan,140.125,Disponible,https://cdn.shopify.com/s/files/1/0936/6713/1667/files/anfar-unisex-luminous-night-intense-edp-spray-34-oz-fragrances-6292257602623.jpg
Afnan Men's Rue Broca Hooked EDP Spray 3.0 oz,Afnan,92,Disponible,https://cdn.shopify.com/s/files/1/0936/6713/1667/files/afnan-mens-rue-broca-hooked-edp-spray-30-oz-fragrances-6290171072737.jpg
Afnan Men's Supremacy Not Only Intense Gift Set Fragrances,Afnan,165.5,Disponible,https://cdn.shopify.com/s/files/1/0936/6713/1667/files/afnan-mens-supremacy-not-only-intense-gift-set-fragrances-1121023.jpg
Afnan Perfumes Delicious Bouquet 80 ML,Afnan,143.625,Disponible,https://cdn.shopify.com/s/files/1/0936/6713/1667/files/DELICIOUSBOUQUET-2.webp
Afnan Perfumes Rare Reef,Afnan,133.825,Disponible,https://cdn.shopify.com/s/files/1/0936/6713/1667/files/Rare_Reef_2048x2048_2.webp
Afnan Rare Carbon Eau de Parfum,Afnan,109.465,Disponible,https://cdn.shopify.com/s/files/1/0936/6713/1667/files/IMG_3130.jpg
Afnan Turathi Purple Edp 90ml Spray,Afnan,128.75,Disponible,https://cdn.shopify.com/s/files/1/0936/6713/1667/files/WhatsAppImage2025-07-14at16.41.25.jpg
After Effect Eau Parfum,,102.5,Agotado,https://cdn.shopify.com/s/files/1/0936/6713/1667/files/after-effect-eau-parfum-6995002.jpg
Aftermath Intro Eau de Parfum 100 ml,,91.125,Disponible,https://cdn.shopify.com/s/files/1/0936/6713/1667/files/bf1f3bbb-d0e9-4eb4-9e5d-40365e87c3d5.jpg
Ainash Bird Road 2.5 oz,Ainash,179.5,Disponible,https://cdn.shopify.com/s/files/1/0936/6713/1667/files/ainash-bird-road-25-oz-8959060.jpg
AINASH BLUE LIFE,Ainash,179.5,Disponible,https://cdn.shopify.com/s/files/1/0936/6713/1667/files/blue-life-ainash-parfums-264952_jpg.webp
AINASH CELESTINE,Ainash,179.5,Disponible,https://cdn.shopify.com/s/files/1/0936/6713/1667/files/ainash-parfums-celestine-extrait-de-parfum_jpg.webp
Ainash Fleur Paris Exclusif,Ainash,179.5,Agotado,https://cdn.shopify.com/s/files/1/0936/6713/1667/files/IMG_0951.jpg
AINASH I WANT TO KISS YOU,Ainash,179.5,Disponible,https://cdn.shopify.com/s/files/1/0936/6713/1667/files/i-want-to-kiss-you-ainash-parfums-241020_jpg.webp
AINASH LUNE D'OR,Ainash,179.5,Disponible,https://cdn.shopify.com/s/files/1/0936/6713/1667/files/0DB064B8-7595-4411-8A4A-B94F606B0D98_png.webp
AINASH OASIS,Ainash,179.5,Agotado,https://cdn.shopify.com/s/files/1/0936/6713/1667/files/955DB7FD-F04A-4667-8C82-05E68F363DDC_jpg.webp
AINASH PARFUMS Citric World by Ainash Parfums,Ainash,179.5,Disponible,https://cdn.shopify.com/s/files/1/0936/6713/1667/files/F625D968-2A82-4E6B-9AE3-0FB4E8088A11_jpg.webp
AINASH WHITE JASMINE,Ainash,179.5,Disponible,https://cdn.shopify.com/s/files/1/0936/6713/1667/files/white-jasmine-ainash-parfums-517803_jpg.webp
Aira Eau De Parfum Spray 100ml (3.4 oz) By Paris Corner,Paris Corner,153.25,Disponible,https://cdn.shopify.com/s/files/1/0936/6713/1667/files/xzqjcudy40zhbviaj98z.webp
Ajayeb Dubai,,85,Disponible,https://cdn.shopify.com/s/files/1/0936/6713/1667/files/ajayeb-dubai-9627487.webp
Ajayeb Dubai Portrait,,95.5,Disponible,https://cdn.shopify.com/s/files/1/0936/6713/1667/files/ajayeb-dubai-portrait-1473923_1fa87823-01a7-435c-87d6-e6f2c2a89a42.webp
Ajwah Eau Parfum 3.4oz,,92,Disponible,https://cdn.shopify.com/s/files/1/0936/6713/1667/files/ajwah-eau-parfum-34oz-7002289_8b41433e-8add-4b5a-94bc-e0e039e4b66b.jpg
Al Crystal al Aswad,,92,Agotado,https://cdn.shopify.com/s/files/1/0936/6713/1667/files/al-crystal-al-aswad-2866599_e04a173d-7e6a-4fca-a48b-87ec97be6f74.jpg
Al Fouz Eau de Parfum 3.4oz,,95.5,Disponible,https://cdn.shopify.com/s/files/1/0936/6713/1667/files/FullSizeRender_d67c9bce-b504-40a4-88de-b4f41a30bc40.jpg
Al Fursan Desert unisex perfume by Al Fares 100ML,Al Fares,83.25,Disponible,https://cdn.shopify.com/s/files/1/0936/6713/1667/files/100-1.webp
AL HAMBRA SCEPTRE OCEANA 100ML EDP,Maison Alhambra,95.5,Disponible,https://cdn.shopify.com/s/files/1/0936/6713/1667/files/al-hambra-sceptre-oceana-100ml-edp-9718900_1ec4bd43-1b64-430b-a221-2e0e25b4b597.jpg
Al Haramain Amber Oud Dubai Night de 2.5oz Extrait de Parfum,Al Haramain,178.625,Disponible,https://cdn.shopify.com/s/files/1/0936/6713/1667/files/al-haramain-amber-oud-dubai-night-de-25oz-extrait-de-parfum-3552496_ee9a8dbe-1c55-40b9-be7e-8d17b4c1bcfc.jpg
Al Haramain Amber Oud Exclusif Emeral,Al Haramain,207.5,Disponible,https://cdn.shopify.com/s/files/1/0936/6713/1667/files/al-haramain-amber-oud-exclusif-emeral-5993513.jpg
Al Haramain Amber Oud Exclusif Sport 2.0 oz Extrait de Parfum for unisex,Al Haramain,172.5,Disponible,https://cdn.shopify.com/s/files/1/0936/6713/1667/files/al-haramain-amber-oud-exclusif-sport-20-oz-extrait-de-parfum-for-unisex-3490555.jpg
Al Haramain Amber Oud Gold (Extreme) 200 ml 6.7oz,Al Haramain,246,Agotado,https://cdn.shopify.com/s/files/1/0936/6713/1667/files/IMG_6681.jpg
Al Haramain Amber Oud Gold Edition 60ML,Al Haramain,140.825,Disponible,https://cdn.shopify.com/s/files/1/0936/6713/1667/files/al-haramain-amber-oud-gold-edition-60ml-6016172.webp
Al Haramain Amber Oud Gold Edition Extreme 100 ml,Al Haramain,202.25,Agotado,https://cdn.shopify.com/s/files/1/0936/6713/1667/files/al-haramain-amber-oud-gold-edition-extreme-7901252.jpg
Al Haramain Amber Oud Private Edition 2.0 oz EDP for men,Al Haramain,170.75,Disponible,https://cdn.shopify.com/s/files/1/0936/6713/1667/files/al-haramain-amber-oud-private-edition-20-oz-edp-for-men-1282379_09ab9f1b-2eee-4493-9c5a-c93f6c9d3afe.jpg
Al Haramain Amber Oud Unisex (Gold Edition) 120 ml 4 oz,Al Haramain,191.75,Disponible,https://cdn.shopify.com/s/files/1/0936/6713/1667/files/al-haramain-amber-oud-unisex-gold-edition-120-ml-4-oz-2832896.jpg
Al Haramain Gold Edition (200ml),Al Haramain,227.625,Agotado,https://cdn.shopify.com/s/files/1/0936/6713/1667/files/al-haramain-gold-edition-200ml-4040808_7f0a403f-5391-49b7-8323-da08382aa014.jpg
Al Haramain L' Aventure Femme Eau de Perfum 3.3 oz,Al Haramain,127,Agotado,https://cdn.shopify.com/s/files/1/0936/6713/1667/files/al-haramain-l-aventure-femme-eau-de-perfum-33-oz-3632130.jpg
Al Haramain L'Aventure Ciel,Al Haramain,135.75,Disponible,https://cdn.shopify.com/s/files/1/0936/6713/1667/files/al-haramain-laventure-ciel-2989464.jpg
AL HARAMAIN L'Aventure Iris Extrait de Parfum,Al Haramain,135.75,Disponible,https://cdn.shopify.com/s/files/1/0936/6713/1667/files/al-haramain-laventure-iris-extrait-de-parfum-4825715.jpg
Al Haramain L´aventure Fraiche Extrait de Parfum,Al Haramain,135.75,Disponible,https://cdn.shopify.com/s/files/1/0936/6713/1667/files/al-haramain-laventure-fraiche-extrait-de-parfum-4363782.jpg
Al Haramain Ruby Edition 100 ml,Al Haramain,184.75,Disponible,https://cdn.shopify.com/s/files/1/0936/6713/1667/files/al-haramain-ruby-edition-20-oz-6011791.jpg
Al Jamal 3.4oz,,86.75,Disponible,https://cdn.shopify.com/s/files/1/0936/6713/1667/files/al-jamal-34oz-8898267.jpg
Al Noor Arabiyat Prestige for women and men,,139.25,Agotado,https://cdn.shopify.com/s/files/1/0936/6713/1667/files/41KANTgkyML._SX679.jpg
Al Qasr Rouge Female For Le Chameau,Le Chameau,92,Disponible,https://cdn.shopify.com/s/files/1/0936/6713/1667/files/al-qasr-rouge-female-for-le-chameau-7860424.jpg
Al Qiaam Gold 3.4oz,,107.75,Disponible,https://cdn.shopify.com/s/files/1/0936/6713/1667/files/al-qiaam-gold-34oz-9774392.jpg
Al Qiaam Silver 3.4oz,,107.75,Disponible,https://cdn.shopify.com/s/files/1/0936/6713/1667/files/al-qiam-silver-34oz-5715596.jpg
Alba,,137.5,Disponible,https://cdn.shopify.com/s/files/1/0936/6713/1667/files/alba-6032102.jpg
ALHAMBRA OPULENCE LEATHER PERFUME,Maison Alhambra,102.5,Disponible,https://cdn.shopify.com/s/files/1/0936/6713/1667/files/IMG_4688_4ab47174-bba6-496e-b8ee-66b8cb4de9bf.jpg
Alien double discovery perfume set,,151.5,Disponible,https://cdn.shopify.com/s/files/1/0936/6713/1667/files/3614274475951_alien-edp_goddess_miniature-giftset_main.webp
Alien Mugler for women Mugler 90ml,Mugler,354.5,Agotado,https://cdn.shopify.com/s/files/1/0936/6713/1667/files/3439600056969_alien_90ml_refillable_main_v2.jpg
AllYOUR’S Homme Sport 3.4oz,,88.5,Disponible,https://cdn.shopify.com/s/files/1/0936/6713/1667/files/all-yours-homme-sport-34oz-3139708.jpg
Almajlis Gulf Orchid Eau De Parfum,,81.5,Disponible,https://cdn.shopify.com/s/files/1/0936/6713/1667/files/almajlis-gulf-orchid-eau-de-parfum-9199779.jpg
Alpha Eau De Parfum 3.4 FL OZ,,95.5,Disponible,https://cdn.shopify.com/s/files/1/0936/6713/1667/files/alpha-eau-de-parfum-34-fl-oz-4967186.jpg
Alpine Homme Sport Maison Alhambra for men,Maison Alhambra,95.5,Agotado,https://cdn.shopify.com/s/files/1/0936/6713/1667/files/maison-alhambra-mens-alpine-homme-sport-edp-spray-34-oz-fragrances-6291108735879_3.jpg
Alya Nature's Scents Reed Diffuser Cool Linen - 100 ml,,62.25,Disponible,https://cdn.shopify.com/s/files/1/0936/6713/1667/files/alya-pachnace-patyczki-zapachowe-dekoracyjny-odswiezacz-cool-linen-100ml.webp
Alya 3.4oz,,92,Disponible,https://cdn.shopify.com/s/files/1/0936/6713/1667/files/alya-34oz-1703450_51e743e1-4e2c-41cb-bf79-4e1015b70477.jpg
Alya Nature's Scents Reed Diffuser 3.3oz Mango,,61.55,Disponible,https://cdn.shopify.com/s/files/1/0936/6713/1667/files/28df4cc2-f881-451a-aedf-9067627d4cf8.b7e57ceb681b0093c2e1ae08e9abb5a6.avif
ALYA Nature's Scents Reed Diffuser ANGEL'S DREAM Fragrance 100ml 3.3 fl oz,,62.25,Disponible,https://cdn.shopify.com/s/files/1/0936/6713/1667/files/422ae54e-5cc9-4820-aecb-d98e9b1c3a65_800x800.jpeg.format.avif
Alya Nature's Scents Reed Diffuser Bubble Gum - 100 ml,,62.25,Disponible,https://cdn.shopify.com/s/files/1/0936/6713/1667/files/alya-pachnace-patyczki-zapachowe-dekoracyjny-odswiezacz-bubble-gum-100ml-rodzaj-patyczki.webp
ALYA Nature's Scents Reed Diffuser GARDENIA Lasting Fragrance 3.3oz,,62.25,Disponible,https://cdn.shopify.com/s/files/1/0936/6713/1667/files/51sXtaVXx1L._AC_SX679.jpg
Alya Nature's Scents Reed Diffuser Ocean - 100 ml,,62.25,Disponible,https://cdn.shopify.com/s/files/1/0936/6713/1667/files/ocean-5.webp
ALYA Nature's Scents Reed Diffuser Orange Blossom 100ml Long Lasting,,62.25,Disponible,https://cdn.shopify.com/s/files/1/0936/6713/1667/files/4e2d9480-8b35-4d8b-9d3c-95b7b8187749_800x800.jpeg.format.avif
"ALYA Nature's Scents Reed Diffuser Pineapple and Coconut Fragrance, 3.3 fl oz",,62.25,Disponible,https://cdn.shopify.com/s/files/1/0936/6713/1667/files/617TQS4R1-L._AC_SX679.jpg
Alya Nature's Scents Reed Diffuser Sandalwood,,62.25,Disponible,https://cdn.shopify.com/s/files/1/0936/6713/1667/files/MTcxNzE1NDgxNTY2NTliM2ZmZjFiYmE.png
ALYA Nature's Scents Spa Reed Diffuser 3.3 fl oz,,62.25,Disponible,https://cdn.shopify.com/s/files/1/0936/6713/1667/files/61MZ11_FPWL._AC_SY879.jpg
"ALYA Reed Diffuser APPLE PIE Fragrance, 100ml / 3.3 fl oz",,62.25,Disponible,https://cdn.shopify.com/s/files/1/0936/6713/1667/files/Hd2e053d8fefd4af594fe0eb5149a869bK.jpg_300x300_415e6235-19b7-49b4-bcff-3f51c7d76f2e.avif
Alya Reed Diffuser BERGAMOT TEA 100ml,,62.25,Disponible,https://cdn.shopify.com/s/files/1/0936/6713/1667/files/res_d4d8d6c3fa427d1b0fe0bddce75e1e35.avif
ALYA Reed Diffuser Green Forest Scent 100ml Long Lasting,,62.25,Disponible,https://cdn.shopify.com/s/files/1/0936/6713/1667/files/s-l1600-2026-05-06T164732.587.webp
Amaretto by Ainash,Ainash,170.75,Disponible,https://cdn.shopify.com/s/files/1/0936/6713/1667/files/amaretto-by-ainash-6693530.jpg
Amber Extreme 3.4oz,,127,Disponible,https://cdn.shopify.com/s/files/1/0936/6713/1667/files/amber-extreme-34oz-1943808.jpg
Amber Moda 3.4oz,,79.75,Disponible,https://cdn.shopify.com/s/files/1/0936/6713/1667/files/amber-moda-34oz-2581352.jpg
Amber Oud Ultra Violet Al Haramain Perfumes for women 60 ml,Al Haramain,188.25,Disponible,https://cdn.shopify.com/s/files/1/0936/6713/1667/files/amber-oud-ultra-violet-al-haramain-perfumes-for-women-60-ml-1798026_7d461269-d2e3-473d-bab7-f8f4d421b474.jpg
Amber Oud White Edition Al Haramain 60 ml,Al Haramain,178.625,Disponible,https://cdn.shopify.com/s/files/1/0936/6713/1667/files/amber-oud-white-edition-al-haramain-6818065.jpg
Amber Wave 3.4oz,,162,Disponible,https://cdn.shopify.com/s/files/1/0936/6713/1667/files/amber-wave-34oz-6301013_8090d2e0-af7f-4cac-983b-3fc6a00b8ddd.webp
Amberful Eau De Parfum Spray 120ml (4.0 Oz) By Mancera,Mancera,337,Agotado,https://cdn.shopify.com/s/files/1/0936/6713/1667/files/Untitleddesign-2025-07-18T195449_679_png.webp
Ambre Leather 3.4oz,,81.5,Disponible,https://cdn.shopify.com/s/files/1/0936/6713/1667/files/ambre-leather-34oz-9452163_707e3552-d85c-488b-b261-1c5c2602c6a8.jpg
Ameer Al Arab Imperium EDP Spray 100ML,,84.825,Disponible,https://cdn.shopify.com/s/files/1/0936/6713/1667/files/ameer-al-arab-imperium-edp-spray-100ml-2067297_e09fab4d-e668-4c6d-9ef7-3fd9c62ad468.jpg
Ameerat Al Arab 3.4oz,,84.825,Disponible,https://cdn.shopify.com/s/files/1/0936/6713/1667/files/ameerat-al-arab-34oz-4469557.jpg
Ameerat Al Arab Prive Rose 3.4oz,,84.825,Disponible,https://cdn.shopify.com/s/files/1/0936/6713/1667/files/ameerat-al-arab-prive-rose-34oz-8778384_97830f0e-d6e9-47a3-aec3-5d37881da9ae.jpg
Amnesty Borouj for women and men,,193.5,Disponible,https://cdn.shopify.com/s/files/1/0936/6713/1667/files/BoroujAmnesty2.webp
AMOUAGE Men's Epic EDP Spray 3.4 oz,Amouage,721.965,Agotado,https://cdn.shopify.com/s/files/1/0936/6713/1667/files/amouage-mens-epic-edp-spray-34-oz-fragrances-701666410119_2.jpg
AMOUAGE Unisex Guidance 46 Extrait de Parfum Spray 3.4 oz,Amouage,1772,Agotado,https://cdn.shopify.com/s/files/1/0936/6713/1667/files/amouage-unisex-guidance-46-extrait-de-parfum-spray-34-oz-fragrances-701666410980_2.jpg
Amouage Ladies Epic EDP 3.4 oz,Amouage,928.5,Disponible,https://cdn.shopify.com/s/files/1/0936/6713/1667/files/amouage-ladies-epic-edp-34-oz-fragrances-701666410126_2.jpg
Amouage Ladies Honour 43 EDP Spray 3.4 oz,Amouage,1016,Agotado,https://cdn.shopify.com/s/files/1/0936/6713/1667/files/amouage-ladies-honour-43-edp-spray-34-oz-fragrances-701666411208.jpg
Amouage Men's Interlude EDP Spray 3.4 oz,Amouage,897,Agotado,https://cdn.shopify.com/s/files/1/0936/6713/1667/files/amouage-mens-interlude-edp-spray-34-oz-fragrances-701666410195_2.jpg
Amouage Reflection 45 Man Extrait de Parfum 100 ml,Amouage,1422,Disponible,https://cdn.shopify.com/s/files/1/0936/6713/1667/files/e53f7d_77d9ad3076be404b99453d0ac0c0b564_mv2.avif
Amouage Reflection Man 3.4 oz 100 ml Eau De Parfum,Amouage,1422,Disponible,https://cdn.shopify.com/s/files/1/0936/6713/1667/files/s-l1600_9.webp
Amouage Unisex Enclave EDP Spray 3.4 oz,Amouage,1194.5,Disponible,https://cdn.shopify.com/s/files/1/0936/6713/1667/files/amouage-unisex-enclave-edp-spray-34-oz-fragrances-701666411291.jpg
Amouage Unisex Opus XIV Royal Tobacco EDP Spray 3.4 oz,Amouage,897,Disponible,https://cdn.shopify.com/s/files/1/0936/6713/1667/files/amouage-unisex-opus-xiv-royal-tobacco-edp-spray-34-oz-fragrances-701666410577_2.jpg
Ana Abiyedh Rouge Eau de Parfum 60ml (2.0 oz),Lattafa,92,Disponible,https://cdn.shopify.com/s/files/1/0936/6713/1667/files/2_3450511f-7720-4b1a-b7c2-c9484149863f.webp
ANA ABIYEDH SCARLET 60ml (2.0 oz),Lattafa,111.25,Disponible,https://cdn.shopify.com/s/files/1/0936/6713/1667/files/WhatsAppImage2025-09-01at00.08.54_22.jpg
Anaqeed Rouge By Fragrance World Eau De Parfum for Unisex 100 ML,Fragrance World,81.5,Disponible,https://cdn.shopify.com/s/files/1/0936/6713/1667/files/anaqeed-rouge-by-fragrance-world-eau-de-parfum-for-unisex-100-ml-2194967.jpg
ANARCHY NO RULES 3. 4 OZ EDP,,188.25,Disponible,https://cdn.shopify.com/s/files/1/0936/6713/1667/files/FullSizeRender_84df7767-7b31-4cc1-8fa5-6e35debd8210.jpg
"Anarchy Renegade, Unisex Eau de Parfum, 3.4 Fl Oz",,188.25,Disponible,https://cdn.shopify.com/s/files/1/0936/6713/1667/files/4hovgoart1umakupnevl5znd.webp
ANARCHY UNSTOPPABLE FOR MEN 3.4 OZ EDP,,188.25,Disponible,https://cdn.shopify.com/s/files/1/0936/6713/1667/files/FullSizeRender_e265f1a2-bef1-4930-88f7-60fa987c56db.jpg
Anchor Black 3.4oz,Maison Alhambra,81.5,Agotado,https://cdn.shopify.com/s/files/1/0936/6713/1667/files/anchor-black-34oz-5923145_7db6a0b9-7e55-4a69-8b8b-8c52632dc62b.jpg
Anfar Ladies Florence Incense EDP Spray 3.4 oz,Anfar,86.75,Disponible,https://cdn.shopify.com/s/files/1/0936/6713/1667/files/anfar-ladies-florence-incense-edp-spray-34-oz-fragrances-6292257589016.jpg
Anfar Ladies London Rose Musk EDP Spray 3.4 oz,Anfar,104.25,Disponible,https://cdn.shopify.com/s/files/1/0936/6713/1667/files/anfar-ladies-london-rose-musk-edp-spray-34-oz-fragrances-6292257588712.jpg
Anfar Ladies Magnifique Fleur Extrait de Parfum Spray 1.7 oz,Anfar,134,Disponible,https://cdn.shopify.com/s/files/1/0936/6713/1667/files/anfar-ladies-magnifique-fleur-extrait-de-parfum-spray-17-oz-fragrances-6292257641851.jpg
Anfar Ladies Odyssee IV Extrait de Parfum Spray 3.4 oz,Anfar,137.5,Disponible,https://cdn.shopify.com/s/files/1/0936/6713/1667/files/anfar-ladies-odyssee-iv-extrait-de-parfum-spray-34-oz-fragrances-6292257644098.jpg
Anfar London Tres Violet Extrait De Parfum 3.4oz/ 100ml,Anfar,144.5,Disponible,https://cdn.shopify.com/s/files/1/0936/6713/1667/files/s-l1600_53.webp
Anfar Men's Azule Elite Extrait de Parfum Spray 3.4 oz,Anfar,144.5,Disponible,https://cdn.shopify.com/s/files/1/0936/6713/1667/files/anfar-mens-azule-elite-extrait-de-parfum-spray-34-oz-fragrances-6292257642124_1.jpg
Anfar Men's Azure Spirit Extrait de Parfum Spray 3.4 oz,Anfar,144.5,Disponible,https://cdn.shopify.com/s/files/1/0936/6713/1667/files/anfar-mens-azure-spirit-extrait-de-parfum-spray-34-oz-fragrances-6292257643510.jpg
Anfar Men's Odyssee III Extrait de Parfum Spray 3.4 oz,Anfar,137.5,Disponible,https://cdn.shopify.com/s/files/1/0936/6713/1667/files/anfar-mens-odyssee-iii-extrait-de-parfum-spray-34-oz-fragrances-6292257644081.jpg
Anfar Men's The Masterpiece EDP Spray 3.4 oz,Anfar,118.25,Disponible,https://cdn.shopify.com/s/files/1/0936/6713/1667/files/anfar-mens-the-masterpiece-edp-spray-34-oz-fragrances-6292257588415_2.jpg
Anfar Unisex Oud D'Orient EDP Spray 3.7 oz,Anfar,142.75,Disponible,https://cdn.shopify.com/s/files/1/0936/6713/1667/files/anfar-unisex-oud-dorient-edp-spray-37-oz-fragrances-6292257603002.jpg
Apple Orchard Karisma By Asten Eau De Parfum Spray 3.4 oz,,95.5,Disponible,https://cdn.shopify.com/s/files/1/0936/6713/1667/files/Apple_Orchard_1000x_f85dac60-9df7-47a2-9097-0f731dfaf1b1.webp
Aqar Aquarabia Abyat Galaxy 100 ml,,120,Disponible,https://cdn.shopify.com/s/files/1/0936/6713/1667/files/FullSizeRender_ff9b8754-5d2a-4ea4-8d9c-850d598f44da.jpg
Aquamarine Eau Parfum,,85,Disponible,https://cdn.shopify.com/s/files/1/0936/6713/1667/files/aquamarine-eau-parfum-8912436_2874d9cb-519b-4a95-ae40-e3504a7211af.jpg
Arabesque Amethyst 3.4oz,,86.75,Disponible,https://cdn.shopify.com/s/files/1/0936/6713/1667/files/arabesque-amethyst-34oz-6953672_18bf7058-6446-427c-b6d7-22e579aeefb6.jpg
Arabesque Topaz 3.4oz,,90.25,Disponible,https://cdn.shopify.com/s/files/1/0936/6713/1667/files/arabesque-topaz-34oz-6493239_e24444df-4a22-43d3-869f-19010803714e.jpg
Arabia Al Oud 3.4oz,,90.25,Disponible,https://cdn.shopify.com/s/files/1/0936/6713/1667/files/arabia-al-oud-34oz-3948271.jpg
Arabia Beauty,,97.25,Disponible,https://cdn.shopify.com/s/files/1/0936/6713/1667/files/arabia-beauty-4549822.jpg
Arabia Black Aromato 3.4oz,,93.75,Disponible,https://cdn.shopify.com/s/files/1/0936/6713/1667/files/arabia-black-aromato-34oz-4683197_7010b8f8-824e-4d79-a631-9ead6af0d123.jpg
Arabia Bon VoyageWomen,,97.25,Disponible,https://cdn.shopify.com/s/files/1/0936/6713/1667/files/arabia-bon-voyagewomen-4154468_5368850b-85fd-4111-bca6-54225289b6ac.jpg
ARABIA CODE Eau De Parfum 3.4oz,,90.25,Disponible,https://cdn.shopify.com/s/files/1/0936/6713/1667/files/arabia-code-eau-de-parfum-34oz-4634593.jpg
Arabia Crush 20 Ml,,53.5,Disponible,https://cdn.shopify.com/s/files/1/0936/6713/1667/files/Photoroom_20250728_112950.jpg
Arabia Emotion Women( Promoción),,97.25,Disponible,https://cdn.shopify.com/s/files/1/0936/6713/1667/files/arabia-emotion-women-promocion-9792810_8f9189a5-8300-48df-87f6-e421d6440dd2.jpg
Arabia Explorer 3.4oz,,92,Disponible,https://cdn.shopify.com/s/files/1/0936/6713/1667/files/arabia-explorer-34oz-7659072.jpg
Arabia Hamad Le Chameau for men 100 ML,Le Chameau,95.5,Disponible,https://cdn.shopify.com/s/files/1/0936/6713/1667/files/emper-unisex-le-chameau-arabia-hamad-edp-spray-34-oz-fragrances-6294021901154.jpg
Arabia Haya 3.4oz,,93.75,Disponible,https://cdn.shopify.com/s/files/1/0936/6713/1667/files/D_NQ_NP_970614-MLU78009567908_082024-O.webp
Arabia Haya Le Chameu 250Ml Set Lot+Mist,,71,Disponible,https://cdn.shopify.com/s/files/1/0936/6713/1667/files/2363407.webp
Arabia Heroes Eau de Parfum,,97.25,Disponible,https://cdn.shopify.com/s/files/1/0936/6713/1667/files/Photoroom_20250513_161753.jpg
Arabia Inter Rouge 3.4oz,,88.5,Disponible,https://cdn.shopify.com/s/files/1/0936/6713/1667/files/arabia-inter-rouge-34oz-7885532.jpg
Arabia Khasab Unisex,,92,Disponible,https://cdn.shopify.com/s/files/1/0936/6713/1667/files/arabia-khasab-unisex-1460292.jpg
Arabia Madame 20 ml,,53.5,Disponible,https://cdn.shopify.com/s/files/1/0936/6713/1667/files/Photoroom_20250728_112718.jpg
Arabia Madame Eau Parfum 3.4oz,,90.25,Disponible,https://cdn.shopify.com/s/files/1/0936/6713/1667/files/arabia-madame-eau-parfum-34oz-9022226.jpg
Arabia Madame Gift Set 2 In 1 Moistursing Lotion Frangance Mist 250ml,,71,Disponible,https://cdn.shopify.com/s/files/1/0936/6713/1667/files/s-l1600-2026-05-03T094738.520.webp
Arabia Madame Hair Perfume 50 M L,,67.5,Disponible,https://cdn.shopify.com/s/files/1/0936/6713/1667/files/Arabia-Madame-Hair-Perfume-Infused-with-Honey-Emper-Perfumes-2205.webp
Arabia Malak Unisex,,92,Disponible,https://cdn.shopify.com/s/files/1/0936/6713/1667/files/arabia-malak-unisex-2832246.jpg
Arabia Nacer 3.4oz,,97.25,Disponible,https://cdn.shopify.com/s/files/1/0936/6713/1667/files/arabia-nacer-34oz-6835587_db2a3376-d5c7-4b1b-a923-fe9235ae1790.jpg
Arabia Orchid Eau Parfum 3.4oz,,90.25,Disponible,https://cdn.shopify.com/s/files/1/0936/6713/1667/files/arabia-orchid-eau-parfum-34oz-2411193_479eb302-5cb1-4e45-80a6-d82f67eddf33.jpg
Arabia Pour Femme Eau Parfum 3.4oz,,90.25,Disponible,https://cdn.shopify.com/s/files/1/0936/6713/1667/files/arabia-pour-femme-eau-parfum-34oz-7456077.webp
Arabia Pour Homme 3.4oz,,90.25,Agotado,https://cdn.shopify.com/s/files/1/0936/6713/1667/files/arabia-pour-homme-34oz-7326600.webp
Arabia silver vetiver Eau Parfum 3.4oz,,93.75,Disponible,https://cdn.shopify.com/s/files/1/0936/6713/1667/files/arabia-silver-vetiver-eau-parfum-34oz-2162031.jpg
Arabia SOLEIL by Emper,Emper,93.75,Disponible,https://cdn.shopify.com/s/files/1/0936/6713/1667/files/arabia-soleil-by-emper-8377513_376d4b9a-c122-4054-9a71-239afa2e7fcc.jpg
Arabian Beauty Eau Parfum 3.4oz,,102.5,Disponible,https://cdn.shopify.com/s/files/1/0936/6713/1667/files/arabian-beauty-eau-parfum-34oz-2894579.jpg
Arabian Colors 100 ml Perfume Unisex Emper,Emper,102.5,Disponible,https://cdn.shopify.com/s/files/1/0936/6713/1667/files/arabian-colors-100-ml-perfume-unisex-emper-7308500_9ddd30af-066e-4429-b250-73368481221b.jpg
Arabians Musk by Montale 100 ML,Montale,351,Agotado,https://cdn.shopify.com/s/files/1/0936/6713/1667/files/10__09423.jpg
Arabians Tonka Montale for women and men,Montale,386,Disponible,https://cdn.shopify.com/s/files/1/0936/6713/1667/files/WhatsAppImage2025-05-22at18.39.32.jpg
Arabiyat Prestige Men's Marwa EDP Spray 3.4 oz,,165.465,Agotado,https://cdn.shopify.com/s/files/1/0936/6713/1667/files/s-l1600_-_2026-05-08T164138.424.webp
ARABIYAT PRESTIGE CURSED 3.4FL.OZ EDP SPRAY FOR MEN AND WOMEN,,186.5,Agotado,https://cdn.shopify.com/s/files/1/0936/6713/1667/files/s-l1600-2026-05-09T190823.918.webp
ARABIYAT PRESTIGE FORBIDDEN EDP 3.4FL.OZ SPRAY FOR WOMEN AND MEN,,186.5,Agotado,https://cdn.shopify.com/s/files/1/0936/6713/1667/files/s-l1600-2026-05-09T191510.752.webp
Arabiyat Prestige Ladies Safa EDP Spray 3.4 oz,,140.125,Agotado,https://cdn.shopify.com/s/files/1/0936/6713/1667/files/arabiyat-prestige-ladies-safa-edp-spray-34-oz-fragrances-6290361912331.jpg
Arabiyat Prestige Nyla Eau De Parfum 2.7FL.OZ For Women,,102.325,Agotado,https://cdn.shopify.com/s/files/1/0936/6713/1667/files/Untitled_design_72.webp
Arabiyat Prestige Nyla Suede Eau De Parfum 2.7FL.OZ,,102.465,Agotado,https://cdn.shopify.com/s/files/1/0936/6713/1667/files/Untitled_design_75.webp
Arabiyat Prestige Nyla Vani-elle Eau De Parfum 2.7FL.OZ,,102.465,Agotado,https://cdn.shopify.com/s/files/1/0936/6713/1667/files/Untitled_design_70.webp
Arabiyat Prestige Unisex Mahd Al Dhahab EDP Spray 3.4 oz,,165.465,Agotado,https://cdn.shopify.com/s/files/1/0936/6713/1667/files/arabiyat-prestige-unisex-mahd-al-dhahab-edp-spray-34-oz-fragrances-6290361912355_2_1.jpg
Arabiyat Prestige Unisex Uhud EDP Spray 3.4 oz,,140.125,Agotado,https://cdn.shopify.com/s/files/1/0936/6713/1667/files/71k_-xDp17L._SX679.jpg
Ard Al Zaafaran Ladies Laila EDP Spray 3.4 oz,Ard Al Zaafaran,116.5,Disponible,https://cdn.shopify.com/s/files/1/0936/6713/1667/files/ard-al-zaafaran-ladies-laila-edp-spray-34-oz-fragrances-6432452224767_3.jpg
Aria by Ainash Parfums,Ainash,170.75,Disponible,https://cdn.shopify.com/s/files/1/0936/6713/1667/files/aria-by-ainash-parfums-3834556.jpg
ARIANA GRANDE Ari / EDP Spray 3.4 oz (100 ml),,165.5,Agotado,https://cdn.shopify.com/s/files/1/0936/6713/1667/files/s-l400.jpg
Ariana Grande Ladies Cloud 2.0 Intense EDP Spray 3.4 oz,,207.465,Agotado,https://cdn.shopify.com/s/files/1/0936/6713/1667/files/ariana-grande-ladies-cloud-20-intense-edp-spray-34-oz-fragrances-812256028611.jpg
ARIANA GRANDE Ladies Cloud EDP Spray 3.4 oz,,207.5,Disponible,https://cdn.shopify.com/s/files/1/0936/6713/1667/files/IMG_0317.jpg
ARIANA GRANDE Ladies Cloud Pink EDP Spray 3.4 oz,,207.5,Disponible,https://cdn.shopify.com/s/files/1/0936/6713/1667/files/IMG_7832.jpg
Ariana Grande Thank U Next Gift Set Fragrances,,211,Disponible,https://cdn.shopify.com/s/files/1/0936/6713/1667/files/8cvyecq7zp90kl1zn7kzrovt7fut.jpg
ARIANA GRANDE LIKE CANDY SET 3.4 OZ EAU de PARFUM,,211,Agotado,https://cdn.shopify.com/s/files/1/0936/6713/1667/files/Ariana-Grande-Sweet-Like-Candy-Eau-de-Parfum-3PCS-Gift-Set-for-Women_9f269424-5590-4ef0-a150-bd10f7de084c_e4abdbb1114abba8307508d268792807_jpeg.webp
ARIANA GRANDE Mod Blush 3.4 oz EDP for women,,216.25,Disponible,https://cdn.shopify.com/s/files/1/0936/6713/1667/files/mod-blush-ariana-grande_1280x_ffdfa568-aa23-439f-abc7-dea6e98e844e.webp
Ariana Grande MOD Vanilla for Women EDP,,214.5,Agotado,https://cdn.shopify.com/s/files/1/0936/6713/1667/files/mod-vanilla_1024x1024_d6b681f2-dc4a-44f8-ae7a-5be002e27abc.webp
Ariana Grande Thank U Next EDP 100 ml,,207.5,Disponible,https://cdn.shopify.com/s/files/1/0936/6713/1667/files/IMG_6491_f4fbb342-ee12-4f8a-baab-f94d778c07ea.jpg
"Ariana Grande Thank U, Next2.0 Eau de Parfum",,232,Disponible,https://cdn.shopify.com/s/files/1/0936/6713/1667/files/b0574501c244e8d6923fef0ac604654d.jpg
Armani Beauty Acqua di Giò Profondo Eau de Parfum 2-Piece Cologne Gift Set,Armani,442,Agotado,https://cdn.shopify.com/s/files/1/0936/6713/1667/files/7628329-2.webp
Armani Emporio Stronger With You Absolutely Eau de Parfum 100 ml,Armani,386,Disponible,https://cdn.shopify.com/s/files/1/0936/6713/1667/files/giorgio-armani-emporio-armani-stronger-with-you-absolutely-eau-de-parfum-spray-100ml34oz-3614273336383.jpg
ARO-FAC SUGER CACAO 100 ml,,139.25,Disponible,https://cdn.shopify.com/s/files/1/0936/6713/1667/files/IMG_4748.jpg
ARO-FAC Suger Candy Aroma Factory for women and men,,139.25,Disponible,https://cdn.shopify.com/s/files/1/0936/6713/1667/files/dark-375x500.102444.2x.avif
ARO-FAC Suger Chrome Aroma Factory for women and men,,139.25,Disponible,https://cdn.shopify.com/s/files/1/0936/6713/1667/files/dark-375x500.102450.2x.avif
ARO-FAC SUGER CITRON 100 ml,,139.25,Disponible,https://cdn.shopify.com/s/files/1/0936/6713/1667/files/IMG_4744.jpg
ARO-FAC Suger Ice Aroma Factory for women and men,,139.25,Disponible,https://cdn.shopify.com/s/files/1/0936/6713/1667/files/dark-375x500.111973.2x.avif
ARO-FAC Suger Intense Aroma Factory for women and men,,139.25,Disponible,https://cdn.shopify.com/s/files/1/0936/6713/1667/files/dark-375x500.102445.2x.avif
ARO-FAC Suger Oud Gold Edition Aroma Factory for women and men 100 ML,,139.25,Disponible,https://cdn.shopify.com/s/files/1/0936/6713/1667/files/dark-375x500.96041.2x.avif
ARO-FAC SUGER SPRINKLE 100 ml,,139.25,Disponible,https://cdn.shopify.com/s/files/1/0936/6713/1667/files/IMG_4752.jpg
ARO-FAC SUGER TANGY 100 ml,,139.25,Disponible,https://cdn.shopify.com/s/files/1/0936/6713/1667/files/IMG_4719.jpg
Aromatix Naughty Dates Extrait de Parfum Spray 3.4 oz,French Avenue,207.5,Disponible,https://cdn.shopify.com/s/files/1/0936/6713/1667/files/french-avenue-x-aromatix-unisex-aromatix-naughty-dates-naughty-dates-extrait-de-parfum-spray-34-oz-fragrances-6298042001725.jpg
ART DECO Clive BLONDE AMBER NOBLE COLLECTION,,1212,Disponible,https://cdn.shopify.com/s/files/1/0936/6713/1667/files/2_f5783c14-7790-4377-b521-94332ed207b0.webp
Art of Arabia EAU DE PARFUM II 3.4oz,,141,Disponible,https://cdn.shopify.com/s/files/1/0936/6713/1667/files/art-of-arabia-ii-34oz-3739376_cdbdee81-4cdb-4605-837e-4dcea90b9219.webp
Art of Arabia I EAU DE PARFUM 3.4oz,,141,Disponible,https://cdn.shopify.com/s/files/1/0936/6713/1667/files/Art-of-Arabia-I-61608879_png.webp
Art of arabia lll EAU DE PARFUM 3.4oz,,141,Disponible,https://cdn.shopify.com/s/files/1/0936/6713/1667/files/art-of-arabia-lll-34oz-8863031_4a05e5e7-2304-430f-9b25-51145bd73251.webp
Aruba gold Pour Homme,Emper,98.125,Disponible,https://cdn.shopify.com/s/files/1/0936/6713/1667/files/aruba-gold-pour-homme-7409487.jpg
Asdaaf Raneen Eau de Parfum for Women,Asdaaf,109.5,Agotado,https://cdn.shopify.com/s/files/1/0936/6713/1667/files/img_5314.jpg
ASRAR ADORABLE - EAU DE PARFUM 100 ML,,137.5,Disponible,https://cdn.shopify.com/s/files/1/0936/6713/1667/files/asrar-adorable-eau-de-parfum-100-ml-4712844.jpg
Asten Queen EDP 100 ml,,83.25,Disponible,https://cdn.shopify.com/s/files/1/0936/6713/1667/files/asten-queen-edp-100ml-Silk-Perfumes-1.webp
Aswad Arif,,97.25,Disponible,https://cdn.shopify.com/s/files/1/0936/6713/1667/files/aswad-arif-7914533.jpg
Athan by Ainash Parfums 2.5 oz,Ainash,170.75,Disponible,https://cdn.shopify.com/s/files/1/0936/6713/1667/files/athan-by-ainash-parfums-25-oz-3051820.jpg
Atheer For Unisex Le Chameau,Le Chameau,95.5,Disponible,https://cdn.shopify.com/s/files/1/0936/6713/1667/files/atheer-for-unisex-le-chameau-7860673.jpg
Atlantis Perfume Extract 100ml - French Avenue,French Avenue,161.965,Disponible,https://cdn.shopify.com/s/files/1/0936/6713/1667/files/parfum-atlantis-extrait-french-avenue_jpg.webp
ATRALIA Absolute Chill,ATRALIA,107.75,Disponible,https://cdn.shopify.com/s/files/1/0936/6713/1667/files/Absolute_Chill_png.webp
Atralia Amazonas Avalanche eau de parfum 3.3 oz,ATRALIA,93.75,Agotado,https://cdn.shopify.com/s/files/1/0936/6713/1667/files/shopping_46.webp
ATRALIA Amazonas Sierra,ATRALIA,93.75,Disponible,https://cdn.shopify.com/s/files/1/0936/6713/1667/files/AmazonasSierra-BoxandBottle_jpg.webp
ATRALIA Elixir,ATRALIA,104.25,Disponible,https://cdn.shopify.com/s/files/1/0936/6713/1667/files/Elixir_jpg.webp
Atralia Ladies Rouge Orchard EDP Spray 3.4 oz,ATRALIA,116.5,Disponible,https://cdn.shopify.com/s/files/1/0936/6713/1667/files/atralia-ladies-rouge-orchard-edp-spray-34-oz-fragrances-850051296422_2.jpg
ATRALIA Magma Ember Dusk,ATRALIA,162,Disponible,https://cdn.shopify.com/s/files/1/0936/6713/1667/files/2_d9c34e84-e497-484b-9b3f-769e556b286b_png.webp
Atralia Men's 1878 Royal Oud EDP Spray 3.4 oz,ATRALIA,76.25,Agotado,https://cdn.shopify.com/s/files/1/0936/6713/1667/files/atralia-mens-1878-royal-oud-edp-spray-34-oz-fragrances-850051296330.jpg
Atralia Men's Albert Einstein Infinity EDP Spray 3.3 oz,ATRALIA,97.25,Agotado,https://cdn.shopify.com/s/files/1/0936/6713/1667/files/atralia-mens-albert-einstein-infinity-edp-spray-33-oz-fragrances-850051296286.jpg
Atralia Men's Imperial Unus EDP Spray 3.4 oz,ATRALIA,97.25,Agotado,https://cdn.shopify.com/s/files/1/0936/6713/1667/files/atralia-mens-imperial-unus-edp-spray-34-oz-fragrances-850051296088.jpg
ATRALIA Sugar Mallow,ATRALIA,115.625,Disponible,https://cdn.shopify.com/s/files/1/0936/6713/1667/files/Sugar_Mallow_png.webp
Atralia Unisex 1878 Grandeur Oud EDP Spray 3.4 oz,ATRALIA,76.25,Agotado,https://cdn.shopify.com/s/files/1/0936/6713/1667/files/atralia-unisex-1878-grandeur-oud-edp-spray-34-oz-fragrances-850051296361.jpg
Atralia Unisex 1878 Prestige Oud EDP Spray 3.4 oz,ATRALIA,76.25,Agotado,https://cdn.shopify.com/s/files/1/0936/6713/1667/files/atralia-unisex-1878-prestige-oud-edp-spray-34-oz-fragrances-6297000324838_2.jpg
Atralia Unisex Amazonas Drift EDP Spray 3.3 oz,ATRALIA,93.75,Agotado,https://cdn.shopify.com/s/files/1/0936/6713/1667/files/atralia-unisex-amazonas-drift-edp-spray-33-oz-fragrances-850051296026.jpg
Atralia Unisex Amazonas Solstice EDP Spray 3.4 oz,ATRALIA,93.75,Disponible,https://cdn.shopify.com/s/files/1/0936/6713/1667/files/atralia-unisex-amazonas-solstice-edp-spray-34-oz-fragrances-850051296019.jpg
Atralia Unisex Amora Essence Extrait de Parfum Spray 3.4 oz,ATRALIA,97.25,Agotado,https://cdn.shopify.com/s/files/1/0936/6713/1667/files/atralia-unisex-amora-essence-extrait-de-parfum-spray-34-oz-fragrances-850051296057.jpg
Atralia Unisex Amora Lumere Extrait de Parfum Spray 3.4 oz,ATRALIA,97.25,Agotado,https://cdn.shopify.com/s/files/1/0936/6713/1667/files/atralia-unisex-amora-lumere-extrait-de-parfum-spray-34-oz-fragrances-850051296064_1.jpg
Atralia Unisex Amora Serinity Extrait de Parfum Spray 3.4 oz,ATRALIA,97.25,Agotado,https://cdn.shopify.com/s/files/1/0936/6713/1667/files/atralia-unisex-amora-serinity-extrait-de-parfum-spray-34-oz-fragrances-850051296071.jpg
Atralia Unisex Equest Canter EDP Spray 3.4 oz,ATRALIA,76.25,Agotado,https://cdn.shopify.com/s/files/1/0936/6713/1667/files/atralia-unisex-equest-canter-edp-spray-34-oz-fragrances-850051296118.jpg
Atralia Unisex Equest Gallop EDP Spray 3.4 oz,ATRALIA,76.25,Agotado,https://cdn.shopify.com/s/files/1/0936/6713/1667/files/atralia-unisex-equest-gallop-edp-spray-3-4-oz-fragrances-850051296101.jpg
Atralia Unisex Equest Trot EDP Spray 3.4 oz,ATRALIA,39.5,Agotado,https://cdn.shopify.com/s/files/1/0936/6713/1667/files/atralia-unisex-equest-trot-edp-spray-34-oz-fragrances-850051296125_3.jpg
Atralia Unisex Matcha Latte EDP Spray 3.4 oz,ATRALIA,108.625,Disponible,https://cdn.shopify.com/s/files/1/0936/6713/1667/files/atralia-unisex-matcha-latte-edp-spray-34-oz-fragrances-850051296408.jpg
Attar Al Wesal 3.4oz,,92,Disponible,https://cdn.shopify.com/s/files/1/0936/6713/1667/files/attar-al-wesal-34oz-5587726.jpg
Attri Farfasha Attri Farfasha Eau de Parfum,,91.125,Disponible,https://cdn.shopify.com/s/files/1/0936/6713/1667/files/df3iirdismpx.jpg
Aura Pur Femme GRANDEUR,,88.5,Disponible,https://cdn.shopify.com/s/files/1/0936/6713/1667/files/aura-pur-femme-8609117.jpg
Auriano (by emper),Emper,81.5,Agotado,https://cdn.shopify.com/s/files/1/0936/6713/1667/files/auriano-by-emper-3402315.jpg
Aventos For Her Fragrance World for women,Fragrance World,90.25,Disponible,https://cdn.shopify.com/s/files/1/0936/6713/1667/files/descarga_8.webp
Awaken Anfar London,Anfar,144.5,Disponible,https://cdn.shopify.com/s/files/1/0936/6713/1667/files/awaken-anfar-london-7106458_989855a5-c369-4c99-ae91-d7c73c56e250.jpg
Azraq Arif,,97.25,Disponible,https://cdn.shopify.com/s/files/1/0936/6713/1667/files/azraq-arif-2363071.jpg
Azure by Ainash Parfums,Ainash,179.5,Disponible,https://cdn.shopify.com/s/files/1/0936/6713/1667/files/WhatsApp_Image_2025-05-23_at_17.31.57_3.jpg
Azure Fantasy,,317.75,Disponible,https://cdn.shopify.com/s/files/1/0936/6713/1667/files/azure-fantasy-1685292.jpg
AZZARO Men by EDT Spray Refillable 3.3 oz (100 ml),Azzaro,158.5,Disponible,https://cdn.shopify.com/s/files/1/0936/6713/1667/files/azzaro-for-men-by-azzaro-eau-de-toilette-spray-67-oz-m-3351500980086.jpg
AZZARO Men's Elixir Pour Homme EDT Spray 3.4 oz,Azzaro,179.465,Disponible,https://cdn.shopify.com/s/files/1/0936/6713/1667/files/azzaro-mens-elixir-pour-homme-edt-spray-34-oz-fragrances-3351500015863.jpg
Azzaro Elixir Eau de Parfum 100 ml,Azzaro,381.975,Disponible,https://cdn.shopify.com/s/files/1/0936/6713/1667/files/IMG_4406.jpg
AZZARO Men's Chrome Eau de Parfum EDP Spray 3.4 oz,Azzaro,179.465,Agotado,https://cdn.shopify.com/s/files/1/0936/6713/1667/files/azzaro-mens-chrome-eau-de-parfum-edp-spray-34-oz-fragrances-3614273650311.jpg
AZZARO THE MOST WANTED 0.04 PARFUM SPRAY VIAL FOR MEN,Azzaro,55.25,Disponible,https://cdn.shopify.com/s/files/1/0936/6713/1667/files/AZZ3191330__59677.jpg
AZZARO THE MOST WANTED 0.04 PARFUM SPRAY VIAL FOR MEN,Azzaro,55.25,Disponible,https://cdn.shopify.com/s/files/1/0936/6713/1667/files/azzaro-mens-wanted-eau-de-parfum-edp-spray-004-oz-fragrances-3614273911092.jpg
Azzaro The Most Wanted Eau de Parfum Intense Gift Set,Azzaro,389.465,Disponible,https://cdn.shopify.com/s/files/1/0936/6713/1667/files/descarga_3.jpg
Azzaro The Most Wanted Eau De Toilette Intense Spray 100 ML,Azzaro,248.625,Disponible,https://cdn.shopify.com/s/files/1/0936/6713/1667/files/azzaro-mens-the-most-wanted-intense-edt-spray-34-oz-fragrances-3614274129281_3.jpg
Azzaro The Most Wanted Men's Eau de Parfum Intense Sample Spray 1.5ml /0.05oz,Azzaro,55.25,Disponible,https://cdn.shopify.com/s/files/1/0936/6713/1667/files/s-l1600-8.jpg
AZZARO Wanted EDP caja hombre 100 ml + Champú 75 ml + 10 ml,Azzaro,337,Disponible,https://cdn.shopify.com/s/files/1/0936/6713/1667/files/IMG_1585.jpg
Azzure Oud French Avenue for men,French Avenue,130.5,Disponible,https://cdn.shopify.com/s/files/1/0936/6713/1667/files/IMG_0636.jpg
B.A.D. Femme Maison Alhambra for women,Maison Alhambra,92,Agotado,https://cdn.shopify.com/s/files/1/0936/6713/1667/files/bad-femme-maison-alhambra-for-women-7219268.jpg
Baccarat Rouge 540 Eau de Parfum 6.7,,2923.5,Agotado,https://cdn.shopify.com/s/files/1/0936/6713/1667/files/EA8525EE-F496-463B-866C-568093F46185.jpg
BACK STREET OF NEW YORK 85 ML,,116.5,Disponible,https://cdn.shopify.com/s/files/1/0936/6713/1667/files/Back-Street--2048x2048.jpg
Bad Boy Le Parfum Carolina Herrera for Men 100 ml,Carolina Herrera,319.5,Agotado,https://cdn.shopify.com/s/files/1/0936/6713/1667/files/carolina-herrera-mens-bad-boy-le-parfum-edp-spray-34-oz-fragrances-8411061991886.jpg
Badee Al Oud Honor &amp; Glory,Lattafa,102.465,Disponible,https://cdn.shopify.com/s/files/1/0936/6713/1667/files/badee-al-oud-honor-amp-glory-1764474.webp
Badee Honor and Glory Gift Set,,109.325,Disponible,https://cdn.shopify.com/s/files/1/0936/6713/1667/files/61w7fD8Nv9L._SL1280.jpg
Bahiya Garnet Arabiyat Prestige for women,,146.25,Agotado,https://cdn.shopify.com/s/files/1/0936/6713/1667/files/o.139217.jpg
Bahiya Ruby Arabiyat Prestige for women and men,,146.25,Agotado,https://cdn.shopify.com/s/files/1/0936/6713/1667/files/61oa7FjrarL._SX679.jpg
Banana Bliss PARIS CORNER for women and men,Paris Corner,127,Disponible,https://cdn.shopify.com/s/files/1/0936/6713/1667/files/4_de524f69-ff6e-4325-b8c4-e63108ebc3f7.webp
Bara Coffe Eau Parfum 3.4oz,,127,Disponible,https://cdn.shopify.com/s/files/1/0936/6713/1667/files/bara-coffe-eau-parfum-34oz-6308712.jpg
Bara Eau Parfum 3.4oz,,127,Disponible,https://cdn.shopify.com/s/files/1/0936/6713/1667/files/bara-eau-parfum-34oz-8970464.jpg
Bara Wafa,,127,Disponible,https://cdn.shopify.com/s/files/1/0936/6713/1667/files/bara-wafa-7620879_d17d699b-31ab-4608-bc94-b8efdbe48673.jpg
Bare Magnolia Eau de Parfum 3.4 oz,,286.25,Disponible,https://cdn.shopify.com/s/files/1/0936/6713/1667/files/112463016142_OM_B.avif
BASMA - EAU DE PARFUM 100 ML,,81.5,Disponible,https://cdn.shopify.com/s/files/1/0936/6713/1667/files/basma-eau-de-parfum-100-ml-1590872.jpg
Bateig Azul Anfar London,Anfar,137.5,Disponible,https://cdn.shopify.com/s/files/1/0936/6713/1667/files/bateig-azul-anfar-london-7539533_2248b19b-c2ce-4a5d-95f2-aaa516d6a8c3.jpg
Bath & Body Works Bahamas Passionfruit & Banana Flower Body Lotion,,84.825,Disponible,https://cdn.shopify.com/s/files/1/0936/6713/1667/files/028024190.avif
Bath & Body Works Bahamas Passionfruit & Banana Flower Liquid Soap 10 fl oz / 295 ml,,84.825,Disponible,https://cdn.shopify.com/s/files/1/0936/6713/1667/files/028024189.avif
Bath & Body Works Bahamas Passionfruit & Banana Flower Maximum Hydration Body Cream 8 oz / 226 g,,84.825,Disponible,https://cdn.shopify.com/s/files/1/0936/6713/1667/files/028024188.avif
Bath & Body Works Blush Cardigan Body Wash 10 fl oz / 295 mL,,84.825,Disponible,https://cdn.shopify.com/s/files/1/0936/6713/1667/files/028015742.avif
Bath & Body Works CANDLE Coconut Piña Colada 14.5 oz / 411 g,,98.825,Disponible,https://cdn.shopify.com/s/files/1/0936/6713/1667/files/028027402_alt_6.avif
Bath & Body Works Candle Toasted Coconut Éclair 14.5 oz / 411 g,Lattafa,98.825,Disponible,https://cdn.shopify.com/s/files/1/0936/6713/1667/files/028024639.avif
Bath & Body Works Cherry Blossom Body Wash 10 fl oz / 295 ml,,84.825,Disponible,https://cdn.shopify.com/s/files/1/0936/6713/1667/files/028023030.avif
Bath & Body Works Cotton Candy Grape Gentle & Clean Foaming Hand Soap,,60.395,Disponible,https://cdn.shopify.com/s/files/1/0936/6713/1667/files/028030638.avif
Bath & Body Works Dark Kiss Fine Fragrance Mist 8 fl oz / 236 ml,,84.825,Disponible,https://cdn.shopify.com/s/files/1/0936/6713/1667/files/028020639.avif
Bath & Body Works Dark Kiss Maximum Hydration Body Cream 8 oz / 226 g,,84.825,Disponible,https://cdn.shopify.com/s/files/1/0936/6713/1667/files/028020641.avif
Bath & Body Works Dream Bright Body Wash 10 fl oz / 295 mL,,84.825,Disponible,https://cdn.shopify.com/s/files/1/0936/6713/1667/files/028015744.avif
Bath & Body Works Dreaming Of Rio Body Wash 10 fl oz / 295 ml,,84.93,Disponible,https://cdn.shopify.com/s/files/1/0936/6713/1667/files/028024753.avif
Bath & Body Works Fall in Bloom Body Wash 10 fl oz / 295 mL,,84.825,Disponible,https://cdn.shopify.com/s/files/1/0936/6713/1667/files/028015745.avif
Bath & Body Works Forever Red Body Wash 10 fl oz / 295 mL,,84.825,Disponible,https://cdn.shopify.com/s/files/1/0936/6713/1667/files/028006614.avif
Bath & Body Works Fresh Sheets Wallflowers Fragrance Refill,,60.325,Disponible,https://cdn.shopify.com/s/files/1/0936/6713/1667/files/028013282.avif
Bath & Body Works Gingham Gorgeous Foaming Sugar Scrub 8 oz / 226 g,,84.825,Disponible,https://cdn.shopify.com/s/files/1/0936/6713/1667/files/028004330.avif
Bath & Body Works Gingham Love Liquid Soap 10 fl oz / 295 ml,,84.825,Disponible,https://cdn.shopify.com/s/files/1/0936/6713/1667/files/028018521.avif
Bath & Body Works Into the Wild Body Wash 10 fl oz / 295 mL,,84.125,Disponible,https://cdn.shopify.com/s/files/1/0936/6713/1667/files/028015748.avif
Bath & Body Works Mango Papaya Paradise 3-Wick Candle,,98.825,Disponible,https://cdn.shopify.com/s/files/1/0936/6713/1667/files/028027403_alt_6.avif
"Bath & Body Works Men's Whiskey Toast 3-in-1 Hair, Face & Body Wash 10 fl oz / 295 mL",,84.825,Disponible,https://cdn.shopify.com/s/files/1/0936/6713/1667/files/028013827.avif
Bath & Body Works Pineapple Sunrise Liquid Soap 10 fl oz / 295 ml,,84.825,Disponible,https://cdn.shopify.com/s/files/1/0936/6713/1667/files/028023411.avif
Bath & Body Works Pink Chiffon Body Lotion 8 fl oz / 236 ml,,84.825,Disponible,https://cdn.shopify.com/s/files/1/0936/6713/1667/files/028020367.avif
Bath & Body Works Pink Pineapple Sunrise Body Lotion 8 fl oz / 236 ml,,84.825,Disponible,https://cdn.shopify.com/s/files/1/0936/6713/1667/files/028023413.avif
Bath & Body Works Pink Pineapple Sunrise Delicate Fragrance Mist 8 fl oz / 236 ml,,84.825,Disponible,https://cdn.shopify.com/s/files/1/0936/6713/1667/files/028023407.avif
Bath & Body Works Saltwater Breeze Body Wash 10 fl oz / 295 ml,,84.825,Disponible,https://cdn.shopify.com/s/files/1/0936/6713/1667/files/028023543_1.avif
Bath & Body Works Saltwater Breeze Maximum Hydration Body Cream 8 oz / 226 g,,84.825,Disponible,https://cdn.shopify.com/s/files/1/0936/6713/1667/files/028023542.avif
Bath & Body Works Sweetest Song Creamy Body Scrub 8 oz / 226 g,,84.825,Disponible,https://cdn.shopify.com/s/files/1/0936/6713/1667/files/028011418.avif
Bath & Body Works Sweetest Song Moisturizing Body Wash 10 fl oz / 295 mL,,84.825,Disponible,https://cdn.shopify.com/s/files/1/0936/6713/1667/files/028011410.avif
Bath & Body Works Touch of Gold Exfoliating Glow Body Scrub 7.4 oz / 210 g,,84.825,Disponible,https://cdn.shopify.com/s/files/1/0936/6713/1667/files/028018931.avif
Bath & Body Works Turquoise Waters Gentle & Clean Foaming Hand Soap 8.75 fl oz / 259 ml,,60.325,Disponible,https://cdn.shopify.com/s/files/1/0936/6713/1667/files/028026076.avif
Bath & Body Works Vanilla Romance Maximum Hydration Body Cream 8 oz / 226 g,,84.825,Disponible,https://cdn.shopify.com/s/files/1/0936/6713/1667/files/028004226.avif
BAVARIA MAN INTENSE,,81.5,Agotado,https://cdn.shopify.com/s/files/1/0936/6713/1667/files/bavaria-man-intense-5395097.jpg
BDK Impadia Parfums,,722,Disponible,https://cdn.shopify.com/s/files/1/0936/6713/1667/files/IMG-3471.webp
BDK Parfums Gris Charnel by BDK Parfums,,914.5,Agotado,https://cdn.shopify.com/s/files/1/0936/6713/1667/files/F5BC2055-A418-4121-93FF-8FD2418B241B.webp
BDK Parfums Pas Ce Soir Extrait by BDK Parfums Paris,,879.5,Disponible,https://cdn.shopify.com/s/files/1/0936/6713/1667/files/IMG-3473.webp
BDK Parfums Rouge Smoking by BDK Parfums,,694,Disponible,https://cdn.shopify.com/s/files/1/0936/6713/1667/files/94B0685F-4FA1-4108-B1F6-E010067ACC55.webp
BDK Parfums Rouge Smoking Extrait by BDK Parfums,,722,Disponible,https://cdn.shopify.com/s/files/1/0936/6713/1667/files/05C31BBA-C63E-4458-B325-D4BB06192F66.webp
BDK Parfums Vanille Caviar by BDK Parfums,,823.5,Disponible,https://cdn.shopify.com/s/files/1/0936/6713/1667/files/IMG-3474.webp
BDK Parfums Unisex Gris Charnel Extrait de Parfum 3.4 oz,,732.5,Disponible,https://cdn.shopify.com/s/files/1/0936/6713/1667/files/bdk-parfums-unisex-gris-charnel-extrait-de-parfum-34-oz-fragrances-3760035450757_2.jpg
Beary Love Tubbees for women and men,,65.75,Disponible,https://cdn.shopify.com/s/files/1/0936/6713/1667/files/descarga_12.jpg
BEAUTY OF LIFE Pink Cristal,,83.25,Disponible,https://cdn.shopify.com/s/files/1/0936/6713/1667/files/beauty-of-life-pink-cristal-9537455.jpg
Before paradise,,83.25,Disponible,https://cdn.shopify.com/s/files/1/0936/6713/1667/files/before-paradise-2976073_2327a575-1c9d-438d-9427-93079f1af351.jpg
Before Paradise Milestone 250Ml Set Lot+Mist,Milestone,71,Agotado,https://cdn.shopify.com/s/files/1/0936/6713/1667/files/2363410.webp
Believe in Your Self by Ainash Parfums,Ainash,170.75,Disponible,https://cdn.shopify.com/s/files/1/0936/6713/1667/files/believe-in-your-self-by-ainash-parfums-4936827.jpg
Berries weekend Violet Eau Parfum,,81.5,Agotado,https://cdn.shopify.com/s/files/1/0936/6713/1667/files/berries-weekend-violet-eau-parfum-5455289.jpg
Berry Blast Tubbees for women and men,,65.75,Disponible,https://cdn.shopify.com/s/files/1/0936/6713/1667/files/berry-blast-tubbees-for-women-and-men-2315302.jpg
Berry on Top 75 ML,,144.325,Agotado,https://cdn.shopify.com/s/files/1/0936/6713/1667/files/WhatsAppImage2025-09-01at00.08.54_18.jpg
Besos Hair Perfume Infused For Woman,,67.5,Disponible,https://cdn.shopify.com/s/files/1/0936/6713/1667/files/besos-hair-perfume-infused-with-arganfor-woman-6845839.jpg
Best Peach Eau Parfum,,81.5,Disponible,https://cdn.shopify.com/s/files/1/0936/6713/1667/files/best-peach-eau-parfum-1626451.jpg
Best Rouge 20Ml,,53.5,Disponible,https://cdn.shopify.com/s/files/1/0936/6713/1667/files/best-rouge-20ml-4156662_93eafcf0-919e-478e-b30f-1639df92f417.jpg
Better Rouge 540 (PAQ x 24 UNITS),,291.5,Disponible,https://cdn.shopify.com/s/files/1/0936/6713/1667/files/FullSizeRender_9089a271-9314-4d08-b1ae-c6d4ec530ba2.jpg
Better Rouge Eau Parfum 3.4oz,,93.75,Disponible,https://cdn.shopify.com/s/files/1/0936/6713/1667/files/better-rouge-eau-parfum-34oz-7186092_1fc1de73-99fa-4082-acc5-4cb653ea9be8.webp
Beverly / Eau De Parfum 100 ml / de Fragrance World,Fragrance World,81.5,Disponible,https://cdn.shopify.com/s/files/1/0936/6713/1667/files/beverly-eau-de-parfum-100-ml-de-fragrance-world-6479028.jpg
Bharara Beauty BHARARA KING 4 PC GIFT SET,Bharara,267,Disponible,https://cdn.shopify.com/s/files/1/0936/6713/1667/files/Bharara_King_Gift_Set_1.webp
Bharara Beauty Bharara King 5 Pcs Gift Set (VIKING) NEW,Bharara,249.465,Disponible,https://cdn.shopify.com/s/files/1/0936/6713/1667/files/WhatsAppImage2026-05-06at10.45.19PM_d956817c-a122-4161-9278-8654b68bed2b.webp
Bharara Beauty BHARARA REY DE REYES 3.4 oz,Bharara,191.75,Agotado,https://cdn.shopify.com/s/files/1/0936/6713/1667/files/GeneratedwithKive.ai-kive-image_13_1.webp
Bharara Beauty BHARARA ROSE 5 PCS GIFT SET 3.4 EDP,Bharara,267,Disponible,https://cdn.shopify.com/s/files/1/0936/6713/1667/files/5555.jpg
Bharara Beauty Mast Idol Eau De Parfum 3.4,Bharara,112.825,Disponible,https://cdn.shopify.com/s/files/1/0936/6713/1667/files/GeneratedwithKive.ai-withboxandboxputleftside_2.webp
Bharara Beauty Mast Perfume Coral Eau De Parfum 3.4,Bharara,112.825,Disponible,https://cdn.shopify.com/s/files/1/0936/6713/1667/files/GeneratedwithKive.ai-_Divyastudio_VyjrGGo4Qd5NULx39G3A.webp
Bharara Beauty Mast Perfume Devotion Intense,Bharara,109.325,Disponible,https://cdn.shopify.com/s/files/1/0936/6713/1667/files/images_30.jpg
Bharara Beauty Mast Perfume My Devotion,Bharara,109.325,Disponible,https://cdn.shopify.com/s/files/1/0936/6713/1667/files/shopping_66.webp
Bharara Beauty Mast Perfume Rome Pour Femme 5pc Set,Bharara,153.25,Agotado,https://cdn.shopify.com/s/files/1/0936/6713/1667/files/RomePourFemme5pcGiftset.webp
Bharara Beauty Mast Perfume Rome Pour Homme 5pc Set,Bharara,153.25,Agotado,https://cdn.shopify.com/s/files/1/0936/6713/1667/files/RomePourHomme5pcGiftset.webp
Bharara Beauty Rohit Bronze Eau De Parfum 3.4 OZ,Bharara,139.25,Agotado,https://cdn.shopify.com/s/files/1/0936/6713/1667/files/GeneratedwithKive.ai-Putboxonleftsideandperfume_8.webp
Bharara Beauty Rohit Delicate Eau De Parfum 3.4 OZ,Bharara,135.75,Agotado,https://cdn.shopify.com/s/files/1/0936/6713/1667/files/GeneratedwithKive.ai-Putboxonleftside_4.webp
Bharara Beauty Rohit Rouge Eau De Parfum 3.4 OZ,Bharara,139.25,Agotado,https://cdn.shopify.com/s/files/1/0936/6713/1667/files/GeneratedwithKive.ai-Putboxonleftside_5.webp
Bharara Beauty Rohit Verde Eau De Parfum 3.4 OZ,Bharara,154.125,Agotado,https://cdn.shopify.com/s/files/1/0936/6713/1667/files/GeneratedwithKive.ai-Putboxonleftside_1.webp
Bharara Beauty Rome La Bomba 3.4 Eau De Parfum,Bharara,128.75,Disponible,https://cdn.shopify.com/s/files/1/0936/6713/1667/files/GeneratedwithKive.ai-Centertheboxandbottlefacingstraight.webp
Bharara Beauty Rome Lucky 3.4 EDP,Bharara,128.75,Disponible,https://cdn.shopify.com/s/files/1/0936/6713/1667/files/descarga_15.jpg
Bharara Beauty Rome Melancholia Pour Femme 3.4 EDP,Bharara,128.75,Disponible,https://cdn.shopify.com/s/files/1/0936/6713/1667/files/Generated_with_Kive.ai_-_Divya_studio_VyjrGGo4Qd5NULx39G3A_create_a_product_image_for_these_items.webp
Bharara Beauty Rome Pour Homme Intense 3.4 EDP,Bharara,128.75,Disponible,https://cdn.shopify.com/s/files/1/0936/6713/1667/files/Generated_with_Kive.ai_-_Divya_studio_VyjrGGo4Qd5NULx39G3A_create_a_product_image_for_these_items_1.webp
BHARARA BEAUTY Bharara King 5-Piece Gift Set (EDP + Lotion + Pharaoh Minis),Bharara,249.325,Disponible,https://cdn.shopify.com/s/files/1/0936/6713/1667/files/3_39684288-3e21-44dd-81b4-639a6666c2a2_1.webp
BHARARA BLEU FOR MEN EDP - 100MI (3.4oz),Bharara,207.5,Disponible,https://cdn.shopify.com/s/files/1/0936/6713/1667/files/Untitleddesign_11_b10152c7-7229-4ab4-8c39-1bae1c730dcb_750x_jpg.webp
BHARARA BOUJEE UNISEX EDP - 100ML (3.4oz),Bharara,214.325,Disponible,https://cdn.shopify.com/s/files/1/0936/6713/1667/files/GeneratedwithKive.ai-Putboxonleftsideandperfumeandremoveminisample_7.webp
Bharara Bullet Beauty Pour Femme Eau De Parfum 75 ml,Bharara,141,Agotado,https://cdn.shopify.com/s/files/1/0936/6713/1667/files/s-l1600-4.jpg
Bharara Chocolate by Bharara 3.4oz,Bharara,214.325,Disponible,https://cdn.shopify.com/s/files/1/0936/6713/1667/files/bharara-chocolate-by-bharara-34oz-8367020.jpg
Bharara Chocolate Gift Set,Bharara,267,Agotado,https://cdn.shopify.com/s/files/1/0936/6713/1667/files/bharara-chocolate-gift-set-6828217.jpg
Bharara Don by Bharara,Bharara,209.25,Disponible,https://cdn.shopify.com/s/files/1/0936/6713/1667/files/bharara-don-by-bharara-5299448.jpg
Bharara Double Bleu Eau de Parfum Spray 100ml (3.4 oz),Bharara,204,Disponible,https://cdn.shopify.com/s/files/1/0936/6713/1667/files/s-l1600-61.jpg
Bharara Double Bleu Pour Homme Eau De Parfum (6.7 OZ),Bharara,232,Disponible,https://cdn.shopify.com/s/files/1/0936/6713/1667/files/bharara-mens-double-bleu-edp-67-oz-fragrances-850050062134.jpg
Bharara Enchanted U EDP 3.4oz,Bharara,189.825,Disponible,https://cdn.shopify.com/s/files/1/0936/6713/1667/files/GeneratedwithKive.ai-Putboxonleftside.webp
BHARARA GODDESS WOMEN 3.4 OZ EDP,Bharara,209.25,Disponible,https://cdn.shopify.com/s/files/1/0936/6713/1667/files/Generated_with_Kive.ai_-_Put_box_on_left_side_and_perfume_and_remove_mini_sample_11.webp
Bharara King 6.7oz,Bharara,244.25,Disponible,https://cdn.shopify.com/s/files/1/0936/6713/1667/files/bharara-king-67oz-5656554.jpg
Bharara King Eau De Parfum 34.0 OZ - 1L,Bharara,631,Disponible,https://cdn.shopify.com/s/files/1/0936/6713/1667/files/Generated_with_Kive.ai_-_Center_the_perfume_bottle_and_remove_the_box_2_cd9d8f4a-6822-4eca-b2a5-74f73d935ce1.webp
Bharara King Eau Parfum (3.4oz),Bharara,182.825,Disponible,https://cdn.shopify.com/s/files/1/0936/6713/1667/files/bharara-king-eau-parfum-34oz-4531881.webp
Bharara King Gold Edition 3.4oz Eau de Parfum,Bharara,263.5,Disponible,https://cdn.shopify.com/s/files/1/0936/6713/1667/files/GeneratedwithKive.ai-Putboxonleftsideandperfumeandremoveminisample_8_1.webp
Bharara King Parfum 3.4 OZ,Bharara,230.075,Disponible,https://cdn.shopify.com/s/files/1/0936/6713/1667/files/bharara-king-parfum-34-oz-new-2024-edition-5828382.jpg
"Bharara King Soleil para unisex Eau de Parfum spray, 3.4 Fl Oz / 100 ML",Bharara,230.25,Disponible,https://cdn.shopify.com/s/files/1/0936/6713/1667/files/GeneratedwithKive.ai-Putboxonleftsideandperfume_18.webp
Bharara Kiss My Peach 3.4 Eau De Parfum,Bharara,168.825,Disponible,https://cdn.shopify.com/s/files/1/0936/6713/1667/files/GeneratedwithKive.ai-Centertheperfumebottleandbox_64565718-46cb-4200-b15c-2e0a5f8893c2.webp
Bharara Mast Georgeus Blush Eau de Parfum,Bharara,135.75,Disponible,https://cdn.shopify.com/s/files/1/0936/6713/1667/files/Generated_with_Kive.ai_-_Put_box_on_left_side_and_perfume_9.webp
Bharara Mast Perfume Rome Pour Homme,Bharara,121.75,Disponible,https://cdn.shopify.com/s/files/1/0936/6713/1667/files/bharara-mast-perfume-rome-pour-homme-8316252_e7ac496a-1b7c-4a70-b767-45bf42fd5d32.jpg
BHARARA MINI COLLECTION SET 7 PIECES 10 ML EACH,Bharara,230.25,Agotado,https://cdn.shopify.com/s/files/1/0936/6713/1667/files/bharara-mini-collection-set-7-pieces-10-ml-each-6602816_53be817a-88e5-4c12-98b2-0e5405bebdb5.jpg
BHARARA Niche Femme 3.4oz,Bharara,200.5,Disponible,https://cdn.shopify.com/s/files/1/0936/6713/1667/files/niche-femme-34oz-2454711.jpg
BHARARA ONYX 3.4 EDP,Bharara,223.25,Disponible,https://cdn.shopify.com/s/files/1/0936/6713/1667/files/bharara-onyx-34-edp-2592965_e4bbde57-6664-48a2-84ef-b70eef0a1fce.jpg
Bharara Onyx Gift set,Bharara,267,Agotado,https://cdn.shopify.com/s/files/1/0936/6713/1667/files/bharara-onyx-gift-set-8109021.jpg
"BHARARA PEACE MEN EDP - 100ML (3,40 oz)",Bharara,214.325,Disponible,https://cdn.shopify.com/s/files/1/0936/6713/1667/files/Generated_with_Kive.ai_-_Put_box_on_left_side_and_perfume_13.webp
BHARARA PLACID PARFUM (3.4oz),Bharara,214.325,Disponible,https://cdn.shopify.com/s/files/1/0936/6713/1667/files/GeneratedwithKive.ai-Putboxonleftsideandperfume_12.webp
Bharara ROHIT AZURE Eau De Parfum 3.4 OZ,Bharara,135.75,Disponible,https://cdn.shopify.com/s/files/1/0936/6713/1667/files/bharara-rohit-azure-unisex-edp-100ml-340z-6167131.jpg
Bharara Rohit Noir Eau De Parfum 3.4 OZ,Bharara,139.25,Agotado,https://cdn.shopify.com/s/files/1/0936/6713/1667/files/IMG_0850_8610944a-95ab-4d73-b291-40d2cdc74389.jpg
BHARARA ROME EXTRADOSE POUR FEMME EAU DE PARFUM SPRAY FOR WOMEN 3.4 Oz,Bharara,128.75,Disponible,https://cdn.shopify.com/s/files/1/0936/6713/1667/files/s-l1600-14.png
BHARARA ROME IVORY POUR HOMME EAU DE PARFUM 3.4FL.OZ 100ML,Bharara,122.625,Disponible,https://cdn.shopify.com/s/files/1/0936/6713/1667/files/Untitleddesign_42ee50f5-2df2-4c0e-8436-eea2516e5c99_png.webp
Bharara Rome Yum Yum 100 ML,Bharara,121.75,Disponible,https://cdn.shopify.com/s/files/1/0936/6713/1667/files/GeneratedwithKive.ai-Putboxonleftsideandperfumeandremoveminisample_2_c250286a-7ddd-460d-962d-2162c6c5705b.webp
Bharara Rose,Bharara,223.25,Disponible,https://cdn.shopify.com/s/files/1/0936/6713/1667/files/bharara-rose-2619162.jpg
Bharara Scarlet,Bharara,230.25,Disponible,https://cdn.shopify.com/s/files/1/0936/6713/1667/files/bharara-scarlet-8447408.jpg
Bharara Scarlet Gift Set,Bharara,267,Disponible,https://cdn.shopify.com/s/files/1/0936/6713/1667/files/bharara-scarlet-gift-set-5576743.jpg
Bharara Viking Dubai 3pcs Giftset,Bharara,267,Disponible,https://cdn.shopify.com/s/files/1/0936/6713/1667/files/GeneratedwithKive.ai-Keepallbottlesandbox.webp
BHARARA- QUEEN Pour Femme,Bharara,212.75,Disponible,https://cdn.shopify.com/s/files/1/0936/6713/1667/files/IMG_0839.jpg
Bianco Latte Giardini di Toscana,,561,Disponible,https://cdn.shopify.com/s/files/1/0936/6713/1667/files/IMG_0709.jpg
Big Ben London Azul 2.8 oz,,81.5,Disponible,https://cdn.shopify.com/s/files/1/0936/6713/1667/files/big-ben-london-azul-28-oz-5467971.jpg
Big Ben London BlancMen,,81.5,Disponible,https://cdn.shopify.com/s/files/1/0936/6713/1667/files/big-ben-london-blancmen-1443730_e86db386-ebd6-4867-af95-51de7210ba90.jpg
Big Ben London Noir,,81.5,Agotado,https://cdn.shopify.com/s/files/1/0936/6713/1667/files/big-ben-london-noir-3665619.jpg
Big Bottled Intense Milestone Perfumes for men 100 ML,Milestone,93.75,Disponible,https://cdn.shopify.com/s/files/1/0936/6713/1667/files/shopping_20.webp
Billie Eilish BILLIE EILISH EILISH NO.2 (U) SET EDP 100ML + EDP 7.5ML + EDP 10ML,,284.465,Disponible,https://cdn.shopify.com/s/files/1/0936/6713/1667/files/WhatsAppImage2025-08-31at22.56.21_56207b28.webp
Bint Al Akaber Women,,81.5,Agotado,https://cdn.shopify.com/s/files/1/0936/6713/1667/files/bint-al-akaber-women-3635097.jpg
Bint Hooran 3 Piece Gift Set Collection Ard Al Zaafaran,Ard Al Zaafaran,116.5,Disponible,https://cdn.shopify.com/s/files/1/0936/6713/1667/files/bint-hooran-3-piece-gift-set-collection-ard-al-zaafaran-7815583_4e5421ff-d3e8-4ef3-8bc1-c618fd3a7dbf.jpg
Black Opium Over Red by Yves Saint Laurent for Women 1.2 oz 0.04oz Eau De Parfum Vial,Yves Saint Laurent,51.75,Disponible,https://cdn.shopify.com/s/files/1/0936/6713/1667/files/s-l1600_59_fa835f8b-ad38-4760-b8aa-b79001ba57ec.webp
Black Pearl,,74.5,Agotado,https://cdn.shopify.com/s/files/1/0936/6713/1667/files/black-pearl-1355939.jpg
Black Phantom By Kilian for women and men 50 ML,Kilian,704.5,Agotado,https://cdn.shopify.com/s/files/1/0936/6713/1667/files/IMG_2003.jpg
Bleu de Chanel Eau de Parfum for men 100 ML,Chanel,585.5,Agotado,https://cdn.shopify.com/s/files/1/0936/6713/1667/files/375x500.9099.2x.avif
Bliss &amp; Love Eau Parfum,,95.5,Disponible,https://cdn.shopify.com/s/files/1/0936/6713/1667/files/bliss-amp-love-eau-parfum-7056178.jpg
Bloming famtasy Collection Extrait De Parfum,,95.5,Disponible,https://cdn.shopify.com/s/files/1/0936/6713/1667/files/bloming-famtasy-collection-extrait-de-parfum-1812974.jpg
Blood Lilly Eau Parfum 3.4oz,,116.5,Disponible,https://cdn.shopify.com/s/files/1/0936/6713/1667/files/blood-lilly-eau-parfum-34oz-6295595.jpg
BLOOM BLOOM - EAU DE PARFUM 100ML,,144.5,Disponible,https://cdn.shopify.com/s/files/1/0936/6713/1667/files/bloom-bloom-eau-de-parfum-100ml-8764200.jpg
"BLUE BY STALLION 53 MEN EDP - 100 Ml + 20 Ml (3,40 Oz) Dy Emper",Emper,93.75,Disponible,https://cdn.shopify.com/s/files/1/0936/6713/1667/files/m35351977442_2_jpg.avif
Blue Race,,92,Disponible,https://cdn.shopify.com/s/files/1/0936/6713/1667/files/blue-race-5263812.jpg
CREME COUTURE,,97.25,Agotado,https://cdn.shopify.com/s/files/1/0936/6713/1667/files/WhatsApp_Image_2026-02-20_at_07.53.16.jpg
Body Fantasies Vanilla Body Spray 8.0 oz,,60.5,Disponible,https://cdn.shopify.com/s/files/1/0936/6713/1667/files/body-fantasies-vanilla-body-spray-80-oz-fragrances-026169039019.jpg
BODY MIST Pink Sugar 236 Ml,,67.5,Disponible,https://cdn.shopify.com/s/files/1/0936/6713/1667/files/pink-sugar-236-ml-7356865.jpg
BODY MIST WOMEN SEAN JOHN UNFORGIVABLE 8.0 OZ,,67.5,Disponible,https://cdn.shopify.com/s/files/1/0936/6713/1667/files/UP-SEA-01__14452.jpg
Bogart Rouge 560 Inspired by Baccarat (Rouge 540),,95.5,Disponible,https://cdn.shopify.com/s/files/1/0936/6713/1667/files/bogart-rouge-560-inspired-by-baccarat-rouge-540-5936068.png
Bombshell Eau de Parfum 3.4 oz,,286.25,Disponible,https://cdn.shopify.com/s/files/1/0936/6713/1667/files/112542122457_OM_B.avif
Bombshell Seduction 3.4 oz,,286.25,Agotado,https://cdn.shopify.com/s/files/1/0936/6713/1667/files/112542143337_OM_F.avif
Bombshell St. Tropez Eau de Parfum 3.4 oz,,286.25,Disponible,https://cdn.shopify.com/s/files/1/0936/6713/1667/files/112563386772_OF_B.avif
Bon Cherie de Al Haramain 3.3oz Extrait de Parfum,Al Haramain,172.5,Disponible,https://cdn.shopify.com/s/files/1/0936/6713/1667/files/bon-cherie-de-al-haramain-33oz-extrait-de-parfum-8305131_c916e66b-5dae-4708-8ba9-55255045d88d.jpg
Bon Cherie Violette de Al Haramain 3.3oz Extrait de Parfum,Al Haramain,172.5,Disponible,https://cdn.shopify.com/s/files/1/0936/6713/1667/files/bon-cherie-violette-de-al-haramain-33oz-extrait-de-parfum-1187705.jpg
Bond No. 9 Lafayette Street Eau De Parfum Spray 100 ML,,967,Agotado,https://cdn.shopify.com/s/files/1/0936/6713/1667/files/6_1.png
Bond No. 9 New York Greenwich Village Eau de Parfum Unisex,,1030,Disponible,https://cdn.shopify.com/s/files/1/0936/6713/1667/files/71xFrJxkPAL._SL1500.jpg
BONITA - EAU DE PARFUM 100ML,,144.5,Disponible,https://cdn.shopify.com/s/files/1/0936/6713/1667/files/bonita-eau-de-parfum-100ml-9283675_d3b72c6e-218f-4d93-bd08-57287625dac0.jpg
Born in Roma Donna Purple Melancholia 3.3 oz/100 ml eau de parfum,,582,Disponible,https://cdn.shopify.com/s/files/1/0936/6713/1667/files/Historia-para-Instagram-Nuevo-Sabor-Bubble-Tea-Fotografico-Blanco-2026-02-05T143431.492-e1770323507258.jpg
BOULEVARD ROUGE EXTRAIT 3.4 FL.OZ 100 ML EAU DE PARFUM SPRAY,,79.75,Disponible,https://cdn.shopify.com/s/files/1/0936/6713/1667/files/IMG-1671.jpg
Brand New Chance Chanel Eau Fraiche EDT Spray 100ml/ 3.4oz,Chanel,564.5,Agotado,https://cdn.shopify.com/s/files/1/0936/6713/1667/files/s-l1600-56.jpg
Breeze,,137.5,Agotado,https://cdn.shopify.com/s/files/1/0936/6713/1667/files/breeze-3702362.jpg
Bright Crystal Eau de Toilette 3.0 oz,,249.465,Agotado,https://cdn.shopify.com/s/files/1/0936/6713/1667/files/IMG_2514.jpg
Bright Peach Eau de Parfum 100 ml (DESCONTINUED),,97.25,Agotado,https://cdn.shopify.com/s/files/1/0936/6713/1667/files/IMG_8624_7b3e0b1d-83a3-4d06-bf1f-8b69aeacdec0.jpg
Britney Spears Fantasy EDP 3.4 oz,Britney Spears,116.5,Disponible,https://cdn.shopify.com/s/files/1/0936/6713/1667/files/719346065405.png
Britney Spears Midnight Fantasy 3.3 oz / 100 ml Eau de Parfum,Britney Spears,109.5,Disponible,https://cdn.shopify.com/s/files/1/0936/6713/1667/files/s-l1600-10.jpg
BUDS DELICATE ESSENCE EAU DE PARFUM 3.4OZ,,88.5,Disponible,https://cdn.shopify.com/s/files/1/0936/6713/1667/files/buds-delicate-essence-eau-de-parfum-34oz-8567910.jpg
BUDS FRESH BLOOM PARFUM 3.4oz,,88.5,Disponible,https://cdn.shopify.com/s/files/1/0936/6713/1667/files/buds-fresh-bloom-parfum-34oz-5233088.jpg
BUDS GARDEN WHISPER PARFUM 3.4oz,,88.5,Disponible,https://cdn.shopify.com/s/files/1/0936/6713/1667/files/buds-garden-whisper-parfum-34oz-4574566.jpg
BUDS NIGHT PETALS PARFUM 3.4oz,,88.5,Disponible,https://cdn.shopify.com/s/files/1/0936/6713/1667/files/buds-night-petals-parfum-34oz-1963927.jpg
Buds Rouge Women,,88.5,Agotado,https://cdn.shopify.com/s/files/1/0936/6713/1667/files/buds-rouge-women-6040022_331de97a-f804-4e52-b1db-f8787a6eb674.jpg
Buds Zaha,Emper,67.5,Disponible,https://cdn.shopify.com/s/files/1/0936/6713/1667/files/buds-zaha-2063209_aa70ddb3-7b83-472f-8667-c1d5119111a4.jpg
Buds Zahra Set by Emper Fragance Mist + Moisturising Lotion 8.4 Fl. Oz,Emper,71,Disponible,https://cdn.shopify.com/s/files/1/0936/6713/1667/files/il_1588xN_6976331948_ngtl_jpg.webp
Buds Zahra Women,,88.5,Disponible,https://cdn.shopify.com/s/files/1/0936/6713/1667/files/buds-zahra-women-4430545.jpg
Bullet Bronze Pour Homme Eau De Parfum,,118.25,Disponible,https://cdn.shopify.com/s/files/1/0936/6713/1667/files/bullet-bronze-pour-homme-eau-de-parfum-2873712.jpg
Bullet Gold Eau De Parfum Pour Homme,,118.25,Disponible,https://cdn.shopify.com/s/files/1/0936/6713/1667/files/bullet-gold-eau-de-parfum-pour-homme-3837969.jpg
Bullet Gun Metal Eau De Parfum Pour Homme,,121.75,Disponible,https://cdn.shopify.com/s/files/1/0936/6713/1667/files/bullet-gun-metal-eau-de-parfum-pour-homme-6086433.jpg
BURBERRY Ladies Mini Set Gift Set Fragrances,Burberry,214.5,Agotado,https://cdn.shopify.com/s/files/1/0936/6713/1667/files/WhatsAppImage2025-06-11at18.36.35_2829f63c-ae1e-49c5-8550-b40aa6ca9568.jpg
Burberry Men's Hero Parfum 3.4 oz,Burberry,351,Disponible,https://cdn.shopify.com/s/files/1/0936/6713/1667/files/burberry-mens-hero-parfum-34-oz-fragrances-3616304679445.jpg
Burberry - Her Eau De Parfum 100 ml,Burberry,351,Disponible,https://cdn.shopify.com/s/files/1/0936/6713/1667/files/IMG_6111.jpg
Burberry Goddess Eau De Parfum 100 ml,Burberry,421,Disponible,https://cdn.shopify.com/s/files/1/0936/6713/1667/files/burberry-ladies-goddess-edp-34-oz-fragrances-3616302020652.jpg
Burberry Goddess Eau De Parfum 2-Piece Travel Gift Set for Women,Burberry,386,Disponible,https://cdn.shopify.com/s/files/1/0936/6713/1667/files/t2001x1212-3.webp
Burberry Her Elixir De Parfum 100 ml,Burberry,501.5,Disponible,https://cdn.shopify.com/s/files/1/0936/6713/1667/files/IMG_6103_bbc6fe4f-0d2d-4d5d-866f-21e15e462b84.jpg
Burberry Her Intense Eau de Parfum 100ml (3.4fl oz),Burberry,452.5,Disponible,https://cdn.shopify.com/s/files/1/0936/6713/1667/files/IMG_6109.jpg
Burberry Her Parfum by Burberry for Women,Burberry,113,Disponible,https://cdn.shopify.com/s/files/1/0936/6713/1667/files/s-l960-5.jpg
BURBERRY Women's Fragrance Gift Set,Burberry,372,Disponible,https://cdn.shopify.com/s/files/1/0936/6713/1667/files/IMG_7527.jpg
Burj al shiekh,,93.75,Disponible,https://cdn.shopify.com/s/files/1/0936/6713/1667/files/burj-al-shiekh-2297419_e3a23fa2-c8cd-461e-8f42-0ecfdeb95289.webp
Burj Dubai,,93.75,Disponible,https://cdn.shopify.com/s/files/1/0936/6713/1667/files/burj-dubai-5164977.jpg
Burj Dubai Arina,,93.75,Disponible,https://cdn.shopify.com/s/files/1/0936/6713/1667/files/burj-dubai-arina-7159023_1a66700a-a8be-4bcf-af93-8dbcecfb1d36.jpg
Burj Dubai Hair Perfume Infused Woman 50 ml,,67.5,Disponible,https://cdn.shopify.com/s/files/1/0936/6713/1667/files/burj-dubai-hair-perfume-infused-with-arganfor-woman-3117674_ba678142-fc59-4949-8b61-4355d8e1502c.jpg
BURJ Dubai Melina,,93.75,Disponible,https://cdn.shopify.com/s/files/1/0936/6713/1667/files/burj-dubai-melina-1459924_6c07680a-f1f1-484f-bf3f-ac826aaf2bc4.jpg
Bvlgari Man In Black 2 Pc Set Eau De Parfum 3.4 oz / 0.5 oz Travel Spray for Men,Bvlgari,400,Disponible,https://cdn.shopify.com/s/files/1/0936/6713/1667/files/s-l1600-43.jpg
BVLGARI Man In Black EDP 3.3 oz,Bvlgari,354.5,Agotado,https://cdn.shopify.com/s/files/1/0936/6713/1667/files/IMG_2972.jpg
Bvlgari Petit Et Maman 3 Piece Eau de Toilette Lotion & Pouch Set,Bvlgari,354.5,Agotado,https://cdn.shopify.com/s/files/1/0936/6713/1667/files/WhatsAppImage2025-06-12at12.23.42.jpg
BYREDO Ladies Blanche EDP Spray 3.4 oz,Byredo,823.5,Disponible,https://cdn.shopify.com/s/files/1/0936/6713/1667/files/421640150_jpg.webp
Cadet Blue,,88.5,Disponible,https://cdn.shopify.com/s/files/1/0936/6713/1667/files/cadet-blue-7924184.webp
Calvin Klein Ck Be / EDT Pour / Spray 6.7 oz (200 ml),Calvin Klein,133.965,Disponible,https://cdn.shopify.com/s/files/1/0936/6713/1667/files/ck-be-calvin-klein-edt-pour-spray-67-oz-200-ml-u-088300104437.jpg
Cameo Rosie,,137.5,Agotado,https://cdn.shopify.com/s/files/1/0936/6713/1667/files/cameo-rosie-7928276.jpg
Camille Maison Alhambra,Maison Alhambra,97.25,Disponible,https://cdn.shopify.com/s/files/1/0936/6713/1667/files/camille-maison-alhambra-4963042.jpg
Candid,,93.75,Agotado,https://cdn.shopify.com/s/files/1/0936/6713/1667/files/candid-1069020.webp
CANDID MAISON ALHAMBRA MAISON ALHAMBRA,Maison Alhambra,71,Disponible,https://cdn.shopify.com/s/files/1/0936/6713/1667/files/l_wp_66625dcd0a60d552b053819e.webp
Candid Tonight,Maison Alhambra,92,Agotado,https://cdn.shopify.com/s/files/1/0936/6713/1667/files/candid-tonight-3319841.jpg
Candy Pop Tubbees for women and men,,65.75,Disponible,https://cdn.shopify.com/s/files/1/0936/6713/1667/files/candy-pop-tubbees-for-women-and-men-9772416.jpg
Capri For Women By Arif Perfumes Eau De Parfum Spray 3.4 Oz,,120,Disponible,https://cdn.shopify.com/s/files/1/0936/6713/1667/files/capri-for-women-by-arif-perfumes-eau-de-parfum-spray-34-oz-1938518.jpg
Captcha 36 3.4oz,,97.25,Disponible,https://cdn.shopify.com/s/files/1/0936/6713/1667/files/captcha-36-34oz-1217065.jpg
Caramel Cream by Ainash Parfums 3.4oz,Ainash,179.5,Disponible,https://cdn.shopify.com/s/files/1/0936/6713/1667/files/caramel-cream-by-ainash-parfums-34oz-2719998.jpg
Caramel Macchiato Fragrance World for women and men,Fragrance World,121.75,Agotado,https://cdn.shopify.com/s/files/1/0936/6713/1667/files/descarga.avif
CAROLINA HERRERA 212 Vip Rose EDP Spray (2.7 oz),Carolina Herrera,330,Agotado,https://cdn.shopify.com/s/files/1/0936/6713/1667/files/212-vip-rose-carolina-herrera-edp-spray-27-oz-w-8411061777176.jpg
Carolina Herrera Bad Boy By Carolina Herrera EDT,Carolina Herrera,305.5,Agotado,https://cdn.shopify.com/s/files/1/0936/6713/1667/files/IMG-4984.webp
CAROLINA HERRERA Bad Boy Cobalt EDP Spray 3.4,Carolina Herrera,368.5,Disponible,https://cdn.shopify.com/s/files/1/0936/6713/1667/files/IMG_3505.jpg
CAROLINA HERRERA Bad Boy Cobalt Elixir EDP Spray 3.4Oz,Carolina Herrera,389.465,Agotado,https://cdn.shopify.com/s/files/1/0936/6713/1667/files/IMG_3503.jpg
CAROLINA HERRERA Men's 212 Vip Black Elixir EDP Spray 3.4 oz,Carolina Herrera,368.5,Disponible,https://cdn.shopify.com/s/files/1/0936/6713/1667/files/carolina-herrera-mens-212-vip-black-elixir-edp-spray-34-oz-fragrances-8411061105016_2.jpg
Carolina Herrera Men's 212 VIP Black Gift Set Fragrances,Carolina Herrera,316,Disponible,https://cdn.shopify.com/s/files/1/0936/6713/1667/files/carolina-herrera-mens-212-vip-black-gift-set-fragrances-8411061110072.jpg
CAROLINA HERRERA Men's 212 Vip Black NY Rodeo EDP Spray 3.4 oz,Carolina Herrera,319.5,Agotado,https://cdn.shopify.com/s/files/1/0936/6713/1667/files/carolina-herrera-mens-212-vip-black-ny-rodeo-edp-spray-34-oz-fragrances-8411061111604.jpg
CAROLINA HERRERA Men's Bad Boy Elixir EDP Spray 3.4 oz,Carolina Herrera,340.5,Agotado,https://cdn.shopify.com/s/files/1/0936/6713/1667/files/carolina-herrera-mens-bad-boy-elixir-edp-spray-34-oz-fragrances-8411061106297_2.jpg
Carolina Herrera Men's Bad Boy Extreme EDP Spray 3.38 oz,Carolina Herrera,347.5,Agotado,https://cdn.shopify.com/s/files/1/0936/6713/1667/files/carolina-herrera-mens-bad-boy-extreme-edp-spray-338-oz-fragrances-8411061057056_1.jpg
Carolina Herrera CH Bad Boy Extreme 100 ml,Carolina Herrera,344,Agotado,https://cdn.shopify.com/s/files/1/0936/6713/1667/files/IMG_2981.jpg
CAROLINA HERRERA LA BOMBA EDP (W) / 80 ML,Carolina Herrera,529.5,Disponible,https://cdn.shopify.com/s/files/1/0936/6713/1667/files/FullSizeRender_dcefd604-25a9-4175-b9a3-f725d0585f00.jpg
Carolina Herrera Ladies 212 Heroes Forever Young EDP Spray 2.7 oz,Carolina Herrera,333.5,Agotado,https://cdn.shopify.com/s/files/1/0936/6713/1667/files/carolina-herrera-ladies-212-heroes-forever-young-edp-spray-27-oz-fragrances-8411061994696_2.jpg
Carolina Herrera Ladies 212 Vip Rose EDP (4.2 oz),Carolina Herrera,368.5,Disponible,https://cdn.shopify.com/s/files/1/0936/6713/1667/files/carolina-herrera-ladies-212-vip-rose-edp-42-oz-8411061838778.jpg
Carolina Herrera Men's 212 EDT Spray 3.38 oz,Carolina Herrera,263.5,Disponible,https://cdn.shopify.com/s/files/1/0936/6713/1667/files/carolina-herrera-mens-212-edt-spray-338-oz-fragrances-8411061043868.jpg
Carolina Herrera Men's Bad Boy Cobalt EDP Spray 5.1 oz,Carolina Herrera,491,Agotado,https://cdn.shopify.com/s/files/1/0936/6713/1667/files/carolina-herrera-mens-bad-boy-cobalt-edp-spray-51-oz-fragrances-8411061027820.jpg
Cartier Baiser Volé Perfume Sample. Size: 2mL 0.06floz,,85,Disponible,https://cdn.shopify.com/s/files/1/0936/6713/1667/files/s-l1600-98.jpg
Cartier Men's Declaration EDT Spray 0.067 oz,,58.75,Disponible,https://cdn.shopify.com/s/files/1/0936/6713/1667/files/descarga_24.jpg
CASABELLA AL HUB 3.4oz,,127,Disponible,https://cdn.shopify.com/s/files/1/0936/6713/1667/files/casabella-al-hub-34oz-5810645_85dbd88f-c690-4e62-bfb0-38aa5af7bcb9.jpg
CASABELLA MIDNIGHT 3.4oz,,127,Disponible,https://cdn.shopify.com/s/files/1/0936/6713/1667/files/casabella-midnight-34oz-1704796.jpg
CASABELLA MOONLIGHT,,155,Disponible,https://cdn.shopify.com/s/files/1/0936/6713/1667/files/casabella-moonlight-9266586_b5de485d-0b9f-41f3-99b1-7e6031de8eaa.jpg
Casabella Twilight Eau Parfum 3.4oz,,127,Disponible,https://cdn.shopify.com/s/files/1/0936/6713/1667/files/casabella-twilight-eau-parfum-34oz-2801873.jpg
Casablanca Eau de Parfum,,109.5,Disponible,https://cdn.shopify.com/s/files/1/0936/6713/1667/files/casablanca-eau-de-parfum-6326998.jpg
Casamorati Italica Eau de Parfum 100 ml,Xerjoff,564.5,Disponible,https://cdn.shopify.com/s/files/1/0936/6713/1667/files/IMG_7613.jpg
Castle Blanc.21,,81.5,Disponible,https://cdn.shopify.com/s/files/1/0936/6713/1667/files/castle-blanc21-9083182_fd130721-32aa-4463-99c1-36d955b6749e.jpg
Casual,,83.25,Disponible,https://cdn.shopify.com/s/files/1/0936/6713/1667/files/casual-3540453.jpg
Champ De Rose Jacques Yves Perfume de Fragrance World Perfumes Eau De Parfum,Fragrance World,81.5,Disponible,https://cdn.shopify.com/s/files/1/0936/6713/1667/files/champ-de-rose-jacques-yves-perfume-de-fragrance-world-perfumes-eau-de-parfum-5168345.jpg
Champagne Black Bharara for women and men,Bharara,111.25,Disponible,https://cdn.shopify.com/s/files/1/0936/6713/1667/files/champagne-black-bharara-for-women-and-men-4089254_363e2da8-f536-412b-8b6d-39d6fe63a62b.jpg
Champagne Blue Bharara for men,Bharara,104.25,Disponible,https://cdn.shopify.com/s/files/1/0936/6713/1667/files/champagne-blue-bharara-for-men-6124206.jpg
Champagne Pink Bharara for women,Bharara,104.25,Disponible,https://cdn.shopify.com/s/files/1/0936/6713/1667/files/champagne-pink-bharara-for-women-8843823.jpg
Champion Money Eau de Parfum 80ml - Fragrance World,Fragrance World,128.75,Disponible,https://cdn.shopify.com/s/files/1/0936/6713/1667/files/champion-money-parfum_jpg.webp
Champion Sugar Eau de Parfum 80ml - Fragrance World,Fragrance World,128.75,Disponible,https://cdn.shopify.com/s/files/1/0936/6713/1667/files/champion-sugar-parfum_jpg.webp
CHANEL BLEU DE CHANEL PARFUM (150ml 5 OZ),Chanel,827,Agotado,https://cdn.shopify.com/s/files/1/0936/6713/1667/files/3145891071900-Chanel-Bleu-De-Chanel-Parfum-150-ML-2-1100x1100.jpg
CHANEL ALLURE HOMME SPORT Eau de Toilette Spray 100 ml,Chanel,477,Agotado,https://cdn.shopify.com/s/files/1/0936/6713/1667/files/s772608-main-zoom_jpg.webp
Chanel Allure Homme Sport Eau Extreme 100 ml Eau de Parfum,Chanel,617,Agotado,https://cdn.shopify.com/s/files/1/0936/6713/1667/files/s-l1600-49.jpg
"CHANEL ALLURE HOMME SPORT EAU EXTRÊME Eau de Parfum, 5 oz",Chanel,736,Disponible,https://cdn.shopify.com/s/files/1/0936/6713/1667/files/shopping-66.jpg
Chanel Bleu de Chanel Eau de Parfum Spray (150ml 5oz),Chanel,757,Agotado,https://cdn.shopify.com/s/files/1/0936/6713/1667/files/images-2.avif
CHANEL COCO MADEMOISELLE INTENSE 3.4 oz 100 ml Eau De Parfum EDP New,Chanel,701,Disponible,https://cdn.shopify.com/s/files/1/0936/6713/1667/files/s-l1600-39.jpg
Chants Tenderina Maison Alhambra for Women,Maison Alhambra,92,Agotado,https://cdn.shopify.com/s/files/1/0936/6713/1667/files/IMG_0496.jpg
Chaos Extrait EDP Perfume By Fragrance World French Avenue 3.4oz / 100ml,Fragrance World,144.325,Disponible,https://cdn.shopify.com/s/files/1/0936/6713/1667/files/FullSizeRender_834f42c3-2893-4416-8a5e-3080628692f3_jpg.webp
CHERRY BABY EAU DE PARFUM 3 PIECE GIFT SET,,151.5,Disponible,https://cdn.shopify.com/s/files/1/0936/6713/1667/files/PDP_SB_Cherry_Baby_3_1_jpg.webp
Cherry Bouquet Afnan for women,Afnan,162,Disponible,https://cdn.shopify.com/s/files/1/0936/6713/1667/files/cherry-bouquet-afnan-for-women-1816308_7508eb06-cd84-4703-a56e-dd919fa7419a.jpg
Cherry Luxe Tubbees for women and men,,65.75,Disponible,https://cdn.shopify.com/s/files/1/0936/6713/1667/files/cherry-luxe-tubbees-for-women-and-men-6640192.jpg
Chic Boy For Men 100 ml,,95.5,Disponible,https://cdn.shopify.com/s/files/1/0936/6713/1667/files/chic-boy-for-men-100-ml-1083958.jpg
CHIC BUBBLY Pour Femme,,95.5,Disponible,https://cdn.shopify.com/s/files/1/0936/6713/1667/files/img_5680.jpg
Chic Girl For Woman 100 ml,,95.5,Disponible,https://cdn.shopify.com/s/files/1/0936/6713/1667/files/chic-girl-for-woman-100-ml-1524774.jpg
Chic Sonia For Unisex 100 ml,,95.5,Disponible,https://cdn.shopify.com/s/files/1/0936/6713/1667/files/chic-sonia-for-unisex-100-ml-7045476.jpg
Chifon Madame Eau de Parfum by Emper Perfumes 3.4 fl oz 100 ml,Emper,92,Disponible,https://cdn.shopify.com/s/files/1/0936/6713/1667/files/s-l1600-2026-06-20T155229.451.webp
CHLOÉ Ladies Mini Set Gift Set,,197,Disponible,https://cdn.shopify.com/s/files/1/0936/6713/1667/files/chloe-ladies-mini-set-gift-set-fragrances-3616304974465_1.jpg
CHLOE Nomade 2.5 oz EDP for women,,284.5,Disponible,https://cdn.shopify.com/s/files/1/0936/6713/1667/files/choleo-nomade_1200x_webp.jpg
Chloe Parfum by Chloe for Women 2.5 OZ 75ML,,291.5,Disponible,https://cdn.shopify.com/s/files/1/0936/6713/1667/files/s-l1600-70.jpg
Chloe Variety women 4 Piece Womens Variety With Nomade Eau De Parfum (2) & Chloe Eau De Parfum & Chloe Eau De Toilette And All 0.17 oz Minis,,214.5,Disponible,https://cdn.shopify.com/s/files/1/0936/6713/1667/files/WhatsAppImage2025-06-11at18.36.36_2.jpg
Choco Cult Paris Córner,,146.25,Disponible,https://cdn.shopify.com/s/files/1/0936/6713/1667/files/IMG_7976.jpg
Choco Musk Eau de Parfum Spray 50ml (1.7 oz) by Al Rehab,Al Rehab,60.5,Disponible,https://cdn.shopify.com/s/files/1/0936/6713/1667/files/1_7552ac50-9fcd-475c-bc3a-8cb5dc264802.webp
Choco Overdose 75 ML,,137.465,Disponible,https://cdn.shopify.com/s/files/1/0936/6713/1667/files/WhatsAppImage2025-09-01at00.08.54.jpg
CHRISTIAN DIOR Miss Dior Blooming Bouquet by Dior 100 ML,Dior,491,Agotado,https://cdn.shopify.com/s/files/1/0936/6713/1667/files/IMG-4513.webp
Christian Siriano New York Midnight Silhouette Eau De Parfum,,197,Disponible,https://cdn.shopify.com/s/files/1/0936/6713/1667/files/IMG_1664_dae6c3c7-9982-47d9-a34d-5ce91ab1b171.jpg
"CHRISTIAN SIRIANO Ooh La Rouge de 3,4 oz",,197,Disponible,https://cdn.shopify.com/s/files/1/0936/6713/1667/files/IMG_1665.jpg
CHRISTIAN SIRIANO Set de regalo de fragancias Ladies Silhouette Au Naturel,,197,Disponible,https://cdn.shopify.com/s/files/1/0936/6713/1667/files/IMG_1673.jpg
Ciao,Riiffs,92,Disponible,https://cdn.shopify.com/s/files/1/0936/6713/1667/files/ciao-5362399.jpg
Citrus Breeze by Ainash,Ainash,170.75,Disponible,https://cdn.shopify.com/s/files/1/0936/6713/1667/files/citrus-breeze-by-ainash-2001702.jpg
Citrus Perfume Spray For Pets By Pet Aroma,,72.75,Disponible,https://cdn.shopify.com/s/files/1/0936/6713/1667/files/s-l1600_41.webp
Clint for Men by Eau de Parfum Spray 3.4 oz,,137.5,Disponible,https://cdn.shopify.com/s/files/1/0936/6713/1667/files/clint-for-men-by-eau-de-parfum-spray-34-oz-7348497.jpg
Clint Rouge Eau de Parfum spray 3.4 oz,,137.5,Disponible,https://cdn.shopify.com/s/files/1/0936/6713/1667/files/clint-rouge-eau-de-parfum-spray-34-oz-4014923.jpg
CLIVE CHRISTIAN Ladies 1872 Parfum Spray 1.7 oz,,1023,Disponible,https://cdn.shopify.com/s/files/1/0936/6713/1667/files/clive-christian-ladies-1872-parfum-spray-17-oz-fragrances-652638010168_3.jpg
CLIVE CHRISTIAN Unisex Crown Collection Matsukita Parfum 1.7 oz,,1002,Disponible,https://cdn.shopify.com/s/files/1/0936/6713/1667/files/clive-christian-unisex-crown-collection-matsukita-parfum-17-oz-fragrances-652638012216.jpg
CLIVE CHRISTIAN Crown Collection Kit,,827,Disponible,https://cdn.shopify.com/s/files/1/0936/6713/1667/files/UP652638011745_1_jpg.avif
CLIVE CHRISTIAN Jump up and Kiss Me Ecstatic by Clive Chistian,,932,Agotado,https://cdn.shopify.com/s/files/1/0936/6713/1667/files/IMG-8582_png.webp
CLIVE CHRISTIAN Men's 1872 Parfum 3.4 oz,,1436,Disponible,https://cdn.shopify.com/s/files/1/0936/6713/1667/files/clive-christian-mens-1872-parfum-34-oz-fragrances-652638012803.jpg
CLIVE CHRISTIAN Men's NO. 1 EDP Spray 1.7 oz,,1261,Disponible,https://cdn.shopify.com/s/files/1/0936/6713/1667/files/652638007441_1-1100x1100h_jpg.webp
CLIVE CHRISTIAN Men's XXI Art Deco Cypress Parfum Spray 1.7 oz,,1068.5,Agotado,https://cdn.shopify.com/s/files/1/0936/6713/1667/files/clive-christian-mens-xxi-art-deco-cypress-edp-spray-17-oz-fragrances-652638004280_1.jpg
Clive Christian Queen Anne Rock Rose Eau De Parfum,,1072,Disponible,https://cdn.shopify.com/s/files/1/0936/6713/1667/files/FullSizeRender_f063d7d3-78a8-4cfb-ad92-e6e871515630.jpg
Clive Christian STRANGE HEAVENS OUT OF THE BLUE Parfum,,2017,Disponible,https://cdn.shopify.com/s/files/1/0936/6713/1667/files/652638011899_Box_flacon_clive_christian_png.webp
Clive Christian Unisex Christian Crown Collection Crab Apple Blossom Parfum 1.7 oz,,967,Disponible,https://cdn.shopify.com/s/files/1/0936/6713/1667/files/clive-christian-ladies-crab-apple-blossom-parfum-spray-17-oz-fragrances-652638008929_3.jpg
CLIVE CHRISTIAN Unisex Crown Collection Matsukita Parfum Spray 1.7 oz,,1422,Disponible,https://cdn.shopify.com/s/files/1/0936/6713/1667/files/FullSizeRender_7fdb5c34-7655-438a-9baa-72fe0ae97337.jpg
CLIVE CHRISTIAN Unisex Private Collection E Cashmere Musk Parfum 1.7 oz,,809.5,Agotado,https://cdn.shopify.com/s/files/1/0936/6713/1667/files/clive-christian-unisex-private-collection-e-cashmere-musk-parfum-17-oz-fragrances-652638012636.jpg
CLUB DE NUIT BLING 75 ML,Armaf,168.825,Disponible,https://cdn.shopify.com/s/files/1/0936/6713/1667/files/edit-14_PhotoGrid_png.webp
Club de Nuit Blue Iconic,Armaf,144.325,Disponible,https://cdn.shopify.com/s/files/1/0936/6713/1667/files/club-de-nuit-blue-iconic-7525865.jpg
Club de Nuit Intense Gift Set Dúo,Armaf,151.5,Disponible,https://cdn.shopify.com/s/files/1/0936/6713/1667/files/REVCDNIntenseMen200mlgift-1a_jpg.webp
Club De Nuit Intense Man 3.6 oz,Armaf,119.965,Disponible,https://cdn.shopify.com/s/files/1/0936/6713/1667/files/club-de-nuit-intense-man-36-oz-1196287_a4aeaaf0-6927-4470-af67-c4109a967c9d.jpg
Club de Nuit Intense Man Limited Edition Parfum 6294015180367,Armaf,218,Disponible,https://cdn.shopify.com/s/files/1/0936/6713/1667/files/WhatsApp_Image_2026-03-13_at_11.26.07.jpg
Club de Nuit Maleka,Armaf,144.325,Disponible,https://cdn.shopify.com/s/files/1/0936/6713/1667/files/img_4621.jpg
CLUB DE NUIT MALEKA GIFT SET,Armaf,193.5,Disponible,https://cdn.shopify.com/s/files/1/0936/6713/1667/files/CLUBDENUITMALEKAGIFTSET_dc613ae2-77e2-4be4-a1b6-bcd6194230be.webp
Club de Nuit Milestone,Armaf,132.25,Disponible,https://cdn.shopify.com/s/files/1/0936/6713/1667/files/club-de-nuit-milestone-6829307.jpg
Club de Nuit Oud,Armaf,178.625,Disponible,https://cdn.shopify.com/s/files/1/0936/6713/1667/files/club-de-nuit-oud-9060755.webp
Club de Nuit Sillage,Armaf,131.375,Disponible,https://cdn.shopify.com/s/files/1/0936/6713/1667/files/club-de-nuit-sillage-1994689_4ec91431-530d-4bf4-b779-20228a230f84.jpg
Club de Nuit Woman,Armaf,112.825,Disponible,https://cdn.shopify.com/s/files/1/0936/6713/1667/files/club-de-nuit-woman-3384043_fb5c4338-424e-4d28-8df9-a0e1180f8b09.webp
Club Nuit Imperiale,,132.25,Disponible,https://cdn.shopify.com/s/files/1/0936/6713/1667/files/club-nuit-imperiale-2429079_6e1c92d3-b14b-4603-bafd-a7820ae6542c.jpg
Cocktail Intense Eau De Parfum 100ml,,88.5,Disponible,https://cdn.shopify.com/s/files/1/0936/6713/1667/files/cocktail-intense-eau-de-parfum-100ml-9574320.jpg
Cocoa Morado 3.4 oz EDP by Fragrance World,Fragrance World,130.5,Disponible,https://cdn.shopify.com/s/files/1/0936/6713/1667/files/cocoa-morado-34-oz-edp-by-fragrance-world-2014631.jpg
Cocolatte Lassi Eau De Parfum 80 ml French Avenue,French Avenue,167.25,Disponible,https://cdn.shopify.com/s/files/1/0936/6713/1667/files/Choco1_35ab8e11-ef27-49c2-b397-acf3392e64ed_jpg.webp
Coconut Candy by Ainash Parfums,Ainash,170.75,Agotado,https://cdn.shopify.com/s/files/1/0936/6713/1667/files/coconut-candy-by-ainash-parfums-1020346.jpg
Coconut Leche By Fragrance World French Avenue Eau De Parfum for Unisex - 80 ML,Fragrance World,147.825,Disponible,https://cdn.shopify.com/s/files/1/0936/6713/1667/files/s-l1600-31.jpg
COCONUT VANILLE FOR WOMEN BY ADYAN,Adyan,116.5,Disponible,https://cdn.shopify.com/s/files/1/0936/6713/1667/files/coconut-vanille-for-women-by-adyan-7967614.jpg
Code Black For Men By Fascino,,83.25,Disponible,https://cdn.shopify.com/s/files/1/0936/6713/1667/files/CodeBlackForMenEDP-100ml_3.4oz_ByFascino_1.webp
Code Blue For Men By Fascino,,83.25,Disponible,https://cdn.shopify.com/s/files/1/0936/6713/1667/files/CodeBlueForMenEDP-100ml_3.4oz_ByFascino2.webp
COLLECTION TROPICAL DELIGHTS SERIES,,739.5,Disponible,https://cdn.shopify.com/s/files/1/0936/6713/1667/files/collection-tropical-delights-series-2941835_c2e4407d-a742-4c99-a50c-5ad27c8c3d5c.jpg
Colosseum Fragrance World for women and men,Fragrance World,116.5,Agotado,https://cdn.shopify.com/s/files/1/0936/6713/1667/files/dark-375x500.122283.2x.avif
Como Moiselle Eau De Parfum Spray 100ml (3.4 Oz) By Maison Alhambra,Maison Alhambra,88.5,Agotado,https://cdn.shopify.com/s/files/1/0936/6713/1667/files/1_2a1c1eba-dac2-4744-881a-a29bc6c777cf_jpg.webp
Confidential Platinum,,88.5,Disponible,https://cdn.shopify.com/s/files/1/0936/6713/1667/files/confidential-platinum-6824430_2b8df681-2e12-4f4a-8ccd-6d7ec75673e0.jpg
Confidential Private Gold,,90.25,Disponible,https://cdn.shopify.com/s/files/1/0936/6713/1667/files/confidential-private-gold-1506191.webp
Cookie Crave 75 ML,,137.465,Disponible,https://cdn.shopify.com/s/files/1/0936/6713/1667/files/WhatsAppImage2025-09-01at00.08.54_24.jpg
Cookies & Cream TubbeesEau de Parfum 50 ML,,65.75,Agotado,https://cdn.shopify.com/s/files/1/0936/6713/1667/files/CookiesAndCreamNotas_1_png.webp
COUTURE COLLECTION ALIYAH,,79.75,Disponible,https://cdn.shopify.com/s/files/1/0936/6713/1667/files/couture-aliyah-2048x2048.jpg
COUTURE COLLECTION NOURA 100 ML,,95.5,Agotado,https://cdn.shopify.com/s/files/1/0936/6713/1667/files/couture-noura-2048x2048.jpg
Couture Collection Rania,,79.75,Disponible,https://cdn.shopify.com/s/files/1/0936/6713/1667/files/couture-Rania-scaled.jpg
Craft Aura Eau de Parfum Spray 2.8 Fl Oz,,90.25,Disponible,https://cdn.shopify.com/s/files/1/0936/6713/1667/files/craft-aura-eau-de-parfum-spray-28-fl-oz-3041863_b0d80b4e-9410-428f-8dd4-95a94a7bb1fc.jpg
Craft Oro,,83.25,Disponible,https://cdn.shopify.com/s/files/1/0936/6713/1667/files/craft-oro-3916854.jpg
Creamy Biscuit Eau de Parfum,,146.25,Disponible,https://cdn.shopify.com/s/files/1/0936/6713/1667/files/IMG_7983_c8f69dc2-a5e7-44f0-ba26-09f6c8315c1b.jpg
CREED Ladies Eladaria EDP Spray 2.5 oz,Creed,1142,Agotado,https://cdn.shopify.com/s/files/1/0936/6713/1667/files/creed-ladies-creed-eladaria-edp-spray-25-oz-fragrances-3508440004185_3.jpg
CREED Absolu Aventus EDP para hombre 75 Ml,Creed,1611,Disponible,https://cdn.shopify.com/s/files/1/0936/6713/1667/files/IMG_5267.jpg
"CREED Aventus / EDP Spray 3,3 oz (100 ml)",Creed,1212,Agotado,https://cdn.shopify.com/s/files/1/0936/6713/1667/files/IMG_5264.jpg
CREED Centaurus 3.3 oz EDP Unisex,Creed,1142,Agotado,https://cdn.shopify.com/s/files/1/0936/6713/1667/files/CREED-CENTAURUS_1000x_webp.jpg
CREED Green Irish Tweed / EDP Spray 3.3 oz (100 ml),Creed,963.5,Disponible,https://cdn.shopify.com/s/files/1/0936/6713/1667/files/IMG_5265.jpg
Creed Millesime Imperial 100 ml,Creed,946,Agotado,https://cdn.shopify.com/s/files/1/0936/6713/1667/files/IMG_8424.jpg
CREED Silver Mountain / EDP Vaporizador 100 ml,Creed,998.5,Agotado,https://cdn.shopify.com/s/files/1/0936/6713/1667/files/IMG_5270.jpg
KUNAFA CRUSH,,97.25,Agotado,https://cdn.shopify.com/s/files/1/0936/6713/1667/files/WhatsApp_Image_2026-02-20_at_07.52.59.jpg
CREME COUTURE COTTON CANDY,,97.25,Agotado,https://cdn.shopify.com/s/files/1/0936/6713/1667/files/WhatsApp_Image_2026-02-20_at_07.52.56.jpg
LATTE,,97.25,Disponible,https://cdn.shopify.com/s/files/1/0936/6713/1667/files/WhatsApp_Image_2026-02-20_at_07.52.49.jpg
CRIVELLI Unisex Oud Maracuja Extrait de Parfum Spray 1.7 oz,,984.5,Agotado,https://cdn.shopify.com/s/files/1/0936/6713/1667/files/maison-crivelli-unisex-oud-maracuja-extrait-de-parfum-spray-17-oz-fragrances-3770019756362.jpg
Crown,,78,Disponible,https://cdn.shopify.com/s/files/1/0936/6713/1667/files/crown-8732871_0ed75c18-ecc3-49d9-8f89-e71ba0c59825.jpg
Crown Eau Parfum 3.4oz,,162,Disponible,https://cdn.shopify.com/s/files/1/0936/6713/1667/files/crown-eau-parfum-34oz-4008111.webp
Cuba La Vida by for Women - 1.7 oz EDP,,74.465,Disponible,https://cdn.shopify.com/s/files/1/0936/6713/1667/files/la-vida-by-cuba-for-women-17-oz-edp-spray-5425039221052.jpg
Cuba Men's Gold EDT Spray 1.17 oz,,78,Disponible,https://cdn.shopify.com/s/files/1/0936/6713/1667/files/cuba-mens-gold-edt-spray-117-oz-fragrances-5425017732112_1.jpg
Daarej for Women EDP - 100 ML (3.4 oz) by Rasasi,Rasasi,93.75,Disponible,https://cdn.shopify.com/s/files/1/0936/6713/1667/files/EntebaaWomen.webp
Daarej pour Homme Rasasi for Men 100 ml,Rasasi,91.125,Disponible,https://cdn.shopify.com/s/files/1/0936/6713/1667/files/1_c5604861-5d19-4514-8c2c-73f5caf1974e.webp
Dalia Ciel by Adyan,Adyan,102.5,Disponible,https://cdn.shopify.com/s/files/1/0936/6713/1667/files/dalia-ciel-by-adyan-9957476.jpg
Dalia Noir By Adyan,Adyan,102.5,Disponible,https://cdn.shopify.com/s/files/1/0936/6713/1667/files/dalia-noir-by-adyan-8859462.jpg
Dalia Rouge BY Adyan,Adyan,102.5,Disponible,https://cdn.shopify.com/s/files/1/0936/6713/1667/files/dalia-rouge-by-adyan-9409070_878bddf2-91e3-47f7-8842-4a4423a57317.jpg
Dangerous Maryx - Limited Edition Lorenzo Pazzaglia for women and men,Lorenzo Pazzaglia,617,Agotado,https://cdn.shopify.com/s/files/1/0936/6713/1667/files/dangerous_maryx_50-700x700.webp
Daring Blue For Life Maison Alhambra for men,Maison Alhambra,144.465,Agotado,https://cdn.shopify.com/s/files/1/0936/6713/1667/files/daring-blue-for-life-maison-alhambra-for-men-4896282_eb85ea1d-05c9-4c02-985e-ae75422db9f4.jpg
Daring Eau de Parfum 3.4 oz,,286.25,Disponible,https://cdn.shopify.com/s/files/1/0936/6713/1667/files/112367024939_OM_B.avif
Dark Desire Orientica Premium for women,ORIENTICA,739.5,Disponible,https://cdn.shopify.com/s/files/1/0936/6713/1667/files/dark-desire-orientica-premium-for-women-8339028_2c0af121-d7f9-4659-a5c6-121a19f9f7e7.jpg
Dark Door Sport Maison Alhambra for Men,Maison Alhambra,95.5,Agotado,https://cdn.shopify.com/s/files/1/0936/6713/1667/files/dark-door-sport-maison-alhambra-for-men-8184212.jpg
DATE NIGHTS FEMME( ANFAR LONDON),Anfar,137.5,Disponible,https://cdn.shopify.com/s/files/1/0936/6713/1667/files/date-nights-femme-anfar-london-2813088_17d6e3de-255e-4d99-a5e3-725a74e64bfe.jpg
De Intense,,92,Agotado,https://cdn.shopify.com/s/files/1/0936/6713/1667/files/de-intense-5443173_27096da9-ed08-41df-800a-f7ed8442320e.jpg
De los Arif,,120,Disponible,https://cdn.shopify.com/s/files/1/0936/6713/1667/files/de-los-arif-7304499_71fda5c1-daf4-4816-9496-7cb9da501155.jpg
DE MARLY Ladies Delina La Rosee EDP 2.5 oz,Parfums de Marly,1264.5,Disponible,https://cdn.shopify.com/s/files/1/0936/6713/1667/files/parfums-de-marly-ladies-delina-la-rosee-edp-25-oz-tester-fragrances-3700578501592.jpg
December Vanilla PARIS CORNER for women and men,Paris Corner,137.5,Disponible,https://cdn.shopify.com/s/files/1/0936/6713/1667/files/IMG_7980.jpg
DELIGHTS BON BON EAU DE PARFUM 100 ML,,165.5,Disponible,https://cdn.shopify.com/s/files/1/0936/6713/1667/files/Gemini_Generated_Image_61mxij61mxij61mx_png_32840345-3aa8-4602-819c-a8c10b860893.webp
Delilah,Maison Alhambra,90.25,Disponible,https://cdn.shopify.com/s/files/1/0936/6713/1667/files/delilah-6059729.webp
Delilah Blanc Eau Parfum,,97.25,Agotado,https://cdn.shopify.com/s/files/1/0936/6713/1667/files/delilah-blanc-eau-parfum-6601347_5f0715a2-a5c4-4534-b6a3-973e404a1fce.jpg
Delilah Viola Maison Alhambra for women and men,Maison Alhambra,130.325,Agotado,https://cdn.shopify.com/s/files/1/0936/6713/1667/files/images_62.jpg
Delroba Rose Musk Eau Parfum 100 ml,Delroba,179.5,Agotado,https://cdn.shopify.com/s/files/1/0936/6713/1667/files/IMG_1635.jpg
Delroba Sweet Amber Eau Parfum 100ml,Delroba,179.5,Agotado,https://cdn.shopify.com/s/files/1/0936/6713/1667/files/IMG_1637.jpg
DESERT ANGEL 3.4oz,,97.25,Disponible,https://cdn.shopify.com/s/files/1/0936/6713/1667/files/desert-angel-34oz-1987509_835e10ae-903a-4c7e-bcbc-f08cb11750e6.jpg
DESERT ANGEL ROUGE BERRY,,95.5,Disponible,https://cdn.shopify.com/s/files/1/0936/6713/1667/files/desert-berry-rouge-2048x2048.jpg
Desire,,102.5,Disponible,https://cdn.shopify.com/s/files/1/0936/6713/1667/files/desire-2431016.jpg
Devoción Dolce&amp;Gabbana 100 ML,,298.5,Disponible,https://cdn.shopify.com/s/files/1/0936/6713/1667/files/25666016_fpx_tif.webp
Devotion Pour Homme by Dolce & Gabbana,Dolce & Gabbana,301.965,Disponible,https://cdn.shopify.com/s/files/1/0936/6713/1667/files/952625AC-E972-4638-88AC-99423A083AC9.webp
DIAMOND COLLECTION SET GAME OF SPADES 30 ML X 3 PCS,,268.75,Disponible,https://cdn.shopify.com/s/files/1/0936/6713/1667/files/DiamondCollectionset1_9ce93587-21ec-4aeb-aebb-65474f3146b9_jpg.webp
Diesel Plus Plus / EDT Spray 2.5 oz,,95.5,Agotado,https://cdn.shopify.com/s/files/1/0936/6713/1667/files/diesel-plus-plus-diesel-edt-spray-25-oz-m-4085400291001.jpg
DIOR Ladies J'Adore L'Or Essence EDP Spray 0.04 oz,Dior,58.75,Disponible,https://cdn.shopify.com/s/files/1/0936/6713/1667/files/dior-ladies-jadore-lor-essence-edp-spray-004-oz-fragrances-3348901669764.jpg
DIOR Ladies Miss Parfum 2.7 oz,Dior,599.465,Agotado,https://cdn.shopify.com/s/files/1/0936/6713/1667/files/IMG_1085.jpg
DIOR Poison Girl by Dior 100 ML,Dior,382.5,Disponible,https://cdn.shopify.com/s/files/1/0936/6713/1667/files/IMG-3400.webp
DIOR Sauvage Christian EDP Spray 3.4 oz (ml),Dior,561,Disponible,https://cdn.shopify.com/s/files/1/0936/6713/1667/files/IMG_4978.jpg
Dior Homme Parfum Dior for men 75 ml,Dior,578.5,Disponible,https://cdn.shopify.com/s/files/1/0936/6713/1667/files/FullSizeRender_3a630161-7e0b-4c17-94e5-ddae330b4028.jpg
Dior J'adore Eau De Parfum for Women 100 ML,Dior,547,Disponible,https://cdn.shopify.com/s/files/1/0936/6713/1667/files/PFHR2_jpg.webp
Dior J'adore Eau de Parfum sample 1ml,Dior,58.75,Disponible,https://cdn.shopify.com/s/files/1/0936/6713/1667/files/a25dd6f8-2da9-40af-a428-388f42966fbc-1000x1000-p8O0tKlvrnz6BGnOBZQF8Tf37JVwb4XZDBdA5WUT.webp
DIOR Miss Dior Eau de Parfum,Dior,634.465,Agotado,https://cdn.shopify.com/s/files/1/0936/6713/1667/files/14889287_fpx_tif.webp
Dior Miss Dior Parfum Sample 1ml,Dior,58.75,Disponible,https://cdn.shopify.com/s/files/1/0936/6713/1667/files/ed07b229-1c18-48e7-a303-33a8ce95356c-1000x1000-hvNW9M6PzFStmp3LdSq13VAQquzDlqOVHMAMZtDE.webp
Dior Sample Miss dior blooming - 1 ML,Dior,58.75,Disponible,https://cdn.shopify.com/s/files/1/0936/6713/1667/files/dir3f0000144_jpg.webp
Discover Anfar London,Anfar,144.5,Disponible,https://cdn.shopify.com/s/files/1/0936/6713/1667/files/discover-anfar-london-3720226.jpg
DISCOVERY SET 30 Ml,,109.5,Disponible,https://cdn.shopify.com/s/files/1/0936/6713/1667/files/discovery-set-30-ml-2022076.jpg
DISNEY Princess - Ariel by for Kids - 3.4 oz EDT,,70.65,Disponible,https://cdn.shopify.com/s/files/1/0936/6713/1667/files/disney-princess-ariel-by-disney-for-kids-34-oz-edt-spray-8411114082615.jpg
DISNEY Boys Stitch & Angel EDT Spray 3.4 oz Kids,,70.65,Disponible,https://cdn.shopify.com/s/files/1/0936/6713/1667/files/disney-boys-stitch-angel-edt-spray-34-oz-kids-fragrances-663350095197.jpg
Disney Frozen II Eau de Toilette Kids,,70.65,Disponible,https://cdn.shopify.com/s/files/1/0936/6713/1667/files/RqjQSvEWoihm6iOHCqqRxNTRrmT67I7pajyJKRY5.jpg
DISNEY Girls Princess Cinderela EDT Spray 3.4 oz Kids,,70.65,Agotado,https://cdn.shopify.com/s/files/1/0936/6713/1667/files/disney-girls-princess-cinderela-edt-spray-34-oz-kids-fragrances-8411114082608.jpg
Disney Iron Man Eau De Toilette Spray EDT 100ml 3.4oz,,70.65,Disponible,https://cdn.shopify.com/s/files/1/0936/6713/1667/files/m16316309149_1_jpg.avif
DISNEY Mickey Mouse Kids EDT Spray 3.4 oz (100 ml),,70.65,Disponible,https://cdn.shopify.com/s/files/1/0936/6713/1667/files/disney-mickey-mouse-disney-edt-spray-34-oz-100-ml-663350008234.jpg
Diva,,81.5,Disponible,https://cdn.shopify.com/s/files/1/0936/6713/1667/files/FullSizeRender_cf9f7aaf-5d45-4392-966d-03aa5ac6efe5.jpg
Diva Blanc,,81.5,Disponible,https://cdn.shopify.com/s/files/1/0936/6713/1667/files/diva-blanc-9731471.webp
Diva Sparkle,,81.5,Disponible,https://cdn.shopify.com/s/files/1/0936/6713/1667/files/diva-sparkle-8282083.webp
DOLCE & GABBANA Men's K EDP Spray 6.7 oz Fragrances,Dolce & Gabbana,284.5,Agotado,https://cdn.shopify.com/s/files/1/0936/6713/1667/files/king-dolce-gabbana-edp-67_1000x_webp.jpg
DOLCE & GABBANA Men's Light Blue Capri In Love EDP Spray 3.4 oz,Dolce & Gabbana,270.5,Agotado,https://cdn.shopify.com/s/files/1/0936/6713/1667/files/dolce-and-gabbana-mens-light-blue-capri-in-love-edp-spray-34-oz-fragrances-8054754407280.jpg
Dolce & Gabbana For Women Eau de Parfum (Devotion + Q + Blue Jasmine + The One) + Eau De Toilette (Azul Claro) 4X5ml,Dolce & Gabbana,232,Disponible,https://cdn.shopify.com/s/files/1/0936/6713/1667/files/dolce-gabbana-for-women-eau-de-parfum-devotion-q-blue-jasmine-the-one-eau-de-toilette-azul-claro-4x5ml-1679377.jpg
DOLCE & GABBANA K de Dolce & Gabbana para hombre - EDP Spray de 3.3 oz,Dolce & Gabbana,221.5,Agotado,https://cdn.shopify.com/s/files/1/0936/6713/1667/files/IMG_4566.jpg
Dolce & Gabbana Ladies Light Blue Capri In Love EDP Spray 3.4 oz,Dolce & Gabbana,263.5,Disponible,https://cdn.shopify.com/s/files/1/0936/6713/1667/files/dolce-and-gabbana-ladies-light-blue-capri-in-love-edp-spray-34-oz-fragrances-8054754407235.jpg
DOLCE & GABBANA Light Blue EDT Spray 3.3 oz,Dolce & Gabbana,214.465,Disponible,https://cdn.shopify.com/s/files/1/0936/6713/1667/files/light-blue-dolce-gabbana-edt-spray-33-oz-w-3423473020233.jpg
Dolce & Gabbana Men's K (King) EDP 0.33 oz,Dolce & Gabbana,102.5,Disponible,https://cdn.shopify.com/s/files/1/0936/6713/1667/files/dolce-and-gabbana-mens-dolce-gabbana-k-king-edp-033-oz-fragrances-8057971183968.jpg
Dolce & Gabbana Men's Light Blue Pour Homme Summer Vibes EDT Spray 4.2 oz,Dolce & Gabbana,214.465,Agotado,https://cdn.shopify.com/s/files/1/0936/6713/1667/files/dolce-and-gabbana-mens-light-blue-pour-homme-summer-vibes-edt-spray-42-oz-fragrances-8057971183579.jpg
Dolce & Gabbana The One Men / EDT Spray 5.0 oz (150 ml),Dolce & Gabbana,246,Disponible,https://cdn.shopify.com/s/files/1/0936/6713/1667/files/the-one-men-dolce-gabbana-edt-spray-50-oz-150-ml-m-3423473021216_1.jpg
Dolce Gabbana Light Blue 3.3,Dolce & Gabbana,232,Disponible,https://cdn.shopify.com/s/files/1/0936/6713/1667/files/02dwimjcmj_png.webp
Dolce Gabbana Light Blue Intense,Dolce & Gabbana,249.5,Disponible,https://cdn.shopify.com/s/files/1/0936/6713/1667/files/IMG_3138.jpg
Dolce Gabbana The One Eau de Parfum 100 ml,Dolce & Gabbana,291.5,Disponible,https://cdn.shopify.com/s/files/1/0936/6713/1667/files/IMG_8233.jpg
Dolce&Gabbana My Devotion Eau de Parfum Intense with Peony & Vanilla Travel Spray 100 ML,,477,Agotado,https://cdn.shopify.com/s/files/1/0936/6713/1667/files/15101067_fpx.webp
Dolce&Gabbana Your Devotion Eau de Parfum Intense,,582,Agotado,https://cdn.shopify.com/s/files/1/0936/6713/1667/files/s2972156-av-1202604201305261440700-zoom.webp
Donna intense by Stallion 53 Eau de parfum 3.4oz/100ml+20ml fragance,,93.75,Disponible,https://cdn.shopify.com/s/files/1/0936/6713/1667/files/s-l1600-25.png
DOUBLE R RENEW & REPAIR ADVANCED SERUM,,267,Disponible,https://cdn.shopify.com/s/files/1/0936/6713/1667/files/IMG_6470.jpg
Dreamy Treats Tubbees for women and men,,65.75,Disponible,https://cdn.shopify.com/s/files/1/0936/6713/1667/files/dreamy-treats-tubbees-for-women-and-men-6671823.jpg
Dubai Chocolate - Pistachio Kunafa Eau de Parfum 100 ml,,107.75,Disponible,https://cdn.shopify.com/s/files/1/0936/6713/1667/files/IMG_9065.jpg
Dubai king 786,,141,Disponible,https://cdn.shopify.com/s/files/1/0936/6713/1667/files/dubai-king-786-7132308_9a3bed03-d8a1-4325-a46f-d6e38ccb1034.jpg
Dumont Nitro Black EDP for Men,,123.325,Disponible,https://cdn.shopify.com/s/files/1/0936/6713/1667/files/dumont-nitro-black-edp-for-men-2429689_add22835-0e16-4703-a153-57854c4d53e2.jpg
Dumont Nitro Blue EDP,,119.825,Disponible,https://cdn.shopify.com/s/files/1/0936/6713/1667/files/dumont-nitro-blue-edp-2340554_7398d664-ef4c-438d-8c13-1bceed81e664.jpg
Dumont Nitro Green EDP for men,,123.325,Disponible,https://cdn.shopify.com/s/files/1/0936/6713/1667/files/dumont-nitro-green-edp-for-men-1561640.jpg
Dumont Nitro Intense EDP for Men,,127,Disponible,https://cdn.shopify.com/s/files/1/0936/6713/1667/files/dumont-nitro-intense-edp-for-men-4436791.jpg
Dumont Nitro Platinum EDP for Men,,123.325,Disponible,https://cdn.shopify.com/s/files/1/0936/6713/1667/files/dumont-nitro-platinum-edp-for-men-1884548_41293c4d-684a-40d4-9064-8bb83644ad3b.jpg
Dumont NITRO RED - 3.4oz for Men,,126.825,Disponible,https://cdn.shopify.com/s/files/1/0936/6713/1667/files/dumont-nitro-red-34oz-for-men-9008979.jpg
Dumont Nitro White EDP for Men,,126.825,Disponible,https://cdn.shopify.com/s/files/1/0936/6713/1667/files/dumont-nitro-white-edp-for-men-7867130_5315d5e6-c867-4de6-944c-99c522782f5f.jpg
DUMONT- NITRO M 8 PCS MINI SET,,144.325,Disponible,https://cdn.shopify.com/s/files/1/0936/6713/1667/files/dumont-nitro-m-8-pcs-mini-set-3070799.jpg
Durraq Arif,,97.25,Disponible,https://cdn.shopify.com/s/files/1/0936/6713/1667/files/durraq-arif-5260657_44f53252-d20f-4461-ade8-18419feb46d3.jpg
Dusk Till Dawn Set by French Avenue 2X100ml EDP Spray,French Avenue,249.465,Disponible,https://cdn.shopify.com/s/files/1/0936/6713/1667/files/s-l1600_84.webp
Dylan Blue by Versace for Men 3.4 oz EDT 3pc Gift Set,Versace,284.5,Disponible,https://cdn.shopify.com/s/files/1/0936/6713/1667/files/WhatsAppImage2025-11-01at10.51.13.jpg
"Dylan Blue by Versace for women – 4-piece gift set – 3.4 ounce EDP spray, 3.4 ounce Sublime body lotion, sublime bath and shower gel, makeup case",Versace,337,Agotado,https://cdn.shopify.com/s/files/1/0936/6713/1667/files/WhatsAppImage2025-06-11at18.36.34_2.jpg
Dynasty Eau de Parfum 100 ml,,123.325,Disponible,https://cdn.shopify.com/s/files/1/0936/6713/1667/files/dynasty-eau-de-parfum-100-ml-8632294.jpg
EAU de Flora Mark &amp; Victor (VIKTOR&amp;ROLF Flowerbomb),,81.5,Agotado,https://cdn.shopify.com/s/files/1/0936/6713/1667/files/eau-de-flora-mark-amp-victor-viktoramprolf-flowerbomb-6428882.jpg
Eau de parfum Champion G.O.A.T 80ml - Fragrance World,Fragrance World,128.75,Disponible,https://cdn.shopify.com/s/files/1/0936/6713/1667/files/champion-goat-parfum_jpg.webp
Eau de parfum Fierté 80ml - French Avenue,French Avenue,182.125,Agotado,https://cdn.shopify.com/s/files/1/0936/6713/1667/files/parfum-fierte_jpg.webp
"Eau de Parfum Luscious by French Avenue, Women, 100 ml",French Avenue,153.25,Agotado,https://cdn.shopify.com/s/files/1/0936/6713/1667/files/WhatsAppImage2025-09-10at18.02.19.jpg
Eau de parfum Nudo Exotic Flowers 100ml - Fragrance World,Fragrance World,107.75,Disponible,https://cdn.shopify.com/s/files/1/0936/6713/1667/files/eau-de-parfum-nudo-flowers_jpg.webp
Eau de parfum Nudo Green Iris 100ml - Fragrance World,Fragrance World,107.75,Disponible,https://cdn.shopify.com/s/files/1/0936/6713/1667/files/eau-de-parfum-nudo-vert_jpg.webp
Eau de parfum Nudo Sweet Berries 100ml - Fragrance World,Fragrance World,107.75,Disponible,https://cdn.shopify.com/s/files/1/0936/6713/1667/files/eau-de-parfum-nudo-sweet-berries-1_jpg.webp
Eau de parfum Nudo Tutti Frutti 100ml - Fragrance World,Fragrance World,107.75,Disponible,https://cdn.shopify.com/s/files/1/0936/6713/1667/files/parfum-nudo-tutti-frutti_jpg.webp
Eau de Parfum Veneno (Black) 100ml - French Avenue,French Avenue,168.65,Agotado,https://cdn.shopify.com/s/files/1/0936/6713/1667/files/5D615121-3C3D-4A29-9001-84A36A8D2CA7.webp
Eclaire Perfumed Deodorant Spray for Women,Lattafa,48.95,Agotado,https://cdn.shopify.com/s/files/1/0936/6713/1667/files/s-l1600_48.webp
Eclaire Pistache 100 ML,Lattafa,108.625,Disponible,https://cdn.shopify.com/s/files/1/0936/6713/1667/files/WhatsAppImage2025-09-01at00.08.54_12.jpg
Eclat de Mer by Ainash Parfums 2.5oz Extrait de Parfum,Ainash,170.75,Agotado,https://cdn.shopify.com/s/files/1/0936/6713/1667/files/eclat-de-mer-by-ainash-parfums-25oz-extrait-de-parfum-7590116.jpg
Ehsas Rae'e,,88.5,Disponible,https://cdn.shopify.com/s/files/1/0936/6713/1667/files/ehsas-raee-2154862.jpg
Elegance by Bharara Eau De Parfum,Bharara,197,Disponible,https://cdn.shopify.com/s/files/1/0936/6713/1667/files/elegance-by-bharara-eau-de-parfum-6187498_768fb5a0-22ca-4642-a2ce-a73f03372487.jpg
Elion by Ainash Parfums 2.5oz Extrait de Parfum,Ainash,170.75,Disponible,https://cdn.shopify.com/s/files/1/0936/6713/1667/files/elion-by-ainash-parfums-25oz-extrait-de-parfum-1137003.jpg
Elivi Beiroud by Elivi Unisex 50 ML,,550.465,Agotado,https://cdn.shopify.com/s/files/1/0936/6713/1667/files/80B92680-C160-4526-BC5C-102B4AC3F87A.webp
Elivi Exotic by Elivi Unisex 50 ML,,672.965,Disponible,https://cdn.shopify.com/s/files/1/0936/6713/1667/files/1BEDEAB2-78D6-46E8-B7F0-0256DAB54D67.webp
Elivi Giardino Romani by Elivi Unisex 50 ML,,550.465,Disponible,https://cdn.shopify.com/s/files/1/0936/6713/1667/files/08B9E0B6-0BBD-485F-961F-DCEB9B60BFC1.webp
Elivi Marbella by Elivi Unisex 50 ML,,550.465,Disponible,https://cdn.shopify.com/s/files/1/0936/6713/1667/files/EEA5C765-4B9D-4ED0-98A2-B9BE97458B1E.webp
Elivi Roses Parisien by Elivi Unisex 50 ML,,550.465,Disponible,https://cdn.shopify.com/s/files/1/0936/6713/1667/files/55401F10-4A8D-4D0C-9E37-753AF0FAB39A.webp
Elivi Sibora by Elivi Unisex 50 ML,,550.465,Disponible,https://cdn.shopify.com/s/files/1/0936/6713/1667/files/869257EE-C713-47C6-8AED-C977993D7715.webp
Elivi Sweelondon by Elivi Unisex 50 ML,,550.465,Disponible,https://cdn.shopify.com/s/files/1/0936/6713/1667/files/E883D299-ED4B-4CCC-98D1-11470B8E4FCA.webp
Elivi Magical Mia U Extrait 50 ML,,550.465,Disponible,https://cdn.shopify.com/s/files/1/0936/6713/1667/files/1DCE4BB5-1B4C-44CB-BC80-65E4A2BC5F9E.webp
ELIVI MOR EXTRAIT DE PARFUM 50ML,,672.965,Disponible,https://cdn.shopify.com/s/files/1/0936/6713/1667/files/FC5390E3-7426-4521-96F8-2E27C9842AF0.webp
Elivi Unstoppable Hong Kong U Extrait 50 ML,,550.465,Disponible,https://cdn.shopify.com/s/files/1/0936/6713/1667/files/43FA50B9-8E11-4B54-9293-ABB34716C2E0.webp
Elivi Ville de Genéve by Elivi Unisex 50 ML,,550.465,Disponible,https://cdn.shopify.com/s/files/1/0936/6713/1667/files/B6672D2C-952C-4051-8EDD-126372CB4CC4.webp
Elivi Zurich in Blossom Unisex 50 ML,,547,Disponible,https://cdn.shopify.com/s/files/1/0936/6713/1667/files/29D22949-B9F2-4977-A331-F6A13ECA714E.webp
Elixir Eau Parfum 3.4oz,,109.5,Disponible,https://cdn.shopify.com/s/files/1/0936/6713/1667/files/elixir-eau-parfum-34oz-4481067.jpg
Elixir Nocturno Eau de Parfum,rayhaan,153.25,Disponible,https://cdn.shopify.com/s/files/1/0936/6713/1667/files/FullSizeRender_cd73f154-04a3-46dc-8ff7-118c19c930b2.jpg
Elizabeth Arden Ladies 5th Avenue Gift Set Fragrances,Elizabeth Arden,141,Disponible,https://cdn.shopify.com/s/files/1/0936/6713/1667/files/elizabeth-arden-ladies-5th-avenue-gift-set-fragrances-085805374891.jpg
"Elizabeth Arden White Tea Eau de Toilette, 3.3 oz",Elizabeth Arden,125.25,Disponible,https://cdn.shopify.com/s/files/1/0936/6713/1667/files/8291842_fpx_tif.webp
ELIZABETH TAYLOR Passion 2.5 oz EDT for women,,113,Disponible,https://cdn.shopify.com/s/files/1/0936/6713/1667/files/PASSIONS-ELIZBETH-ARDEN_1500x_0cccb004-8c45-4ff0-9382-6d92dd33127b.webp
ELVes By LV Eau de Parfufm Sample Spray 2ml,,105.825,Disponible,https://cdn.shopify.com/s/files/1/0936/6713/1667/files/s-l1600-94.jpg
Elysia by Ainash Parfums 2.5oz Extrait de Parfum,Ainash,177.75,Agotado,https://cdn.shopify.com/s/files/1/0936/6713/1667/files/elysia-by-ainash-parfums-25oz-extrait-de-parfum-8135417.jpg
Elysium by Roja Parfums 3.4 z,Roja,701,Agotado,https://cdn.shopify.com/s/files/1/0936/6713/1667/files/IMG-7796_png.webp
EMESSA - EAU DE PARFUM 100 ML,,92,Disponible,https://cdn.shopify.com/s/files/1/0936/6713/1667/files/emessa-eau-de-parfum-100-ml-7714732.jpg
Emira,,92,Agotado,https://cdn.shopify.com/s/files/1/0936/6713/1667/files/emira-4708548.webp
Empathy The House of Oud for women and men,,606.5,Disponible,https://cdn.shopify.com/s/files/1/0936/6713/1667/files/dark-375x500.43565.2x.avif
Emper Donna Pour Femme by Emper 100 ml,Emper,90.25,Disponible,https://cdn.shopify.com/s/files/1/0936/6713/1667/files/IMG-8005.webp
Emper 2in1 Gift Set Buds Rouge para Mujer 100 Ml Eau de Parfum + 100 Ml Loción Corporal,Emper,71,Disponible,https://cdn.shopify.com/s/files/1/0936/6713/1667/files/430D109A-6CC7-4F85-AA57-6B288D28166F_jpg.webp
Emper Al Fursan Night for men 3.4 oz,Emper,83.25,Disponible,https://cdn.shopify.com/s/files/1/0936/6713/1667/files/51TCr1rGTiL._SX679.jpg
Emper Black Crystal Eau de Parfum 100ml,Emper,93.75,Disponible,https://cdn.shopify.com/s/files/1/0936/6713/1667/files/shopping_19.webp
Emper Boulevard of new york for unisex - 85ML,Emper,109.5,Disponible,https://cdn.shopify.com/s/files/1/0936/6713/1667/files/wih8i7jfpzjh39uvhab1rd5463nj.jpg
EMPER Chic Signature Gift set (4x 30ml ) Eau De Parfum,Emper,111.25,Disponible,https://cdn.shopify.com/s/files/1/0936/6713/1667/files/chic-collection_-2_1024x1024_jpg.webp
Emper CHIFON BELLE EDP WOMEN 100ML,Emper,92,Agotado,https://cdn.shopify.com/s/files/1/0936/6713/1667/files/5g2uvnonv5id7zdqofzohjrhwlj9.jpg
Emper Crescent Ryan Turquoise Eau de Parfum - 2.7 fl oz,Emper,90.25,Disponible,https://cdn.shopify.com/s/files/1/0936/6713/1667/files/Crescent-Ryan-Turquoise__54563.jpg
Emper Dragon Collection Wings Of Grace 90ml Edp,Emper,102.5,Disponible,https://cdn.shopify.com/s/files/1/0936/6713/1667/files/D_NQ_NP_2X_602869-MLA102480902376_122025-F.webp
EMPER EMPER STALLION 53 UNISEX EAU DE PARFUM (INCLUDED 20 ML),Emper,100.75,Disponible,https://cdn.shopify.com/s/files/1/0936/6713/1667/files/emper-stallion-53-unisex-eau-de-parfum-1217978373_1800x1800_jpg.webp
Emper Floral Milestone 100Ml,Emper,86.75,Disponible,https://cdn.shopify.com/s/files/1/0936/6713/1667/files/2361947.webp
Emper G Woman For Women,Emper,74.5,Disponible,https://cdn.shopify.com/s/files/1/0936/6713/1667/files/g-woman-for-women-3085040_445086ec-15f4-4a4c-ab16-9e2cbafd97d0.jpg
Emper Inmencity 100ml Eau de Parfum,Emper,93.75,Disponible,https://cdn.shopify.com/s/files/1/0936/6713/1667/files/FullSizeRender_e9efab8e-c0c8-4c9b-bc66-ec82a95d9926.jpg
Emper Ladies Crescent Ryan Blue EDP Spray 2.7 oz,Emper,90.25,Disponible,https://cdn.shopify.com/s/files/1/0936/6713/1667/files/emper-ladies-crescent-ryan-blue-edp-spray-27-oz-fragrances-6291108523384_2.jpg
Emper Ladies Fasio Gift Set Fragrances,Emper,90.25,Disponible,https://cdn.shopify.com/s/files/1/0936/6713/1667/files/15EmperFasioWEdp100ml_250mlSG_200Deo.Spy_77615751-927e-411d-950c-1bc0fec88ddf.webp
Emper Ladies Le Chameau Arabia Qalaa EDP Spray 3.4 oz,Emper,95.5,Disponible,https://cdn.shopify.com/s/files/1/0936/6713/1667/files/emper-ladies-le-chameau-arabia-qalaa-edp-spray-34-oz-fragrances-6294021901147.jpg
EMPER Ladies Sovereign Candy Flora EDP Spray 3.4 oz,Emper,99,Disponible,https://cdn.shopify.com/s/files/1/0936/6713/1667/files/emper-ladies-sovereign-candy-flora-edp-spray-34-oz-fragrances-6294021900911.jpg
EMPER Ladies Sovereign Elixir EDP Spray 3.4 oz,Emper,99,Disponible,https://cdn.shopify.com/s/files/1/0936/6713/1667/files/emper-ladies-sovereign-elixir-edp-spray-34-oz-fragrances-6294021900928.jpg
EMPER Ladies Sovereign Lady Of Wisdom EDP Spray 3.4 oz,Emper,99,Disponible,https://cdn.shopify.com/s/files/1/0936/6713/1667/files/emper-ladies-sovereign-lady-of-wisdom-edp-spray-34-oz-fragrances-6294021900904.jpg
EMPER Ladies Sovereign Paradine EDP Spray 3.4 oz,Emper,99,Disponible,https://cdn.shopify.com/s/files/1/0936/6713/1667/files/emper-ladies-sovereign-paradine-edp-spray-34-oz-fragrances-6294021902700.jpg
EMPER LEGEND ELIXIR EDP 100ML,Emper,102.5,Disponible,https://cdn.shopify.com/s/files/1/0936/6713/1667/files/A-683.png
EMPER LEGEND FEMME 2.7 OZ EDP,Emper,92,Disponible,https://cdn.shopify.com/s/files/1/0936/6713/1667/files/legend-femme-woda-perfumowana-damska_1.jpg
Emper Luxe New York City For Unisex,Emper,86.75,Disponible,https://cdn.shopify.com/s/files/1/0936/6713/1667/files/emper-luxe-new-york-city-for-unisex-5227794.jpg
EMPER New Age Florencia Eau Da Parfum 100ml (UNISEX),Emper,92,Disponible,https://cdn.shopify.com/s/files/1/0936/6713/1667/files/emper-new-age-florencia-eau-da-parfum-100ml-unisex-5353694.jpg
EMPER New Age Oriano Eau Da Parfum 100ML (UNISEX),Emper,92,Disponible,https://cdn.shopify.com/s/files/1/0936/6713/1667/files/emper-new-age-oriano-eau-da-parfum-100ml-unisex-3745915.jpg
"Emper Swano Rosa, Para mujeres - 2.7 fl oz/2.7 Fl.Oz",Emper,88.5,Disponible,https://cdn.shopify.com/s/files/1/0936/6713/1667/files/IMG_1335.jpg
Emper Unisex Legend Intense EDP Spray 3.4 oz,Emper,102.5,Disponible,https://cdn.shopify.com/s/files/1/0936/6713/1667/files/emper-unisex-legend-intense-edp-spray-34-oz-fragrances-6291103667380.jpg
Emporio Armani Stronger With You Intensely Giorgio Armani for men (DECODED),Armani,372,Disponible,https://cdn.shopify.com/s/files/1/0936/6713/1667/files/img_5427.jpg
Emporio Armani Stronger With You Parfum Giorgio Armani for men,Armani,452.5,Disponible,https://cdn.shopify.com/s/files/1/0936/6713/1667/files/emporio-armani-stronger-with-you-parfum-giorgio-armani-for-men-9552167.jpg
Enchantia Ainash Parfums for Men and Women,Ainash,179.5,Disponible,https://cdn.shopify.com/s/files/1/0936/6713/1667/files/375x500.105605.2x.avif
Enigma By Bharara Eau De Parfum,Bharara,193.325,Disponible,https://cdn.shopify.com/s/files/1/0936/6713/1667/files/GeneratedwithKive.ai-Putboxonleftsideandperfume_5.webp
Epic Adventure Night,Emper,92,Disponible,https://cdn.shopify.com/s/files/1/0936/6713/1667/files/epic-adventure-night-7047555.jpg
Erba Pura Xerjof Eau Parfum 100 ML,Xerjoff,687,Disponible,https://cdn.shopify.com/s/files/1/0936/6713/1667/files/erba-pura-xerjof-eau-parfum-new-presentationdisenador-8736894.jpg
Eros Flame Versace for men (6.7 oz) 200 ml,Versace,337,Disponible,https://cdn.shopify.com/s/files/1/0936/6713/1667/files/IMG_1001.jpg
Eros Flame Versace for men EDP (100ml),Versace,270.5,Disponible,https://cdn.shopify.com/s/files/1/0936/6713/1667/files/img_5428.jpg
Esco Pazzo Lorenzo Pazzaglia for women and men,Lorenzo Pazzaglia,596,Disponible,https://cdn.shopify.com/s/files/1/0936/6713/1667/files/escopazzo-copia-700x700.webp
Espada al jamal,,92,Disponible,https://cdn.shopify.com/s/files/1/0936/6713/1667/files/espada-al-jamal-8717903.jpg
Espada Azul,,88.5,Disponible,https://cdn.shopify.com/s/files/1/0936/6713/1667/files/espada-azul-8446403.jpg
Espada De Oro,,92,Disponible,https://cdn.shopify.com/s/files/1/0936/6713/1667/files/espada-de-oro-8114217.jpg
Espada Intense,,81.5,Disponible,https://cdn.shopify.com/s/files/1/0936/6713/1667/files/espada-intense-4059408.jpg
Espada Prime,,92,Disponible,https://cdn.shopify.com/s/files/1/0936/6713/1667/files/espada-prime-3402908.jpg
Essence By Bharara Eau De Parfum,Bharara,197,Disponible,https://cdn.shopify.com/s/files/1/0936/6713/1667/files/GeneratedwithKive.ai-Putboxonleftsideandperfume_4.webp
Eternal Musk 100 ML,,85,Disponible,https://cdn.shopify.com/s/files/1/0936/6713/1667/files/eternal-musk-9819660.jpg
Eternal Touch Maison Alhambra for women and men,Maison Alhambra,93.75,Disponible,https://cdn.shopify.com/s/files/1/0936/6713/1667/files/s-l1600-72.jpg
Eternity Eau De Parfum Spray By Calvin Klein 3.4oz,Calvin Klein,232,Disponible,https://cdn.shopify.com/s/files/1/0936/6713/1667/files/W-1223larger.webp
ETERNITY for Men by CALVIN KLEIN 3.3 / 3.4 oz EDT,Calvin Klein,162,Disponible,https://cdn.shopify.com/s/files/1/0936/6713/1667/files/s-l1600-2026-05-14T115917.777.webp
EXCLUSIVE COLLECTION GIFT SET GAME OF SPADES 100 ML X 2 PCS (FULL HOUSE AND BONUS),,401.75,Disponible,https://cdn.shopify.com/s/files/1/0936/6713/1667/files/GOSExclusive_fd245035-ac4d-420a-9973-ebcc26a30c65_jpg.webp
EXCLUSIVE COLLECTION II GIFT SET GAME OF SPADES 100 ML X 2 PCS (EMERALD + WILDCARD Sourceclusive-collection-ii-gift-set-game-of-s,,401.75,Disponible,https://cdn.shopify.com/s/files/1/0936/6713/1667/files/GOSExclusive2_5732bc01-52a1-4675-9739-c50cab5ba0e5_jpg.webp
"Extracto De Perfume En Aerosol Amber Oud Dubai Night De Al Haramain, 100 Ml (3,4 Oz)",Al Haramain,188.25,Disponible,https://cdn.shopify.com/s/files/1/0936/6713/1667/files/IMG_6211.jpg
Extravagant Lover Eau de Parfum 3.4oz,,97.25,Disponible,https://cdn.shopify.com/s/files/1/0936/6713/1667/files/IMG_3060.jpg
Fabulo Intense Eau de Parfum 80 ml (DESCONTINUED),,97.25,Disponible,https://cdn.shopify.com/s/files/1/0936/6713/1667/files/IMG_8365.jpg
Fabulous Life Eau Parfum,,81.5,Agotado,https://cdn.shopify.com/s/files/1/0936/6713/1667/files/fabulous-life-eau-parfum-5339481.jpg
Fakhar Rose,Lattafa,102.325,Disponible,https://cdn.shopify.com/s/files/1/0936/6713/1667/files/fakhar-rose-1253790_c5060a04-e44f-460a-b129-35e6316a057d.webp
Fallen Angel,,88.5,Disponible,https://cdn.shopify.com/s/files/1/0936/6713/1667/files/fallen-angel-2016480.jpg
Falling In Love,,92,Disponible,https://cdn.shopify.com/s/files/1/0936/6713/1667/files/falling-in-love-4888404.jpg
Fasio Farah For Woman,,92,Disponible,https://cdn.shopify.com/s/files/1/0936/6713/1667/files/fasio-farah-for-woman-3410876.jpg
Fasio light Blue For Women,Emper,90.25,Agotado,https://cdn.shopify.com/s/files/1/0936/6713/1667/files/fasio-light-blue-for-women-2559766.jpg
Fatima Pink Extrait de Parfum 3.4 oz,Afnan,99,Disponible,https://cdn.shopify.com/s/files/1/0936/6713/1667/files/fatima-pink-extrait-de-parfum-34-oz-2953410.jpg
Fatima Velvet,,99,Disponible,https://cdn.shopify.com/s/files/1/0936/6713/1667/files/fatima-velvet-9864180.jpg
Faucon by Ainash Parfum 3.4oz,Ainash,179.5,Disponible,https://cdn.shopify.com/s/files/1/0936/6713/1667/files/faucon-by-ainash-parfum-34oz-8851837.jpg
FEARLESS 3.4 OZ PARFUM SPRAY BY ANARCHY,,188.25,Disponible,https://cdn.shopify.com/s/files/1/0936/6713/1667/files/A274CF6C-D6AE-44E6-A0B9-99511A93488A.jpg
Fierte Luna French Avenue for women and men,French Avenue,192.625,Disponible,https://cdn.shopify.com/s/files/1/0936/6713/1667/files/FullSizeRender_38822630-4414-49c3-bc79-1d2d08d056bc.jpg
FIFTH AVENUE OF NEW YORK 85 ML,,116.5,Disponible,https://cdn.shopify.com/s/files/1/0936/6713/1667/files/Fifth-Avenue-of-Newyork-2048x2048.jpg
Fifth Change Eau De Parfum 100ML by Emper Milestone,Emper,95.5,Disponible,https://cdn.shopify.com/s/files/1/0936/6713/1667/files/s-l1600-42.jpg
Flaming Elixir Eau De Parfum Spray 80ml (2.7 Oz) By Maison Alhambra,Maison Alhambra,86.75,Disponible,https://cdn.shopify.com/s/files/1/0936/6713/1667/files/1_211ed92b-4fea-484f-a34d-30b1c8592ac1_webp.jpg
Flavia Top Gun Golden Bullet,Flavia,127,Disponible,https://cdn.shopify.com/s/files/1/0936/6713/1667/files/flavia-top-gun-golden-bullet-4221882.jpg
Fleur de Paris by Ainash Parfums,Ainash,170.75,Agotado,https://cdn.shopify.com/s/files/1/0936/6713/1667/files/fleur-de-paris-by-ainash-parfums-5670934_7d6d1f6b-a536-402b-b091-cb8a59da35a7.jpg
Flip,,74.5,Disponible,https://cdn.shopify.com/s/files/1/0936/6713/1667/files/flip-7017301.jpg
Floral Eau de Parfum 100 ml,,92,Disponible,https://cdn.shopify.com/s/files/1/0936/6713/1667/files/IMG_2389_d4718731-001a-4c5a-87a9-889fd03f2ecb.jpg
Florella Anfar London,Anfar,144.5,Disponible,https://cdn.shopify.com/s/files/1/0936/6713/1667/files/florella-anfar-london-1489717_bb05828c-ccb5-45ff-b70f-44d220725cb4.jpg
Floretta Fulla For Woman by Emper,Emper,90.25,Agotado,https://cdn.shopify.com/s/files/1/0936/6713/1667/files/floretta-fulla-for-woman-by-emper-6080696.jpg
Floretta Jouri For Woman By Emper,Emper,90.25,Disponible,https://cdn.shopify.com/s/files/1/0936/6713/1667/files/floretta-jouri-for-woman-by-emper-1169543.jpg
Floretta Violeta For Woman by Emper,Emper,90.25,Agotado,https://cdn.shopify.com/s/files/1/0936/6713/1667/files/floretta-violeta-for-woman-by-emper-2416190_dbf96e26-5c3e-4b69-a986-165b3c566e4d.jpg
"FLOWERBOMB 2-Piece Set, Eau de Parfum 10ml + 7ml",,162,Disponible,https://cdn.shopify.com/s/files/1/0936/6713/1667/files/Viktor-_-Rolf2-Flowerbomb-Piece-Set-Eau-De-Parfum-10ml_7ml-3614273959513.webp
Forbidden Desire 3.4 oz EDP by ANARCHY,,207.5,Disponible,https://cdn.shopify.com/s/files/1/0936/6713/1667/files/Untitled_design_-_2026-05-27T160555.551_1200x_80993c60-7752-4d99-9d4a-0edc477e292e.webp
FORBIDDEN LOVE ALL OVER MIST & HAIR SPRAY 150ml (5.07oz),,81.5,Disponible,https://cdn.shopify.com/s/files/1/0936/6713/1667/files/3BA00CE9-CB25-4532-A805-8B8E74AA3C91_grande_jpg.webp
Forencia de Anfar London Violeta,Anfar,144.5,Disponible,https://cdn.shopify.com/s/files/1/0936/6713/1667/files/forencia-de-anfar-london-violeta-8937618.jpg
FRAGRANCE WORLD Ladies Nectar of Ecstacy EDP Spray 3.4 oz,Fragrance World,111.25,Disponible,https://cdn.shopify.com/s/files/1/0936/6713/1667/files/fragrance-world-ladies-nectar-of-ecstacy-edp-spray-34-oz-fragrances-6290360375953_1.jpg
FRAGRANCE WORLD Unisex Neroli Riviera EDP Spray 2.7 oz,Fragrance World,88.5,Agotado,https://cdn.shopify.com/s/files/1/0936/6713/1667/files/fragrance-world-unisex-neroli-riviera-edp-spray-27-oz-fragrances-6290360373348_3.jpg
FRAGRANCE WORLD Unisex Royal Blend Bourbon EDP Spray 3.38 oz,Fragrance World,133.825,Disponible,https://cdn.shopify.com/s/files/1/0936/6713/1667/files/fragrance-world-unisex-royal-blend-vintage-edp-spray-338-oz-fragrances-6290360378428_1_65f63dc0-254d-4c0d-96c8-239a16c28aba.jpg
FRAGRANCE WORLD Unisex Royal Blend Vintage EDP Spray 3.38 oz,Fragrance World,133.825,Disponible,https://cdn.shopify.com/s/files/1/0936/6713/1667/files/fragrance-world-unisex-royal-blend-vintage-edp-spray-338-oz-fragrances-6290360378428_2.jpg
Fragrance World Glorious Oud,Fragrance World,86.75,Disponible,https://cdn.shopify.com/s/files/1/0936/6713/1667/files/fragrance-world-glorious-oud-6050847.jpg
Fragrance World Happiness Oud Unisex - 2.7 oz EDP Spray,Fragrance World,92,Agotado,https://cdn.shopify.com/s/files/1/0936/6713/1667/files/fragrance-world-happiness-oud-unisex-27-oz-edp-spray-2316254.jpg
"Fragrance World Imperium , Spray EDP de 3,4 oz",Fragrance World,102.5,Disponible,https://cdn.shopify.com/s/files/1/0936/6713/1667/files/s-l1600-47_32b83621-8310-4ff7-a941-e9c4d4f4d56e.jpg
Fragrance World Jack Of Clubs Eau De Parfum,Fragrance World,127,Disponible,https://cdn.shopify.com/s/files/1/0936/6713/1667/files/IMG_4694.jpg
FRAGRANCE WORLD Ladies Bouquet Of Euphoria EDP Spray 3.4 oz,Fragrance World,111.25,Disponible,https://cdn.shopify.com/s/files/1/0936/6713/1667/files/fragrance-world-ladies-bouquet-of-euphoria-edp-spray-34-oz-fragrances-6290360375960.jpg
Fragrance World Ladies Proud of You EDP Spray 3.4 oz,Fragrance World,83.25,Disponible,https://cdn.shopify.com/s/files/1/0936/6713/1667/files/fragrance-world-ladies-proud-of-you-edp-spray-34-oz-fragrances-6291106487695.jpg
Fragrance World Men's Proud of You Oud EDP Spray 3.4 oz,Fragrance World,83.25,Disponible,https://cdn.shopify.com/s/files/1/0936/6713/1667/files/proud-oud.webp
Fragrance World Proud of you Absolute 100ml EDP,Fragrance World,102.5,Agotado,https://cdn.shopify.com/s/files/1/0936/6713/1667/files/IMG_4686.jpg
Fragrance World Proud of You Amber EDP 3.4 oz,Fragrance World,83.25,Disponible,https://cdn.shopify.com/s/files/1/0936/6713/1667/files/fragrance-world-proud-of-you-amber-edp-34-oz-fragrances-6290360377177_2.jpg
Fragrance World Proud of You Amber EDP 3.4 oz,Fragrance World,83.25,Agotado,https://cdn.shopify.com/s/files/1/0936/6713/1667/files/fragrance-world-proud-of-you-amber-edp-34-oz-fragrances-6290360377177_4.jpg
Fragrance World Signature White EDP U 100 ml,Fragrance World,267,Disponible,https://cdn.shopify.com/s/files/1/0936/6713/1667/files/6290360376578_5-800x800.jpg
Fragrance World Star Men,Fragrance World,84.125,Disponible,https://cdn.shopify.com/s/files/1/0936/6713/1667/files/fragrance-world-star-men-3477221.jpg
FRAGRANCE WORLD Unisex Creme Of Clouds EDP Spray 3.38 oz,Fragrance World,111.25,Agotado,https://cdn.shopify.com/s/files/1/0936/6713/1667/files/fragrance-world-unisex-creme-of-clouds-edp-spray-338-oz-fragrances-6290360379531_1.jpg
FRAGRANCE WORLD Unisex Signature Brown EDP Spray 2.7 oz,Fragrance World,267,Disponible,https://cdn.shopify.com/s/files/1/0936/6713/1667/files/fragrance-world-unisex-signature-brown-edp-spray-27-oz-fragrances-6290360376585_2.jpg
Freeze Riiffs Perfumes for women and men,Riiffs,153.25,Agotado,https://cdn.shopify.com/s/files/1/0936/6713/1667/files/CaLSIMvnPkk0AQsC_1.jpg
French Avenue Ladies An Equestrian Series Olena EDP Spray 3.4 oz,French Avenue,153.25,Agotado,https://cdn.shopify.com/s/files/1/0936/6713/1667/files/french-avenue-ladies-an-equestrian-series-olena-edp-spray-34-oz-fragrances-6290360378169_2.jpg
French Avenue Men's An Equestrian Series Pierce EDP Spray 3.4 oz,French Avenue,141,Agotado,https://cdn.shopify.com/s/files/1/0936/6713/1667/files/french-avenue-mens-an-equestrian-series-pierce-edp-spray-34-oz-fragrances-6290360378145.jpg
French Avenue Unisex Amber Saffron Extrait de Parfum Spray 2.7 oz,French Avenue,172.5,Agotado,https://cdn.shopify.com/s/files/1/0936/6713/1667/files/french-avenue-unisex-amber-saffron-extrait-de-parfum-spray-27-oz-fragrances-6290360376820.jpg
French Avenue Amber Empire Eau De Parfum Spray,French Avenue,156.75,Disponible,https://cdn.shopify.com/s/files/1/0936/6713/1667/files/3_e5246bdd-702f-46f3-ab19-e3ca25968888_png.webp
French Avenue Aromatix Magnetiq Extrait de Parfum 100 ml,French Avenue,207.5,Disponible,https://cdn.shopify.com/s/files/1/0936/6713/1667/files/FrenchAvenueAromatixMagnetiqExtraitdeparfum100ml.webp
French Avenue Shmallow Fluff EDP U 100 ml,French Avenue,156.75,Disponible,https://cdn.shopify.com/s/files/1/0936/6713/1667/files/6298042000322_2-800x800.jpg
French Avenue Unisex Aromatix Platine Blanc EDP Spray 3.3 oz,French Avenue,207.5,Disponible,https://cdn.shopify.com/s/files/1/0936/6713/1667/files/french-avenue-unisex-platine-blanc-edp-spray-33-oz-fragrances-6290360379234_2.jpg
French Avenue Unisex Aromatix X-Xandal EDP Spray 3.3 oz,French Avenue,207.5,Disponible,https://cdn.shopify.com/s/files/1/0936/6713/1667/files/images_20.jpg
French Avenue Unisex Chocola Addict EDP Spray 3.38 oz,French Avenue,129.625,Agotado,https://cdn.shopify.com/s/files/1/0936/6713/1667/files/french-avenue-unisex-chocola-addict-edp-spray-338-oz-fragrances-6290360379197.jpg
French Avenue Unisex Diwani Beirut EDP Spray 3.4 oz,French Avenue,160.25,Disponible,https://cdn.shopify.com/s/files/1/0936/6713/1667/files/french-avenue-unisex-diwani-beirut-edp-spray-34-oz-fragrances-6290360376509.jpg
French Avenue Unisex Frostbite Aromatix X EDP Spray 3.4 oz,French Avenue,207.5,Disponible,https://cdn.shopify.com/s/files/1/0936/6713/1667/files/images_18.jpg
French Avenue Unisex Obsidian Extrait de Parfum Spray 3.4 oz,French Avenue,167.25,Disponible,https://cdn.shopify.com/s/files/1/0936/6713/1667/files/french-avenue-unisex-obsidian-extrait-de-parfum-spray-34-oz-fragrances-6298042001879.jpg
French Avenue Unisex Ravine Ginger EDP Spray 3.4 oz,French Avenue,154.825,Disponible,https://cdn.shopify.com/s/files/1/0936/6713/1667/files/images_53.jpg
French Avenue Unisex Ravine Ice Extrait de Parfum Spray 3.4 oz,French Avenue,154.825,Disponible,https://cdn.shopify.com/s/files/1/0936/6713/1667/files/images_49.jpg
French Avenue Vulcan Sable Eau de Parfum 100 ml,French Avenue,151.325,Disponible,https://cdn.shopify.com/s/files/1/0936/6713/1667/files/IMG_2713.jpg
French Avenue X Aromatix Ladies Sun Kissed Extrait de Parfum Spray 3.3 oz,French Avenue,207.5,Disponible,https://cdn.shopify.com/s/files/1/0936/6713/1667/files/french-avenue-ladies-aromatix-sun-kissed-extrait-de-parfum-spray-33-oz-fragrances-6298042001190.jpg
French Avenue X Aromatix Ladies Teas Me Extrait de Parfum Spray 3.3 oz,French Avenue,207.5,Disponible,https://cdn.shopify.com/s/files/1/0936/6713/1667/files/french-avenue-x-aromatix-ladies-teas-me-extrait-de-parfum-spray-33-oz-fragrances-6298042001213.jpg
French Avenue X Aromatix Unisex Carnal Desire EDP Spray 3.3 oz,French Avenue,200.5,Disponible,https://cdn.shopify.com/s/files/1/0936/6713/1667/files/open-box-french-avenue-x-aromatix-unisex-carnal-desire-edp-spray-33-oz-fragrances-6290360379203.jpg
French Avenue X Aromatix Unisex Forbidden Fruit Extrait de Parfum Spray 3.3 oz,French Avenue,207.5,Disponible,https://cdn.shopify.com/s/files/1/0936/6713/1667/files/french-avenue-unisex-aromatix-forbidden-fruit-extrait-de-parfum-spray-33-oz-fragrances-000850010797.jpg
French Avenue X Aromatix Unisex Royal Taboo EDP Spray 3.3 oz,French Avenue,207.5,Disponible,https://cdn.shopify.com/s/files/1/0936/6713/1667/files/french-avenue-x-aromatix-unisex-royal-taboo-edp-spray-33-oz-fragrances-6290360379227_3.jpg
FRESH IRIS – EAU DE PARFUM,,102.5,Disponible,https://cdn.shopify.com/s/files/1/0936/6713/1667/files/fresh-iris-eau-de-parfum-5175925.jpg
Game Of Joy Extrait de Parfum HOUSE OF DASTAN,,1002,Disponible,https://cdn.shopify.com/s/files/1/0936/6713/1667/files/prod-img_4e429dda-2c93-444d-a450-c4dc1c1702d8.webp
Game of Spade Rouge,,232,Disponible,https://cdn.shopify.com/s/files/1/0936/6713/1667/files/game-of-spade-rouge-3359236_c35401a9-18e5-46d7-b6b1-3a652f3f9b7a.jpg
Game of Spades Bonus Eau de Parfum,,245.825,Disponible,https://cdn.shopify.com/s/files/1/0936/6713/1667/files/jo-milano-bonus-eau-de-parfum-1428561.jpg
GAME OF SPADES 9 PCS COFFRET SET,,256.5,Disponible,https://cdn.shopify.com/s/files/1/0936/6713/1667/files/game-of-spades-9-pcs-coffret-set-4440189_38865522-a42f-489e-a94e-6785615a61bd.jpg
GAME OF SPADES ALL IN,,245.825,Disponible,https://cdn.shopify.com/s/files/1/0936/6713/1667/files/GOS_All_In_with_Box_jpg.webp
GAME OF SPADES BID,,214.325,Disponible,https://cdn.shopify.com/s/files/1/0936/6713/1667/files/game-of-spades-bid-5095135_a817acf5-0b9b-4aec-94e0-3ad6e126d1ba.jpg
GAME OF SPADES BLIND BID,,235.325,Disponible,https://cdn.shopify.com/s/files/1/0936/6713/1667/files/game-of-spades-blind-bid-3694467.jpg
Game Of Spades Boston,,238.825,Disponible,https://cdn.shopify.com/s/files/1/0936/6713/1667/files/game-of-spades-boston-5658232.jpg
GAME OF SPADES DIAMOND,,249.325,Disponible,https://cdn.shopify.com/s/files/1/0936/6713/1667/files/game-of-spades-diamond-6289882_6d5deb3c-4e6b-4acf-bc67-ed43461ae8be.jpg
GAME OF SPADES DOUBLE BONUS,,253,Disponible,https://cdn.shopify.com/s/files/1/0936/6713/1667/files/DBONUS-1_7b59076e-0e80-4027-82cf-033a99d9e60f_png.webp
Game of Spades Emerald Eau de Parfum,,245.825,Disponible,https://cdn.shopify.com/s/files/1/0936/6713/1667/files/IMG_3349_90e23191-b224-438b-b57f-9040626b650a.jpg
GAME OF SPADES FULL HOUSE,,235.5,Disponible,https://cdn.shopify.com/s/files/1/0936/6713/1667/files/game-of-spades-full-house-7438057.jpg
Game of Spades Gift Set,,258.25,Disponible,https://cdn.shopify.com/s/files/1/0936/6713/1667/files/game-of-spades-gift-set-5228423.jpg
Game of Spades Gift Set Full House,,283.625,Disponible,https://cdn.shopify.com/s/files/1/0936/6713/1667/files/gift-set-full-house-7232856.jpg
GAME OF SPADES GOLD,,248.625,Disponible,https://cdn.shopify.com/s/files/1/0936/6713/1667/files/game-of-spades-gold-9654710.jpg
Game of Spades High Roller,,247.75,Disponible,https://cdn.shopify.com/s/files/1/0936/6713/1667/files/game-of-spades-high-roller-6206249_a75f1cb7-c0b5-40e0-aa04-dbd9e48a8222.jpg
GAME OF SPADES JACKPOT,,240.75,Disponible,https://cdn.shopify.com/s/files/1/0936/6713/1667/files/game-of-spades-jackpot-1458231.jpg
GAME OF SPADES KING,,207.325,Disponible,https://cdn.shopify.com/s/files/1/0936/6713/1667/files/game-of-spades-king-5285633.jpg
Game Of Spades Moon,,238.825,Disponible,https://cdn.shopify.com/s/files/1/0936/6713/1667/files/game-of-spades-moon-8423103.jpg
GAME OF SPADES NO LIMIT,,242.325,Disponible,https://cdn.shopify.com/s/files/1/0936/6713/1667/files/NoLimitWithbox_c7608b29-d78a-4bcc-bf25-116b760e94e9_jpg.webp
Game of Spades Opal,,242.5,Disponible,https://cdn.shopify.com/s/files/1/0936/6713/1667/files/game-of-spades-opal-7004005_dc77f30c-a899-4b2b-8619-7f3bb17731e0.jpg
Game of Spades Opal by Jo Milano 4 Piece Gift Set for Unisex,Jo Milano Paris,263.5,Disponible,https://cdn.shopify.com/s/files/1/0936/6713/1667/files/c14eda0a-cc89-4f62-ac24-b18a946533b3__54320.jpg
Game of Spades Platinium Eau Parfum,,221.325,Disponible,https://cdn.shopify.com/s/files/1/0936/6713/1667/files/Photoroom_20250609_012002.jpg
Game Of Spades Queen,,235.325,Disponible,https://cdn.shopify.com/s/files/1/0936/6713/1667/files/game-of-spades-queen-9530625.jpg
Game Of Spades Rouge by Jo Milano (Parfum) 860009248618,Jo Milano Paris,223.25,Disponible,https://cdn.shopify.com/s/files/1/0936/6713/1667/files/s-l650_1.jpg
GAME OF SPADES ROUGE Extrait De Parfum 860009248656,,223.25,Disponible,https://cdn.shopify.com/s/files/1/0936/6713/1667/files/FullSizeRender_e70b8774-fde7-40f4-99dd-01b2592f6c41.jpg
Game Of Spades Royale,,237.25,Disponible,https://cdn.shopify.com/s/files/1/0936/6713/1667/files/game-of-spades-royale-2767260.jpg
Game of Spades Royale Gift set,,283.625,Disponible,https://cdn.shopify.com/s/files/1/0936/6713/1667/files/game-of-spades-royale-gift-set-9489287.jpg
Game Of Spades Ruby,,249.325,Disponible,https://cdn.shopify.com/s/files/1/0936/6713/1667/files/game-of-spades-ruby-7639994.jpg
GAME OF SPADES TOPAZ,,249.325,Disponible,https://cdn.shopify.com/s/files/1/0936/6713/1667/files/GOSTopaz_jpg.webp
Game of Spades Trick,,256.5,Agotado,https://cdn.shopify.com/s/files/1/0936/6713/1667/files/WhatsAppImage2026-07-11at09.21.10.jpg
Game of Spades Wildcard Gift Set,,283.625,Disponible,https://cdn.shopify.com/s/files/1/0936/6713/1667/files/game-of-spades-wildcard-gift-set-9070145_258cdda6-24d5-4ff7-b3cf-df5bb05a8e4d.jpg
GAME OF SPADES WIN,,221.5,Disponible,https://cdn.shopify.com/s/files/1/0936/6713/1667/files/game-of-spades-win-7839899.jpg
GAME OF SPADES YELLOW SAPPHIRE,,249.325,Disponible,https://cdn.shopify.com/s/files/1/0936/6713/1667/files/game-of-spades-yellow-sapphire-1078286_32fd631d-5f80-4fea-943f-4af53ffaf153.jpg
Gelato Cotton Candy Craze EDP Perfume By Amaran Parfums 3.4oz 100ml,,105.125,Disponible,https://cdn.shopify.com/s/files/1/0936/6713/1667/files/IMG-5603.webp
Gelato Mango Tango EDP Perfume By Amaran Parfums 3.4oz 100ml,,105.125,Disponible,https://cdn.shopify.com/s/files/1/0936/6713/1667/files/IMG-5604.webp
Gelato Very Berry Strawberry EDP Perfume By Amaran Parfums 3.4oz 100ml,,105.125,Disponible,https://cdn.shopify.com/s/files/1/0936/6713/1667/files/IMG-5605_1.webp
Gelato Viva La Vanilla EDP Perfume By Amaran Parfums 3.4oz 100ml,,105.125,Disponible,https://cdn.shopify.com/s/files/1/0936/6713/1667/files/IMG-5606_1.webp
Gemini Pour Femme Riiffs Perfumes for women,Riiffs,92,Disponible,https://cdn.shopify.com/s/files/1/0936/6713/1667/files/shopping_35.webp
GENIUS BLUSH (25 ML),Emper,63.825,Agotado,https://cdn.shopify.com/s/files/1/0936/6713/1667/files/genius-blush-25ml-2048x2048-2_ca69709b-35fd-4d86-b05f-9a57d9baebf6.jpg
Genius Blush For Women,Emper,92,Disponible,https://cdn.shopify.com/s/files/1/0936/6713/1667/files/genius-blush-for-women-2705887.jpg
Genius Costa Unisex,Emper,86.75,Disponible,https://cdn.shopify.com/s/files/1/0936/6713/1667/files/genius-costa-unisex-2685568.jpg
Genius Event,Emper,90.25,Disponible,https://cdn.shopify.com/s/files/1/0936/6713/1667/files/genius-event-6511708_1db1e539-7182-4e23-b292-6586ae7dafbd.jpg
GENIUS EVENT (25 ML),Emper,63.825,Disponible,https://cdn.shopify.com/s/files/1/0936/6713/1667/files/genius-event-25ml-scaled.jpg
GENIUS HAYATI (25 ML),Emper,63.825,Agotado,https://cdn.shopify.com/s/files/1/0936/6713/1667/files/genius-hayati-25ml--scaled.jpg
GENIUS HAYATI 100 ML,Emper,97.25,Disponible,https://cdn.shopify.com/s/files/1/0936/6713/1667/files/genius-hayati-1724394.jpg
Genius Hayati 20ml,Emper,53.5,Agotado,https://cdn.shopify.com/s/files/1/0936/6713/1667/files/Photoroom_20250728_112753.jpg
GENIUS LOVER (25 ML),Emper,63.825,Agotado,https://cdn.shopify.com/s/files/1/0936/6713/1667/files/GENIUS-LOVER-25ml-scaled.jpg
Genius Lover by Emper,Emper,95.5,Disponible,https://cdn.shopify.com/s/files/1/0936/6713/1667/files/genius-lover-by-emper-4218527.jpg
Genius Metallic,Emper,90.25,Disponible,https://cdn.shopify.com/s/files/1/0936/6713/1667/files/genius-metallic-6937467_cc6c2b88-6272-45dd-a620-116730581f84.jpg
GENIUS OUD MYSTIQUE (25 ML),Emper,63.825,Agotado,https://cdn.shopify.com/s/files/1/0936/6713/1667/files/genius-vesper-25-ml-scaled_2238c4c7-3a51-4463-93ea-8ff23e1f3b63.jpg
Genius Ranger 100 ML,Emper,90.25,Disponible,https://cdn.shopify.com/s/files/1/0936/6713/1667/files/genius-ranger-4347917_87056ee1-f418-40e2-a487-a9bb79b6cc00.jpg
GENIUS RANGER 20 ML ( X 1 UNIT),Emper,53.5,Agotado,https://cdn.shopify.com/s/files/1/0936/6713/1667/files/mini-parfumna-voda-genius-ranger-20ml-6814c5f02513a_1920x1920_5c5129f0-6cb0-4015-9cb9-d5d76dc340ae.webp
GENIUS RANGER 20 ML (PAQ X 24 UNITS),Emper,291.5,Disponible,https://cdn.shopify.com/s/files/1/0936/6713/1667/files/mini-parfumna-voda-genius-ranger-20ml-6814c5f02513a_1920x1920_5c5129f0-6cb0-4015-9cb9-d5d76dc340ae.webp
GENIUS ROSE (25 ML),Emper,63.825,Agotado,https://cdn.shopify.com/s/files/1/0936/6713/1667/files/GENIUS-ROSE-25ML-2048x2048.jpg
GENIUS SELINA (25 ML),Emper,63.825,Agotado,https://cdn.shopify.com/s/files/1/0936/6713/1667/files/genius-selina-25-ml-scaled.jpg
Genius Selina - 100 ml Eau de Parfum for women from Emper,Emper,95.5,Disponible,https://cdn.shopify.com/s/files/1/0936/6713/1667/files/shopping-4.jpg
Genius So Genius Eau Parfum 3.4oz,Emper,95.5,Agotado,https://cdn.shopify.com/s/files/1/0936/6713/1667/files/genius-so-genius-eau-parfum-34oz-5263414.jpg
Genius Sport CodeFor Men,Emper,92,Disponible,https://cdn.shopify.com/s/files/1/0936/6713/1667/files/genius-sport-codefor-men-2032360.jpg
GENIUS VESPER (25 ML),Emper,63.825,Agotado,https://cdn.shopify.com/s/files/1/0936/6713/1667/files/genius-vesper-25-ml-scaled.jpg
Genius Vesper Bu Emper for Men 3.4oz,Emper,95.5,Disponible,https://cdn.shopify.com/s/files/1/0936/6713/1667/files/IMG_0644.jpg
Genius Victory,Emper,95.5,Disponible,https://cdn.shopify.com/s/files/1/0936/6713/1667/files/genius-victory-3908219.jpg
GENIUS VICTORY (25 ML),Emper,63.825,Agotado,https://cdn.shopify.com/s/files/1/0936/6713/1667/files/genius-victory-25ml-scaled.jpg
Gensesis Thurath,,92,Disponible,https://cdn.shopify.com/s/files/1/0936/6713/1667/files/gensesis-thurath-7492107.jpg
Ghala,,92,Disponible,https://cdn.shopify.com/s/files/1/0936/6713/1667/files/ghala-1704574_20897293-321e-4a52-8baf-c482034139ca.webp
GIFT LACOSTE L.12.12 SILVER GREY,,184.75,Agotado,https://cdn.shopify.com/s/files/1/0936/6713/1667/files/lacoste-ladies-l1212-silver-rose-gift-set-fragrances-3386460166904.jpg
Gift Set 3 pcs Game of Spades,,260,Disponible,https://cdn.shopify.com/s/files/1/0936/6713/1667/files/e0833bed-00db-4ff3-8c70-bd025b0b11ca.jpg
GIFT SET 9 AM DIVE,Afnan,163.75,Disponible,https://cdn.shopify.com/s/files/1/0936/6713/1667/files/gift-set-9-am-dive-6736805.jpg
GIFT SET 9AM POUR FEMME,Afnan,162,Disponible,https://cdn.shopify.com/s/files/1/0936/6713/1667/files/gift-set-9-am-pour-femme-1130512.jpg
Gift Set Ari By Ariana Grande EDP,,211,Agotado,https://cdn.shopify.com/s/files/1/0936/6713/1667/files/a592556.001.webp
GIFT SET GAME OF SPADES EMERALD 8 PCS 10 ML,,351,Disponible,https://cdn.shopify.com/s/files/1/0936/6713/1667/files/WhatsAppImage2025-11-19at11_20_51AM_1_f3500f7c-4d58-4156-ad18-3ca1552d026c_jpg.webp
Gift Set Versace Eros EDT 100ml,Versace,354.465,Agotado,https://cdn.shopify.com/s/files/1/0936/6713/1667/files/53325f_0b9138020b424e908d12162f3efbfb23_mv2_jpg.avif
Gift Set Yara Candy,Lattafa,135.75,Disponible,https://cdn.shopify.com/s/files/1/0936/6713/1667/files/gift-set-yara-candy-1301910.jpg
Gift Set YSL Mon Paris 3 pc. Eau de Parfum,Yves Saint Laurent,547,Disponible,https://cdn.shopify.com/s/files/1/0936/6713/1667/files/3614274400137.webp
Gin Fusion 50 ml Lorenzo Pazzaglia,Lorenzo Pazzaglia,547,Disponible,https://cdn.shopify.com/s/files/1/0936/6713/1667/files/c72c4b_9b9ddd1500a0408d9adf3d5b90b25d86_mv2.avif
"Spray recargable Acqua Di Gio EDP para hombre, fragancias de 4,2 oz 3614273662420",Armani,372,Agotado,https://cdn.shopify.com/s/files/1/0936/6713/1667/files/FullSizeRender_fc492aa8-d8cf-40b5-8472-b24f3599ba77.jpg
GIORGIO ARMANI Ladies Si Intense Refillable EDP Spray 3.4 oz,Armani,438.5,Disponible,https://cdn.shopify.com/s/files/1/0936/6713/1667/files/giorgio-armani-ladies-si-intense-refillable-edp-spray-34-oz-fragrances-3614273734875.jpg
GIORGIO ARMANI Ladies Si Passione Red Musk EDP Spray 3.4 oz,Armani,477,Agotado,https://cdn.shopify.com/s/files/1/0936/6713/1667/files/giorgio-armani-ladies-si-passione-red-musk-edp-spray-34-oz-fragrances-3614274459869.jpg
Giorgio Armani Ladies Si EDP Spray 3.4 oz,ARMANI,442,Disponible,https://cdn.shopify.com/s/files/1/0936/6713/1667/files/giorgio-armani-ladies-si-edp-spray-3-4-oz-fragrances-3605521816658_46e2a3cd-3620-4b73-8fa4-26b0aa7b05b8.jpg
Giorgio Armani Men's Acqua di Gio Parfum 3.4 oz,Armani,473.5,Agotado,https://cdn.shopify.com/s/files/1/0936/6713/1667/files/giorgio-armani-mens-acqua-di-gio-parfum-34-oz-fragrances-3614273954167_2.jpg
Giorgio Armani Men's Acqua di Gio Profondo EDP Spray 4.2 oz (125 ml),Armani,438.5,Disponible,https://cdn.shopify.com/s/files/1/0936/6713/1667/files/giorgio-armani-mens-acqua-di-gio-profondo-edp-spray-42-oz-125-ml-3614272865235.jpg
Giorgio Armani Men's Acqua Di Gio Profondo EDP Spray 6.7 oz,Armani,477,Agotado,https://cdn.shopify.com/s/files/1/0936/6713/1667/files/giorgio-armani-mens-acqua-di-gio-profondo-edp-spray-67-oz-fragrances-8431240313285.jpg
GISADA Men's Ambassador EDP Spray 3.4 oz Fragrances 100ML,,330,Disponible,https://cdn.shopify.com/s/files/1/0936/6713/1667/files/gisada-mens-ambassador-edp-spray-34-oz-fragrances-7640164030418.jpg
Gisada Ambassador Intense Eau de Parfum 100 ML,,351,Disponible,https://cdn.shopify.com/s/files/1/0936/6713/1667/files/61KXCnelQOL._UF1000_1000_QL80.jpg
Gisada Unisex Titanium EDP Spray 3.4 oz,,372,Disponible,https://cdn.shopify.com/s/files/1/0936/6713/1667/files/gisada-unisex-titanium-gisada-edp-spray-34-oz-fragrances-7640164031354.jpg
Givenchy Irresistible EDT by Givenchy,Givenchy,298.5,Disponible,https://cdn.shopify.com/s/files/1/0936/6713/1667/files/IMG-2510.webp
GIVENCHY Men's Gentleman Reserve Privee EDP Spray 3.3 oz,Givenchy,302,Disponible,https://cdn.shopify.com/s/files/1/0936/6713/1667/files/IMG_0885.jpg
GIVENCHY Men's Gentleman Society EDP (6.7 oz),Givenchy,442,Agotado,https://cdn.shopify.com/s/files/1/0936/6713/1667/files/givenchy-mens-gentleman-society-edp-67-oz-fragrances-3274872462687.jpg
GIVENCHY Men's Gentleman Society Extreme EDP Spray 6.7 oz,Givenchy,442,Disponible,https://cdn.shopify.com/s/files/1/0936/6713/1667/files/givenchy-mens-gentleman-society-extreme-edp-spray-67-oz-fragrances-3274872480407.jpg
GIVENCHY Boisee Men's Fragrances EDP Spray 3.4 oz for Men,Givenchy,281,Agotado,https://cdn.shopify.com/s/files/1/0936/6713/1667/files/IMG_3499.jpg
"GIVENCHY Gentleman Intense EDT Fragrance Spray for Men, 3.3 oz",Givenchy,246,Agotado,https://cdn.shopify.com/s/files/1/0936/6713/1667/files/IMG_3496.jpg
Givenchy Gentleman Society Eau de Parfum 100 ml,Givenchy,319.5,Disponible,https://cdn.shopify.com/s/files/1/0936/6713/1667/files/IMG_2651.jpg
GIVENCHY L'Interdit Absolu 2.7 oz EDP for women,Givenchy,372,Disponible,https://cdn.shopify.com/s/files/1/0936/6713/1667/files/givenchy-absolu-l-interdit_600x_e676ce25-bf80-4565-bca4-05e1061ebbcb.webp
"GIVENCHY Men's EDT Spray Fragrances, 3.4 fl oz",Givenchy,200.5,Agotado,https://cdn.shopify.com/s/files/1/0936/6713/1667/files/IMG_3497.jpg
Giza Queen Of Nile Woman,,92,Agotado,https://cdn.shopify.com/s/files/1/0936/6713/1667/files/giza-queen-of-nile-woman-8127232_8f09f085-26e3-4403-98b7-be571588065c.jpg
Giza Roman Empire Men,,92,Disponible,https://cdn.shopify.com/s/files/1/0936/6713/1667/files/img_4183.jpg
Glacier Bella 3.4oz,,90.25,Agotado,https://cdn.shopify.com/s/files/1/0936/6713/1667/files/glacier-bella-34oz-8476055.jpg
Glacier Bold Eau Parfum 3.4oz,,104.25,Disponible,https://cdn.shopify.com/s/files/1/0936/6713/1667/files/glacier-bold-eau-parfum-34oz-3504568.jpg
Glacier Le Noir Maison Alhambra 3.4 oz,Maison Alhambra,86.75,Disponible,https://cdn.shopify.com/s/files/1/0936/6713/1667/files/IMG_0007.jpg
Glacier Pour Homme 3.4 oz,,86.75,Agotado,https://cdn.shopify.com/s/files/1/0936/6713/1667/files/1_4b567f66-8603-4555-b3f7-017fa4583527.webp
Glacier Ultra Eau de Parfum 3.4oz,,86.75,Disponible,https://cdn.shopify.com/s/files/1/0936/6713/1667/files/1_37cc8a43-94a1-46bf-8818-6d0e8d114c8e.webp
Glamour G by Ainash Parfums 3.4oz,Ainash,179.5,Disponible,https://cdn.shopify.com/s/files/1/0936/6713/1667/files/glamour-g-by-ainash-parfums-34oz-5584516.jpg
Glamour Pastels of Arabia (Extrait Parfum 3.4oz),,109.5,Agotado,https://cdn.shopify.com/s/files/1/0936/6713/1667/files/glamour-pastels-of-arabia-extrait-parfum-34oz-5233289.jpg
God is great eau de Parfum,,95.5,Disponible,https://cdn.shopify.com/s/files/1/0936/6713/1667/files/god-is-great-eau-de-parfum-7041713_22e852d7-9f70-401f-8687-368abb9dc4f4.jpg
GOD OF FIRE EAU DE PARFUM 50 ML,,827,Disponible,https://cdn.shopify.com/s/files/1/0936/6713/1667/files/WhatsApp_Image_2025-08-11_at_09.28.47.jpg
Golden Cherry by Ainash Parfum 3.4oz,Ainash,179.5,Disponible,https://cdn.shopify.com/s/files/1/0936/6713/1667/files/golden-cherry-by-ainash-parfum-34oz-6802731.jpg
Good Girl Blush Bowtastic Edition Carolina Herrera for women,Carolina Herrera,557.5,Disponible,https://cdn.shopify.com/s/files/1/0936/6713/1667/files/A48EE417-08C0-4F2C-85F3-BB0DC7455C03.jpg
Good Girl Blush Carolina Herrera for women 80 ml,Carolina Herrera,438.5,Disponible,https://cdn.shopify.com/s/files/1/0936/6713/1667/files/IMG_6240.jpg
Good Girl Blush Eau De Parfum 2PCS By Carolina Herrera,Carolina Herrera,456,Agotado,https://cdn.shopify.com/s/files/1/0936/6713/1667/files/Good_Girl_Blush_Eau_de_Parfum_2PCS_by_Carolina_Herrera_webp.jpg
Good Girl Blush Elixir by Carolina Herrera 2.7oz,Carolina Herrera,424.465,Disponible,https://cdn.shopify.com/s/files/1/0936/6713/1667/files/good-girl-blush-elixir-by-carolina-herrera-27ozdisenador-7626820.jpg
Good Girl Carolina Herrera 2.7 oz,Carolina Herrera,442,Disponible,https://cdn.shopify.com/s/files/1/0936/6713/1667/files/71F1oSu-6NL._SL1500.jpg
Good Girl Carolina Herrera EAU de Parfum (7 ml 0.24 FL oz),Carolina Herrera,281,Disponible,https://cdn.shopify.com/s/files/1/0936/6713/1667/files/Photoroom_20250914_183833.jpg
Good Girl Gift Set Gift Set - For Women 2.7 OZ / 80 ML,,456,Disponible,https://cdn.shopify.com/s/files/1/0936/6713/1667/files/CH_GoodGirl_GiftSet.jpg-2.webp
Gradeur Le Homme Eau Parfum 3.4oz,,92,Disponible,https://cdn.shopify.com/s/files/1/0936/6713/1667/files/gradeur-le-homme-eau-parfum-34oz-4314759_14fa73aa-0984-496d-844c-b7e749463789.jpg
Grandeur Men’s Passion Eau Parfum,,91.125,Disponible,https://cdn.shopify.com/s/files/1/0936/6713/1667/files/grandeur-mens-passion-eau-parfum-9186263.jpg
Grandeur Unisex Tubbees Sandbox EDP Spray 1.7 oz,,65.75,Disponible,https://cdn.shopify.com/s/files/1/0936/6713/1667/files/descarga_10.jpg
Grandeur Unisex Tubbees Sunburst EDP Spray 1.7 oz,,65.75,Disponible,https://cdn.shopify.com/s/files/1/0936/6713/1667/files/grandeur-unisex-tubbees-sunburst-edp-spray-17-oz-fragrances-5055810043599.jpg
Great Pleasure II,,90.25,Disponible,https://cdn.shopify.com/s/files/1/0936/6713/1667/files/great-pleasure-9547000.jpg
Greatness Oud INTRO Eau De Parfum By Fragrance World 80ml 2.7 FL OZ,Fragrance World,100.75,Disponible,https://cdn.shopify.com/s/files/1/0936/6713/1667/files/IMG_5544.jpg
Green Heaven Eau Parfum,,85,Disponible,https://cdn.shopify.com/s/files/1/0936/6713/1667/files/green-heaven-eau-parfum-6718982.jpg
Green Sapphire,,81.5,Disponible,https://cdn.shopify.com/s/files/1/0936/6713/1667/files/green-sapphire-1602905.jpg
Gucci Guilty Pour Homme / EDT Spray 5.0 oz (150 ml),Gucci,319.5,Disponible,https://cdn.shopify.com/s/files/1/0936/6713/1667/files/gucci-guilty-pour-homme-gucci-edt-spray-50-oz-150-ml-m-737052924922.jpg
Gucci Guilty Pour Homme Eau de Parfum / EDP Spray 3.0 oz (90 ml),Gucci,344,Disponible,https://cdn.shopify.com/s/files/1/0936/6713/1667/files/guilty-pour-homme-eau-de-parfum-gucci-edp-spray-30-oz-90-ml-m-3614229382129.jpg
GUCCI Ladies Bloom Ambrosia di Fiori EDP Spray 3.3 oz (100 ml),Gucci,305.5,Disponible,https://cdn.shopify.com/s/files/1/0936/6713/1667/files/gucci-ladies-bloom-ambrosia-di-fiori-edp-spray-33-oz-100-ml-3614228958691.jpg
Gucci Ladies Bloom EDP Spray 3.3 oz,Gucci,316,Agotado,https://cdn.shopify.com/s/files/1/0936/6713/1667/files/gucci-bloom-gucci-edp-spray-33-oz-100-ml-w-8005610481005.jpg
GUCCI Ladies Guilty Elixir de Parfum ExDP Spray 2.03 oz,Gucci,382.5,Disponible,https://cdn.shopify.com/s/files/1/0936/6713/1667/files/gucci-ladies-guilty-elixir-de-parfum-exdp-spray-203-oz-fragrances-3616304175916.jpg
Gucci Beauty Flora Gorgeous Gardenia For Women Eau De Parfum 100ml,Gucci,372,Disponible,https://cdn.shopify.com/s/files/1/0936/6713/1667/files/2521701-max.webp
Gucci Bloom Intense 3.3 oz EDP for women,Gucci,379,Disponible,https://cdn.shopify.com/s/files/1/0936/6713/1667/files/gucci-bloom-intense_1280x_fa7e0ac0-f457-4d20-b240-ebafc7dbca7e.webp
Gucci Flora Gorgeous Orchid Gift Set Fragrances,Gucci,372,Agotado,https://cdn.shopify.com/s/files/1/0936/6713/1667/files/gucci-flora-gorgeous-orchid-gift-set-fragrances-3616305838162.jpg
Gucci Gorgeous Gardenia Gift Set,Gucci,442,Agotado,https://cdn.shopify.com/s/files/1/0936/6713/1667/files/Photoroom_20250808_182519.jpg
Gucci Variety women 4 Piece Mini Variety With Gucci Bloom X 2 & Gucci Flora Gorgeous Gardenia X 2 And All Are Eau De Parfum 0.16 oz Mini,Gucci,214.5,Disponible,https://cdn.shopify.com/s/files/1/0936/6713/1667/files/WhatsAppImage2025-06-11at18.36.36.jpg
GUERLAIN abeille royale age-defying set: abeille royale double r renew & repair advanced serum 1.6 oz + advanced youth watery oil 1.6 oz --2pcswomen,Guerlain,494.5,Disponible,https://cdn.shopify.com/s/files/1/0936/6713/1667/files/IMG_6473.jpg
"GUERLAIN abeille royale day cream - firms, smoothes & illuminates 50ml/1.6oz",Guerlain,267,Disponible,https://cdn.shopify.com/s/files/1/0936/6713/1667/files/IMG_6468.jpg
Guerlain Ladies Abeille Royale Double R Renew & Repair Advanced Serum 1.6 oz Skin Care,Guerlain,267,Disponible,https://cdn.shopify.com/s/files/1/0936/6713/1667/files/guerlain-ladies-abeille-royale-double-r-renew-repair-advanced-serum-16-oz-skin-care-3346470616837_2.jpg
GUERLAIN TREATMENT NIGHT CREAM - THE REFILL. 50 ml /1.6oz,Guerlain,267,Disponible,https://cdn.shopify.com/s/files/1/0936/6713/1667/files/s-l1600_12.webp
GULF ORCHID BANANA SPLIT EAU DE PARFUM 100 ML,,128.75,Disponible,https://cdn.shopify.com/s/files/1/0936/6713/1667/files/Banana_Split_Gulf_Orchid_Perfume_White_Background_With_Box_jpg.webp
GULF ORCHID CHERRY KOKOMO EAU DE 100 ML,,128.75,Disponible,https://cdn.shopify.com/s/files/1/0936/6713/1667/files/Cherry_Kokomo_Gulf_Orchid_Perfume_White_Background_With_Box_jpg.webp
GULF ORCHID COCO BLANCO EAU DE PARFUM 100 ML,,128.75,Disponible,https://cdn.shopify.com/s/files/1/0936/6713/1667/files/Coco_Blanco_Gulf_Orchid_Perfume_White_Background_With_Box_jpg.webp
Gulf Orchid Gulf Orchid Caramelt 100 ML,,140.825,Disponible,https://cdn.shopify.com/s/files/1/0936/6713/1667/files/CARAMELT_4.webp
Gulf Orchid Gulf Orchid Strawbae 100 ML,,140.825,Disponible,https://cdn.shopify.com/s/files/1/0936/6713/1667/files/STRAWBAE_4.webp
Gulf Orchid Gulf Orchid Vanille Cream 100 ML,,140.825,Disponible,https://cdn.shopify.com/s/files/1/0936/6713/1667/files/VANILLE_CREAM_4.webp
Gulf Orchid Mango Ice Eau De Parfum 100 ml,,126.65,Agotado,https://cdn.shopify.com/s/files/1/0936/6713/1667/files/f4e046a0-06ba-4564-b3a8-4fb3539b6b2e-Photoroom.jpg
GULF ORCHID MANGOTINI EAU DE PARFUM 100 ML,,128.75,Disponible,https://cdn.shopify.com/s/files/1/0936/6713/1667/files/Mangotini_Gulf_Orchid_Perfume_White_Background_With_Box_jpg.webp
GULF ORCHID MARSHMALLOW EAU DE PARFUM 100 ML,,128.75,Disponible,https://cdn.shopify.com/s/files/1/0936/6713/1667/files/Marshmallow_Gulf_Orchid_Perfume_White_Background_With_Box_jpg.webp
GULF ORCHID MOJITO OBSESSION EAU DE PARFUM 100 ML,,128.75,Disponible,https://cdn.shopify.com/s/files/1/0936/6713/1667/files/Mojito_Obessesion_Gulf_Orchid_Perfume_White_Background_With_Box_jpg.webp
GULF ORCHID NAUGHTY VANILLA EAU DE PARFUM 100,,128.75,Disponible,https://cdn.shopify.com/s/files/1/0936/6713/1667/files/Naughty_Vanilla_Gulf_Orchid_Perfume_White_Background_With_Box_jpg.webp
GULF ORCHID OLD FASHIONED 100 ML EDP,,111.25,Disponible,https://cdn.shopify.com/s/files/1/0936/6713/1667/files/FullSizeRender_4a7b68c0-6105-4fe3-9438-f6cb70a278cc.jpg
GULF ORCHID RUBY FIZZ EAU DE PARFUM 100 ML,,128.75,Disponible,https://cdn.shopify.com/s/files/1/0936/6713/1667/files/Ruby_Fizz_Gulf_Orchid_Perfume_White_Background_With_Box_jpg.webp
GULF ORCHID TAHITI COLADA EAU DE PARFUM 100 ML,,128.75,Disponible,https://cdn.shopify.com/s/files/1/0936/6713/1667/files/Tahiti_Colada_Gulf_Orchid_Perfume_White_Background_With_Box_jpg.webp
Gulf Orchid Unisex Dark Chocolate EDP Spray 3.4 oz,,125.25,Disponible,https://cdn.shopify.com/s/files/1/0936/6713/1667/files/gulf-orchid-unisex-dark-chocolate-edp-spray-34-oz-fragrances-6290362162667.jpg
GULF ORCHID VANILLA ON THE BEACH 100 ML - EDP,,128.75,Disponible,https://cdn.shopify.com/s/files/1/0936/6713/1667/files/Vanilla_On_The_Beach_Gulf_Orchid_Perfume_White_Background_With_Box_jpg.webp
Habibi Enta 3.4oz,,86.75,Disponible,https://cdn.shopify.com/s/files/1/0936/6713/1667/files/habibi-enta-34oz-8726199_22e8b99a-7f29-4cf6-ba03-efdb19b27521.jpg
HABIBI ENTA HAIR PERFUME INFUSED - 50ML,,67.5,Disponible,https://cdn.shopify.com/s/files/1/0936/6713/1667/files/BE85E648-121C-4B47-8B52-99D7A3DD5519_870x1131_ab455e51-9d7c-49ea-b6fe-74e72f3f29d5.webp
Hadeer For Men Le Chameau,Le Chameau,92,Disponible,https://cdn.shopify.com/s/files/1/0936/6713/1667/files/hadeer-for-men-le-chameau-5998336.jpg
Hair Le Parfum Arabia Haya 50 ml,,67.5,Disponible,https://cdn.shopify.com/s/files/1/0936/6713/1667/files/hair-le-parfum-arabia-haya-enriched-with-argan-5-ml-3827404_a7f25a72-08e8-4fb9-97f5-4b0274ccbf2c.jpg
Hair Le Parfum Enriched with Argan 5 ml,,67.5,Disponible,https://cdn.shopify.com/s/files/1/0936/6713/1667/files/hair-le-parfum-enriched-with-argan-5-ml-7366814.jpg
Hair Mist Set 4 pcs - 50ml/each By Gulf Orchid,,88.5,Agotado,https://cdn.shopify.com/s/files/1/0936/6713/1667/files/hair-mist-set-4-pcs-50mleach-by-gulf-orchid-1430748.jpg
Hajes Al Fares for women and men,Al Fares,95.5,Agotado,https://cdn.shopify.com/s/files/1/0936/6713/1667/files/P0_4.jpg
HAMIDI INSIGNIA OR EDP Spray 105ML (3.5 OZ),Hamidi,107.75,Disponible,https://cdn.shopify.com/s/files/1/0936/6713/1667/files/INSIGNIA-OR.webp
HAMSAT GHARAM - EAU DE PARFUM,,92,Agotado,https://cdn.shopify.com/s/files/1/0936/6713/1667/files/hamsat-gharam-eau-de-parfum-2751726.jpg
HAMSAT GHAZAL - EAU DE PARFUM,,92,Disponible,https://cdn.shopify.com/s/files/1/0936/6713/1667/files/hamsat-ghazal-eau-de-parfum-8469452.jpg
HAMSAT HOB - EAU DE PARFUM,,92,Agotado,https://cdn.shopify.com/s/files/1/0936/6713/1667/files/hamsat-hob-eau-de-parfum-8699063.jpg
HAMSAT ISHQ - EAU DE PARFUM,,92,Agotado,https://cdn.shopify.com/s/files/1/0936/6713/1667/files/hamsat-ishq-eau-de-parfum-6135629.jpg
"Haramain Amber Oud Gold 999.9 Dubai Edition, 75ml, Extrait De Parfum",Al Haramain,186.5,Agotado,https://cdn.shopify.com/s/files/1/0936/6713/1667/files/haramain-amber-oud-gold-9999-dubai-edition-75ml-extrait-de-parfum-5773758_f83ee976-eba1-441b-bb7b-8ec15d485e01.jpg
Haramain Amber Oud Rouge Eau De Parfum 120ml 4 FL OZ,Al Haramain,302,Disponible,https://cdn.shopify.com/s/files/1/0936/6713/1667/files/haramain-amber-oud-rouge-eau-de-parfum-120ml-4-fl-oz-3411847.jpg
"Haramain Azure French Collection, 100ml, Eau De Parfum",Al Haramain,172.5,Disponible,https://cdn.shopify.com/s/files/1/0936/6713/1667/files/1206b.jpg
"Haramain Blanche French Collection, 100ml, Eau De Parfum",Al Haramain,172.5,Disponible,https://cdn.shopify.com/s/files/1/0936/6713/1667/files/1208b.jpg
"Haramain Destino French Collection, 100ml, Eau De Parfum",Al Haramain,172.5,Agotado,https://cdn.shopify.com/s/files/1/0936/6713/1667/files/1242b.jpg
"Haramain Detour Noir, 100ml, Eau De Parfum",Al Haramain,120,Agotado,https://cdn.shopify.com/s/files/1/0936/6713/1667/files/haramain-detour-noir-100ml-eau-de-parfum-6708637_9a3e621a-d433-4a7f-b9fe-e91a97d162e8.jpg
Haramain L'Aventure Collection Gift Set,Al Haramain,337,Disponible,https://cdn.shopify.com/s/files/1/0936/6713/1667/files/IMG_7424.jpg
"Haramain Zahara Amber Dubai, 100ml, Extrait De Parfum",Al Haramain,176,Disponible,https://cdn.shopify.com/s/files/1/0936/6713/1667/files/ahp1472_combo.jpg
"Haramain Zahara Sage Dubai, 100ml, Extrait De Parfum",Al Haramain,176,Disponible,https://cdn.shopify.com/s/files/1/0936/6713/1667/files/ahp1475_combo.jpg
Hareem Al Sultan Oil 35 ML,,116.5,Agotado,https://cdn.shopify.com/s/files/1/0936/6713/1667/files/hareem-al-sultan-edp-75ml-25-oz-5127874_6334940f-db17-4d9c-9bb1-c1a5f9a9cb6b.jpg
Hareer For Men Le Chameau,Le Chameau,92,Disponible,https://cdn.shopify.com/s/files/1/0936/6713/1667/files/hareer-for-men-le-chameau-4280451.jpg
Hawas by Rasasi 2 Piece Gift Set for Men,Rasasi,157.625,Disponible,https://cdn.shopify.com/s/files/1/0936/6713/1667/files/s-l1600_-_2026-05-05T103354.605.webp
Hawas Eclat EDP Perfume By Rasasi 3.4oz / 100ml,Rasasi,139.25,Disponible,https://cdn.shopify.com/s/files/1/0936/6713/1667/files/c0ed6178-27f6-42ea-a884-e1d3316953d4.jpg
Hawas Elixir EDP Perfume By Rasasi 100 ML 🔥 Hot New Release,RASASI,130.325,Agotado,https://cdn.shopify.com/s/files/1/0936/6713/1667/files/shopping_44_43fc0fee-1b66-4902-ab02-0fc6c82ac36b.webp
Hawas Fire Rasasi for women and men,Rasasi,161.825,Disponible,https://cdn.shopify.com/s/files/1/0936/6713/1667/files/hawas-fire-rasasi-for-women-and-men-4959832.jpg
Hawas For Him Eau de Parfum Eau de Parfum 3.4 oz,RASASI,130.325,Disponible,https://cdn.shopify.com/s/files/1/0936/6713/1667/files/hawas-9311778_b466056b-d1d6-439e-aba3-4c4bd0d0ab95.jpg
Hawas Glitz,Rasasi,174.25,Disponible,https://cdn.shopify.com/s/files/1/0936/6713/1667/files/Glitz2.webp
Hawas Ice 2-Piece Perfume Travel Gift Set by Rasasi,Rasasi,191.75,Disponible,https://cdn.shopify.com/s/files/1/0936/6713/1667/files/uvj4fi6bwupqcgkkt5yr.webp
Hawas Ice for Him Rasasi 3.4oz,Rasasi,168.965,Disponible,https://cdn.shopify.com/s/files/1/0936/6713/1667/files/IMG-1459.jpg
Hawas Kobra Eau de Parfum 100 ml,Rasasi,156.75,Disponible,https://cdn.shopify.com/s/files/1/0936/6713/1667/files/FullSizeRender_5fe0e002-faad-4082-a191-8303ec0d14f8.jpg
Hawas Malibú Eau de Parfum,Rasasi,156.75,Disponible,https://cdn.shopify.com/s/files/1/0936/6713/1667/files/FullSizeRender_95d064e2-6df7-4de2-86f3-c7c4819694cc.jpg
Hawas Pink For Her Eau De Parfum Spray 100ml (3.4 Oz) By Rasasi,Rasasi,161.825,Disponible,https://cdn.shopify.com/s/files/1/0936/6713/1667/files/1_28b8ef93-da87-4dfc-9d88-cca7ac286d57_webp.jpg
Hawas Tropical Eau Parfum 100ml,Rasasi,146.25,Agotado,https://cdn.shopify.com/s/files/1/0936/6713/1667/files/IMG_2058.jpg
Hawas Viper Eau De Parfum Spray 100ml (3.4 Oz) By Rasasi,Rasasi,161.125,Disponible,https://cdn.shopify.com/s/files/1/0936/6713/1667/files/Rasasi-13-1536x1536.jpg
Hawwa Pink EDP Spray 3.4 oz,,102.5,Disponible,https://cdn.shopify.com/s/files/1/0936/6713/1667/files/hawwa-pink-edp-spray-34-oz-4700815_c039f030-41a9-4724-b08b-d559c2d4c370.jpg
Hawwa Red EDP 3.4 oz,,102.5,Disponible,https://cdn.shopify.com/s/files/1/0936/6713/1667/files/hawwa-red-edp-34-oz-3976610_8a32115f-56c3-4783-a29f-fd5c12465868.jpg
Haya Eau Parfum 3.4oz,,123.465,Agotado,https://cdn.shopify.com/s/files/1/0936/6713/1667/files/haya-eau-parfum-34oz-3765697.jpg
HAYA SOLEIL (3.4oz),,85,Disponible,https://cdn.shopify.com/s/files/1/0936/6713/1667/files/haya-soleil-34oz-6976832_24724c20-78db-433f-a124-f7364ab5b9ae.jpg
Hayaati Eau de Parfum 3.4 oz,Lattafa,88.325,Disponible,https://cdn.shopify.com/s/files/1/0936/6713/1667/files/hayaati-eau-de-parfum-34-oz-7643217_bd2666aa-9900-41cc-a7c3-d102b285e0e4.jpg
HAYATI PISTACHIO by Milestone Perfumes 3.4 oz / 100ml EDP,Milestone,86.75,Agotado,https://cdn.shopify.com/s/files/1/0936/6713/1667/files/s-l1600-2026-06-16T092140.725.webp
Her Bravery,,83.25,Disponible,https://cdn.shopify.com/s/files/1/0936/6713/1667/files/her-bravery-4831513.webp
HER BRAVERY ELIXIR Mujer EDP - 100MI (3.40z),,83.25,Disponible,https://cdn.shopify.com/s/files/1/0936/6713/1667/files/her-bravery-elixir-mujer-edp-100mi-340z-6136087.jpg
Heritage Legacy Milestone Perfumes for women and men,Milestone,83.25,Disponible,https://cdn.shopify.com/s/files/1/0936/6713/1667/files/dark-375x500.110598.2x_1.avif
Highness IV Red by Afnan 3.4 oz Eau de Parfum,Afnan,228.5,Agotado,https://cdn.shopify.com/s/files/1/0936/6713/1667/files/highness-iv-red-by-afnan-34-oz-eau-de-parfum-1827701.jpg
Highness lll Green by Afnan 3.4 Oz Eau de Parfum,Afnan,232,Disponible,https://cdn.shopify.com/s/files/1/0936/6713/1667/files/highness-lll-green-by-afnan-34-oz-eau-de-parfum-4833443_07052fc5-656a-44a7-9a2c-37d78e3e8eed.jpg
Highness VI Afnan,Afnan,232,Disponible,https://cdn.shopify.com/s/files/1/0936/6713/1667/files/highness-vi-afnan-4446141_3e0382d2-d6fc-4ab3-9da5-213167598086.jpg
Historic Doria,Afnan,137.5,Agotado,https://cdn.shopify.com/s/files/1/0936/6713/1667/files/historic-doria-6547023.webp
Historic Olmeda,Afnan,137.5,Disponible,https://cdn.shopify.com/s/files/1/0936/6713/1667/files/historic-olmeda-5047114_248fbaff-52dd-4cf7-8ab3-f623926160ae.webp
Honour 43 Woman Extrait de Parfum 100 ml,,900.5,Disponible,https://cdn.shopify.com/s/files/1/0936/6713/1667/files/000754872-R454754006-3.avif
Hot Lips,,90.25,Disponible,https://cdn.shopify.com/s/files/1/0936/6713/1667/files/hot-lips-7007381.webp
HUGO BOSS Boss Bottled Night by EDT Spray 3.3 oz,Hugo Boss,186.5,Agotado,https://cdn.shopify.com/s/files/1/0936/6713/1667/files/boss-bottled-night-by-hugo-boss-edt-spray-33-oz-m-737052352060.jpg
HUGO BOSS Boss Bottled Unlimited / EDT Spray 3.3 oz (100 ml),Hugo Boss,193.5,Agotado,https://cdn.shopify.com/s/files/1/0936/6713/1667/files/shopping-42.jpg
HUGO BOSS Boss Bottled Unlimited / EDT Spray 6.7 oz (200 ml),Hugo Boss,239,Agotado,https://cdn.shopify.com/s/files/1/0936/6713/1667/files/shopping-40.jpg
Hugo Boss Men's Absolu Parfum Intense EDP 3.3 oz,Hugo Boss,379,Agotado,https://cdn.shopify.com/s/files/1/0936/6713/1667/files/IMG_3515.jpg
Hyba,,92,Agotado,https://cdn.shopify.com/s/files/1/0936/6713/1667/files/hyba-7420746_daeba3e9-68df-4502-8574-0c7628d50d22.jpg
Icaria Arif,,120,Disponible,https://cdn.shopify.com/s/files/1/0936/6713/1667/files/icaria-arif-2162721_45bb6eba-2965-41f9-a487-960fc996f795.jpg
Idole EDP Spray 3.4 oz,,354.5,Agotado,https://cdn.shopify.com/s/files/1/0936/6713/1667/files/IMG_0926.jpg
IDÔLE NOW SUMMER VAULT limited-edition 9 PCS,,547,Disponible,https://cdn.shopify.com/s/files/1/0936/6713/1667/files/Idole-Now-Set_Packshot.webp
Ilang 62 Eau Parfum 3.4oz,,99,Disponible,https://cdn.shopify.com/s/files/1/0936/6713/1667/files/ilang-62-eau-parfum-34oz-3539992_5b2ef1ef-5fde-4bce-875d-0df91f106ae0.jpg
Illúsio Parfums de Luxe for Women,,652,Disponible,https://cdn.shopify.com/s/files/1/0936/6713/1667/files/375x500.104139.2x.avif
Illusion Matin Martin for women and men 100 ML,,162,Agotado,https://cdn.shopify.com/s/files/1/0936/6713/1667/files/Matin-Martin-illusion-perfume-bottle-beside-packaging-against-white-background.webp
Imagination By LV Eau De Parfum 2ml/0.06oz,,102.5,Disponible,https://cdn.shopify.com/s/files/1/0936/6713/1667/files/s-l1600-90.jpg
Imperial 50/50,,83.25,Disponible,https://cdn.shopify.com/s/files/1/0936/6713/1667/files/imperial-5050-2448552.jpg
Imperial Blue,,90.25,Agotado,https://cdn.shopify.com/s/files/1/0936/6713/1667/files/imperial-blue-8305357.jpg
Imperial Passion,,83.25,Disponible,https://cdn.shopify.com/s/files/1/0936/6713/1667/files/imperial-passion-7128806.jpg
Imperial The Scent of Individuality,,83.25,Agotado,https://cdn.shopify.com/s/files/1/0936/6713/1667/files/imperial-the-scent-of-individuality-6175078.jpg
Indomitable Spirit by Ainash Parfums,Ainash,170.75,Disponible,https://cdn.shopify.com/s/files/1/0936/6713/1667/files/indomitable-spirit-by-ainash-parfums-4079514.jpg
Ineffable By Ainash,Ainash,170.75,Disponible,https://cdn.shopify.com/s/files/1/0936/6713/1667/files/ineffable-by-ainash-1540886.jpg
Initio Oud For Greatness 90 ml,Initio,1369.5,Agotado,https://cdn.shopify.com/s/files/1/0936/6713/1667/files/Photoroom_20250901_101631.jpg
Initio Paragon Extrait De Parfum 100 ml,Initio,1352,Agotado,https://cdn.shopify.com/s/files/1/0936/6713/1667/files/IMG_8518.jpg
INSIGNIA ARGENT EDP Spray 105ML (3.5 OZ) By Hamidi,Hamidi,107.75,Disponible,https://cdn.shopify.com/s/files/1/0936/6713/1667/files/INSIGNIAARGENT.webp
INSIGNIA AZURE EDP Spray 105ML (3.5 OZ) By Hamidi,Hamidi,107.75,Disponible,https://cdn.shopify.com/s/files/1/0936/6713/1667/files/INSIGNIAAZURE.webp
INSIGNIA ERMINE EDP Spray 105ML (3.5 OZ) By Hamidi,Hamidi,107.75,Disponible,https://cdn.shopify.com/s/files/1/0936/6713/1667/files/INSIGNIAERMINE.png
INSIGNIA GULES EDP Spray 105ML (3.5 OZ) By Hamidi,Hamidi,120,Disponible,https://cdn.shopify.com/s/files/1/0936/6713/1667/files/img_5319.jpg
INSIGNIA PURPURE EDP Spray 105ML (3.5 OZ) By Hamidi,Hamidi,107.75,Disponible,https://cdn.shopify.com/s/files/1/0936/6713/1667/files/INSIGNIAPURPURE.webp
INSIGNIA VERT EDP Spray 105ML (3.5 OZ) De Hamidi,Hamidi,120,Disponible,https://cdn.shopify.com/s/files/1/0936/6713/1667/files/img_5320.jpg
Intense Peach Eau de Parfum 80 ml,,81.5,Agotado,https://cdn.shopify.com/s/files/1/0936/6713/1667/files/intense-peach-eau-de-parfum-80-ml-8961058.jpg
INTENSO BY STALLION 53 - FOR MEN EAU DE PARFUM,,95.5,Agotado,https://cdn.shopify.com/s/files/1/0936/6713/1667/files/emper-mens-intenso-gift-set-fragrances-6294021904841.jpg
Intimation Eau Parfum 3.4oz,,97.25,Disponible,https://cdn.shopify.com/s/files/1/0936/6713/1667/files/intimation-eau-parfum-34oz-7072447_49af7767-576c-4415-aba8-42d1c72608bd.jpg
Intro Joyness Oud Fragrance World for women and men 100 ML,Fragrance World,87.625,Disponible,https://cdn.shopify.com/s/files/1/0936/6713/1667/files/dark-375x500.104785.2x.avif
Invictus Aqua Rabanne for men 100 ml,Paco Rabanne,386,Disponible,https://cdn.shopify.com/s/files/1/0936/6713/1667/files/s-l960-6.jpg
INVICTUS Parfum 100 ML,,333.5,Disponible,https://cdn.shopify.com/s/files/1/0936/6713/1667/files/3349668627530.webp
Invictus Victory Elixir 100 Ml,,389.465,Disponible,https://cdn.shopify.com/s/files/1/0936/6713/1667/files/1fc3fd64-d895-4be4-8736-1097c06f0857.jpg
Invictus Victory Elixir Parfum by Paco Rabanne 3.4oz Parfum Men (NEW),Paco Rabanne,386,Disponible,https://cdn.shopify.com/s/files/1/0936/6713/1667/files/s-l1600-2026-07-18T122525.641.webp
INVICTUS VICTORY ELIXIR PARFUM INTENSE 200 ML 6.8 FL OZ,,543.5,Disponible,https://cdn.shopify.com/s/files/1/0936/6713/1667/files/3349668614530-3_1000x_jpg.webp
Irida Perfume Extract 100ml - French Avenue,French Avenue,147.825,Disponible,https://cdn.shopify.com/s/files/1/0936/6713/1667/files/irida-french-avenue_jpg.webp
Island Vanilla Dunes Khadlaj Eau de Parfum 100 ml,Khadlaj,137.5,Disponible,https://cdn.shopify.com/s/files/1/0936/6713/1667/files/IMG_3459.jpg
Ivory Musk Intro,Fragrance World,92,Disponible,https://cdn.shopify.com/s/files/1/0936/6713/1667/files/ivory-musk-intro-2255872.jpg
Jamal Al-Ward Unisex,,92,Agotado,https://cdn.shopify.com/s/files/1/0936/6713/1667/files/jamal-al-ward-unisex-2691854.jpg
Jameela Eau Parfum 3.4oz,,162,Disponible,https://cdn.shopify.com/s/files/1/0936/6713/1667/files/jameela-eau-parfum-34oz-2650044.webp
Jealousy,,102.5,Disponible,https://cdn.shopify.com/s/files/1/0936/6713/1667/files/jealousy-3325269.webp
Jean Lowe Azure Eau Parfum,,121.75,Disponible,https://cdn.shopify.com/s/files/1/0936/6713/1667/files/jean-lowe-azure-eau-parfum-7743202.jpg
Jean Lowe Fraiche EDP 100ML (3.4oz),Maison Alhambra,107.75,Agotado,https://cdn.shopify.com/s/files/1/0936/6713/1667/files/jean-lowe-fraiche-edp-100ml-34oz-1101589.jpg
Jean Lowe Inmortal 3.4oz,,118.25,Agotado,https://cdn.shopify.com/s/files/1/0936/6713/1667/files/jean-lowe-inmortal-34oz-8277655_d2846ab3-6c23-474b-99c0-d5cc209ce573.jpg
Jean Lowe Matiere 3.4 oz 100 ml,,107.75,Disponible,https://cdn.shopify.com/s/files/1/0936/6713/1667/files/jean-lowe-matiere-34-oz-100-ml-5709849.jpg
JEAN LOWE NOIR EDP Spray 100ML,,106,Agotado,https://cdn.shopify.com/s/files/1/0936/6713/1667/files/jean-lowe-noir-edp-spray-100ml-3139547.jpg
Jean Lowe Summer Vibes Eau de Parfum Spray 100ml (3.4 oz) by Maison Alhambra,Maison Alhambra,112.825,Agotado,https://cdn.shopify.com/s/files/1/0936/6713/1667/files/p3sndx1jsyr2fxpxcxex.webp
Jean Lowe Vibe Eau Parfum 3.4oz,,122.625,Disponible,https://cdn.shopify.com/s/files/1/0936/6713/1667/files/jean-lowe-vibe-eau-parfum-34oz-9472579.jpg
JEAN PAUL GAULTIER Ladies Gaultier Divine Elixir Parfum 3.4 oz,Jean Paul Gaultier,480.5,Agotado,https://cdn.shopify.com/s/files/1/0936/6713/1667/files/jean-paul-gaultier-ladies-gaultier-divine-elixir-parfum-34-oz-fragrances-8435415105316.jpg
JEAN PAUL GAULTIER Ladies Scandal Intense EDP Spray 2.7 oz,Jean Paul Gaultier,442,Agotado,https://cdn.shopify.com/s/files/1/0936/6713/1667/files/jean-paul-gaultier-ladies-scandal-intense-edp-spray-27-oz-fragrances-8435415102704.jpg
JEAN PAUL GAULTIER Le Male / J.p.g EDT Spray 4.2 oz,Jean Paul Gaultier,300.25,Agotado,https://cdn.shopify.com/s/files/1/0936/6713/1667/files/jean-paul-gaultier-le-male-jpg-edt-spray-42-oz-m-8435415012669.jpg
JEAN PAUL GAULTIER Men's Le Beau Flower Edition EDP 4.2 oz,Jean Paul Gaultier,511.965,Disponible,https://cdn.shopify.com/s/files/1/0936/6713/1667/files/jean-paul-gaultier-mens-le-beau-flower-edition-edp-42-oz-fragrances-8435415102537.jpg
JEAN PAUL GAULTIER Men's Le Male Le Parfum EDP Spray (2.5 oz),Jean Paul Gaultier,305.325,Disponible,https://cdn.shopify.com/s/files/1/0936/6713/1667/files/GUEST_e439fed2-5568-4b83-97ba-561a8d646dea.avif
JEAN PAUL GAULTIER Men's Le Male Le Parfum EDP Spray 6.8 oz,Jean Paul Gaultier,525.825,Disponible,https://cdn.shopify.com/s/files/1/0936/6713/1667/files/jean-paul-gaultier-mens-le-male-le-parfum-edp-spray-68-oz-fragrances-8435415032360_1.jpg
JEAN PAUL GAULTIER Men's Mini Set Gift Set Fragrances,Jean Paul Gaultier,246,Agotado,https://cdn.shopify.com/s/files/1/0936/6713/1667/files/I11591_1296x_jpg_1800x1800_webp.jpg
Jean Paul Gaultier Classique 0.03 oz EDT Vial Spray,Jean Paul Gaultier,71,Disponible,https://cdn.shopify.com/s/files/1/0936/6713/1667/files/1782390503.jpg
Jean Paul Gaultier Classique Miniatures Set,Jean Paul Gaultier,267,Disponible,https://cdn.shopify.com/s/files/1/0936/6713/1667/files/images_59.jpg
JEAN PAUL GAULTIER JEAN PAUL GAULTIER LE BEAU EAU DE TOILETTE FOR MEN 4.2 oz,Jean Paul Gaultier,337,Disponible,https://cdn.shopify.com/s/files/1/0936/6713/1667/files/jean-paul-gaultier-mens-le-beau-edt-spray-42-oz-fragrances-8435415017206.jpg
Jean Paul Gaultier Jean Paul Gaultier Le Male Elixir 3-Piece Gift Set,Jean Paul Gaultier,575,Disponible,https://cdn.shopify.com/s/files/1/0936/6713/1667/files/65225148_JPG_XMAS25_LME-EDP_OUVERT_900x_25ea8e7a-727e-4006-9343-3b7efad2bedf.webp
Jean Paul Gaultier La Belle Paradise Garden Eau de Parfum 100 ml,Jean Paul Gaultier,372,Disponible,https://cdn.shopify.com/s/files/1/0936/6713/1667/files/2638989.avif
Jean Paul Gaultier Le Beau Le Parfum 4.2oz M EDP (DECODED),Jean Paul Gaultier,459.5,Agotado,https://cdn.shopify.com/s/files/1/0936/6713/1667/files/IMG_6160.jpg
Jean Paul Gaultier Le Male Elixir Absolu Eau de Parfum 125ml,Jean Paul Gaultier,442,Agotado,https://cdn.shopify.com/s/files/1/0936/6713/1667/files/IMG_5112.jpg
Jean Paul Gaultier LE MALE ELIXIR Fragrances 2.5 0Z,Jean Paul Gaultier,337,Disponible,https://cdn.shopify.com/s/files/1/0936/6713/1667/files/jean-paul-gaultier-mens-le-male-elixir-parfum-spray-25-oz-fragrances-8435415076937.jpg
Jean Paul Gaultier Men's Scandal Pour Homme Gift Set Fragrances,Jean Paul Gaultier,298.5,Agotado,https://cdn.shopify.com/s/files/1/0936/6713/1667/files/175184-1200-1200.png
JEAN PAUL GAULTIER MINIATURE SET FOR WOMEN EAU DE PARFUM 4X6 ML,Jean Paul Gaultier,211,Disponible,https://cdn.shopify.com/s/files/1/0936/6713/1667/files/JPGGiftW_1800x1800_jpg.webp
"JEAN PAUL GAULTIER Perfume en aerosol Ladies Divine EDP de 100 ml (3,4 oz",Jean Paul Gaultier,386,Agotado,https://cdn.shopify.com/s/files/1/0936/6713/1667/files/IMG_3148.jpg
Jean Paul Gaultier Scandal for Him Eau de Toilette 100ml Jean Paul Gaultier,Jean Paul Gaultier,351,Agotado,https://cdn.shopify.com/s/files/1/0936/6713/1667/files/IMG_5025.jpg
Jean Paul Gaultier Scandal Him Eau de Toilette Gift Set EDT 3.4 fluid ounces + 5.1 oz spray deodorant,Jean Paul Gaultier,375.5,Disponible,https://cdn.shopify.com/s/files/1/0936/6713/1667/files/51c2t2DcdQL._AC_UF1000_1000_QL80.jpg
Jean Paul Gaultier Scandal Intense Eau de Parfum 100ml Jean Paul Gaultier,Jean Paul Gaultier,407,Disponible,https://cdn.shopify.com/s/files/1/0936/6713/1667/files/IMG_5026.jpg
"Jean Paul Le Male Elixir Parfum for men, 4.2 OZ",,441.965,Disponible,https://cdn.shopify.com/s/files/1/0936/6713/1667/files/IMG_6152.jpg
JEEHAN FOR WOMEN BY ADYAN,Adyan,130.5,Disponible,https://cdn.shopify.com/s/files/1/0936/6713/1667/files/jeehan-for-women-by-adyan-2778557_644c289f-2f8d-4125-a6ed-d1bbf40b4c0c.jpg
Jesus Del Pozo Men's Halloween Gift Set Fragrances,,193.5,Disponible,https://cdn.shopify.com/s/files/1/0936/6713/1667/files/jesus-del-pozo-mens-halloween-gift-set-fragrances-8431754007878.jpg
Jihan By Kajal EDP 100ml,,442,Disponible,https://cdn.shopify.com/s/files/1/0936/6713/1667/files/01_Jihan_Box_Bottle.webp
Jimmy Choo Jimmy Choo by Jimmy Choo,Jimmy Choo,235.5,Disponible,https://cdn.shopify.com/s/files/1/0936/6713/1667/files/JimmyChoo3.3ozEDPSpray1.webp
JIMMY CHOO Ladies EDP Spray 0.15,Jimmy Choo,86.75,Disponible,https://cdn.shopify.com/s/files/1/0936/6713/1667/files/jimmy-choo-ladies-jimmy-choo-edp-spray-015-fragrances-3386460025539.jpg
Jimmy Choo Rose Passion EDP de 100 ml,Jimmy Choo,162,Disponible,https://cdn.shopify.com/s/files/1/0936/6713/1667/files/760BB5FF-07D1-4BD7-A3DD-D2D5D5778317.jpg
Jo Milano Unisex Game of Spades Black Sapphire Parfum 3.0 oz,Jo Milano Paris,260,Agotado,https://cdn.shopify.com/s/files/1/0936/6713/1667/files/jo-milano-unisex-game-of-spades-black-sapphire-parfum-30-oz-fragrances-850051043637_2.jpg
Jo Milano Unisex Game of Spades Emerald Extrait de Parfum Spray 3.0 oz Fragrances,Jo Milano Paris,260,Agotado,https://cdn.shopify.com/s/files/1/0936/6713/1667/files/jo-milano-unisex-game-of-spades-emerald-extrait-de-parfum-spray-3-0-oz-fragrances-850051043613_2.jpg
Jo Milano EXCLUSIVO LEVANTE,Jo Milano Paris,144.5,Disponible,https://cdn.shopify.com/s/files/1/0936/6713/1667/files/jo-milano-exclusivo-levante-1393828_b806b0a7-6799-4762-a168-289bffc4f1b9.jpg
Jo Milano Goal Argentina Eau de Parfum (3.4 FL OZ / 100ml),Jo Milano Paris,128.75,Agotado,https://cdn.shopify.com/s/files/1/0936/6713/1667/files/s-l1600_76.webp
Jo Milano MI AMOUR,Jo Milano Paris,144.5,Disponible,https://cdn.shopify.com/s/files/1/0936/6713/1667/files/jo-milano-mi-amour-5652918.jpg
Jo Milano Paris Goal Brazil Eau de Parfum 3.4 oz / 100ml,Jo Milano Paris,128.75,Disponible,https://cdn.shopify.com/s/files/1/0936/6713/1667/files/s-l1600_78.webp
Jo Milano Paris Goal Colombia Eau de Parfum 3.4 oz / 100ml,Jo Milano Paris,128.75,Disponible,https://cdn.shopify.com/s/files/1/0936/6713/1667/files/s-l1600_82.webp
Jo Milano Paris Goal Portugal Eau de Parfum 3.4 oz / 100ml,Jo Milano Paris,128.75,Disponible,https://cdn.shopify.com/s/files/1/0936/6713/1667/files/s-l1600_80.webp
Jo Milano Paris Levante Intense Edp 100 ml Men35,Jo Milano Paris,144.5,Disponible,https://cdn.shopify.com/s/files/1/0936/6713/1667/files/jo-milano-paris-levante-intense-edp-100-ml-men35-2057797.jpg
Jorge di Profumo Aqua Eau de Parfum Spray 100ml (3.4 oz) by Maison Alhambra,Maison Alhambra,83.25,Disponible,https://cdn.shopify.com/s/files/1/0936/6713/1667/files/1_62884125-f234-4bb0-96e8-5030382ecc40.webp
Jorge di Profumo Maison Alhambra for Men,Maison Alhambra,83.25,Agotado,https://cdn.shopify.com/s/files/1/0936/6713/1667/files/375x500.92629.2x.avif
Joudah,,92,Disponible,https://cdn.shopify.com/s/files/1/0936/6713/1667/files/joudah-2701448.jpg
JOY EAU DE PARFUM 100ML,,127,Disponible,https://cdn.shopify.com/s/files/1/0936/6713/1667/files/IMG_5005.jpg
JUICY COUTURE Ladies Viva La Juicy 3pcs EDP Gift Set,,249.465,Disponible,https://cdn.shopify.com/s/files/1/0936/6713/1667/files/juicy-couture-ladies-viva-la-juicy-3pcs-edp-gift-set-fragrances-719346310055.jpg
Juman Male For Le Chameau,Le Chameau,92,Disponible,https://cdn.shopify.com/s/files/1/0936/6713/1667/files/juman-male-for-le-chameau-7860334_99185baa-a70a-4180-b8c8-eecce111fd19.jpg
just for love,,92,Disponible,https://cdn.shopify.com/s/files/1/0936/6713/1667/files/just-for-love-9977283.jpg
Kajal Unisex Almaz EDP Spray 3.38 oz,,568,Disponible,https://cdn.shopify.com/s/files/1/0936/6713/1667/files/kajal-unisex-almaz-edp-spray-338-oz-fragrances-3760310290252_3.jpg
Kajal Unisex III EDP 3.3 oz,,487.5,Disponible,https://cdn.shopify.com/s/files/1/0936/6713/1667/files/kajal-unisex-kajal-iii-edp-33-oz-fragrances-3760310291235_2.jpg
Kajal Aican eau de parfum,,512,Disponible,https://cdn.shopify.com/s/files/1/0936/6713/1667/files/73BFAB71-389A-409C-AF20-7D37E370F515.jpg
Kajal Dahab eau de parfum spray 3.4 oz Women,,512,Disponible,https://cdn.shopify.com/s/files/1/0936/6713/1667/files/FullSizeRender_9a185d53-39dc-4c8b-9868-a02b9f3268df.jpg
Kajal Ladies EDP Spray 3.38 oz,,421,Disponible,https://cdn.shopify.com/s/files/1/0936/6713/1667/files/1_0d6489c0-4b71-40d1-92aa-8574921406f6.webp
Kajal Lamar Noir extrait de parfum spray 3.4 oz,,529.5,Disponible,https://cdn.shopify.com/s/files/1/0936/6713/1667/files/EBC6D0F3-DDD8-4A53-9C58-C572D3083970.jpg
Kajal Masa eau de parfum spray 3.4 oz unisex,,512,Agotado,https://cdn.shopify.com/s/files/1/0936/6713/1667/files/84BDEA12-EDF2-4984-94CE-C6E4C4414F2B.jpg
KAMIL BLANC For Women by Emper,Emper,134,Disponible,https://cdn.shopify.com/s/files/1/0936/6713/1667/files/kamil-blanc-for-women-by-emper-7623636.jpg
Kamil Perfume Gentleman 100 ml by Emper,Emper,134,Disponible,https://cdn.shopify.com/s/files/1/0936/6713/1667/files/kamil-perfume-gentleman-100-ml-by-emper-4586877.jpg
Karam Al Arab,,86.75,Disponible,https://cdn.shopify.com/s/files/1/0936/6713/1667/files/karam-al-arab-3675655.jpg
KATY PERRY Purr / EDP Spray 3.4 oz,,111.25,Disponible,https://cdn.shopify.com/s/files/1/0936/6713/1667/files/IMG_7108.jpg
KATY PERRY ¡Miau! Edp Spray 3.4 oz,,110.2,Disponible,https://cdn.shopify.com/s/files/1/0936/6713/1667/files/katy-perry-miau-edp-spray-34-oz-1466075.jpg
KAY ALI Unisex Vanilla 28 EDP Spray 100 ml,,487.5,Disponible,https://cdn.shopify.com/s/files/1/0936/6713/1667/files/FullSizeRender_95ec5eb0-7541-44ad-8179-7ad3a1cd8687.jpg
KAYALI Musk Obsessions Mini Perfume Set,,386,Disponible,https://cdn.shopify.com/s/files/1/0936/6713/1667/files/s2909653-main-zoom_jpg.webp
KAYALI VACATION IN A BOTTLE Mini Perfume Set,,386,Disponible,https://cdn.shopify.com/s/files/1/0936/6713/1667/files/dea7d1473dcb01c0b561221bda0d25d8_jpg.avif
KAYALI VANILLA CANDY ROCK SUGAR 42 Eau de Parfum 50 ML,,382.5,Disponible,https://cdn.shopify.com/s/files/1/0936/6713/1667/files/s2752657-main-zoom_jpg.webp
Khadlaj Onyx Silver by Khadlaj,Khadlaj,146.25,Agotado,https://cdn.shopify.com/s/files/1/0936/6713/1667/files/IMG-8517.webp
KHADLAJ Unisex Hareem Al Sultan Antique Blue Perfume Oil 35 ML,Khadlaj,106,Disponible,https://cdn.shopify.com/s/files/1/0936/6713/1667/files/khadlaj-unisex-hareem-al-sultan-antique-blue-perfume-oil-118-oz-fragrances-6291107976488.jpg
Khadlaj Deodorant Body Spray for Unisex 6.8 oz / 200 ml - New,Khadlaj,57,Agotado,https://cdn.shopify.com/s/files/1/0936/6713/1667/files/m_697ba10d884d7600d8cdb9ac.jpg
KHADLAJ ISLAND DREAMS 100 ML EXTRAIT DE PARFUM,Khadlaj,137.5,Disponible,https://cdn.shopify.com/s/files/1/0936/6713/1667/files/Island_Dreams-2_jpg.webp
Khadlaj Island Gift Set for Unisex (3.4 EDP + 6.8 DEO + 0.34 EDP) - New,Khadlaj,146.25,Agotado,https://cdn.shopify.com/s/files/1/0936/6713/1667/files/s-l1600-22.png
Khadlaj Island Unisex Extrait De Parfum Spray - 3.4 oz,Khadlaj,137.5,Disponible,https://cdn.shopify.com/s/files/1/0936/6713/1667/files/khadlaj-island-unisex-extrait-de-parfum-spray-34-oz-1986268.jpg
KHADLAJ KHADLAJ CAFFE LATTE EXTRAIT DE PARFUM FOR EVERYONE,Khadlaj,137.5,Agotado,https://cdn.shopify.com/s/files/1/0936/6713/1667/files/02nmiccr7i_png.webp
KHADLAJ KHADLAJ CLOUD CANDY BODY SPRAY FOR EVERYONE,Khadlaj,57,Agotado,https://cdn.shopify.com/s/files/1/0936/6713/1667/files/01eh5rdxdh_png.webp
KHADLAJ KHADLAJ CLOUD CANDY EAU DE PARFUM FOR EVERYONE,Khadlaj,139.25,Agotado,https://cdn.shopify.com/s/files/1/0936/6713/1667/files/02cu04wity_png.webp
KHADLAJ KHADLAJ CLOUD CANDY GIFT SET FOR EVERYONE,Khadlaj,172.5,Agotado,https://cdn.shopify.com/s/files/1/0936/6713/1667/files/01psvajh4v_png.webp
KHADLAJ KHADLAJ CREAM VELVET EXTRAIT DE PARFUM FOR EVERYONE,Khadlaj,139.25,Agotado,https://cdn.shopify.com/s/files/1/0936/6713/1667/files/05elwz70lz_png.webp
KHADLAJ KHADLAJ EMPIRE VICTOR EAU DE PARFUM FOR EVERYONE,Khadlaj,137.5,Agotado,https://cdn.shopify.com/s/files/1/0936/6713/1667/files/02qvf4pu4b.png-2.webp
KHADLAJ KHADLAJ FURSAN WHITE EAU DE PARFUM FOR WOMEN,Khadlaj,127,Disponible,https://cdn.shopify.com/s/files/1/0936/6713/1667/files/04kqkta3m1_png.webp
KHADLAJ KHADLAJ HAREEM AL SULTAN GOLD EAU DE PARFUM FOR EVERYONE,Khadlaj,116.5,Disponible,https://cdn.shopify.com/s/files/1/0936/6713/1667/files/02eqqxgr9y_png.webp
Khadlaj Khadlaj Panache Angel Dust Extrait de Parfum for Women,Khadlaj,153.25,Agotado,https://cdn.shopify.com/s/files/1/0936/6713/1667/files/0199x8whm0.webp
KHADLAJ KHADLAJ SHIYAAKA SNOW EAU DE PARFUM FOR MEN,Khadlaj,153.25,Disponible,https://cdn.shopify.com/s/files/1/0936/6713/1667/files/02wbrbojgk_png.webp
Khadlaj La Fede Intoxicate Mystique Extrait de Parfum for Men,Khadlaj,140.125,Disponible,https://cdn.shopify.com/s/files/1/0936/6713/1667/files/02gz3deyhz.webp
Khair Confection Paris Corner for women 3.4 oz,Paris Corner,127,Agotado,https://cdn.shopify.com/s/files/1/0936/6713/1667/files/WhatsApp_Image_2025-07-12_at_12.34.32.jpg
KHAIR FUSION Paris Corner,Paris Corner,127,Disponible,https://cdn.shopify.com/s/files/1/0936/6713/1667/files/khair-fusion-paris-corner-8894387.jpg
KHAIR PISTACHIO Paris Corner,Paris Corner,127,Disponible,https://cdn.shopify.com/s/files/1/0936/6713/1667/files/khair-pistachio-paris-corner-5241402.jpg
KHAMRAH - 200 ml Perfume Spray (PAQ 12 PCS),Lattafa,137.325,Agotado,https://cdn.shopify.com/s/files/1/0936/6713/1667/files/b1fc338b-a0f0-4b26-aaad-6806882c3ba2_9a4ea986213cd0bacfced672aeb71636_png.webp
Khanjar Eau Parfum 2.87 oz,,183,Disponible,https://cdn.shopify.com/s/files/1/0936/6713/1667/files/khanjar-eau-parfum-34oz-7001993.jpg
KHATEER - EAU DE PARFUM,,81.5,Disponible,https://cdn.shopify.com/s/files/1/0936/6713/1667/files/khateer-eau-de-parfum-4494972.jpg
KHAYAL - EAU DE PARFUM,,81.5,Disponible,https://cdn.shopify.com/s/files/1/0936/6713/1667/files/khayal-eau-de-parfum-7686548.jpg
Khayal al Faris Eau de Parfum,,102.5,Disponible,https://cdn.shopify.com/s/files/1/0936/6713/1667/files/IMG_2402.jpg
KIAANA ANGEL BY Afnan,Afnan,155,Disponible,https://cdn.shopify.com/s/files/1/0936/6713/1667/files/kiaana-angel-by-afnan-1957730.jpg
KILIAN Fragancias unisex Angel's Share EDP 3.4 oz,Kilian,984.5,Agotado,https://cdn.shopify.com/s/files/1/0936/6713/1667/files/IMG_2005.jpg
KILIAN Fragancias unisex Angels' Share EDP Spray 1.7 oz,Kilian,722,Agotado,https://cdn.shopify.com/s/files/1/0936/6713/1667/files/IMG_2007.jpg
King Of EDP K By Fragrance World EDP Eau De Parfum 80 ML,Fragrance World,127,Disponible,https://cdn.shopify.com/s/files/1/0936/6713/1667/files/king-of-edp-k-by-fragrance-world-edp-eau-de-parfum-80-ml-3731392.jpg
King Of King Private Blend Chapter I,,198.75,Disponible,https://cdn.shopify.com/s/files/1/0936/6713/1667/files/king-of-kings-mens-take-the-throne-chapter-i-private-blend-parfum-34-oz-fragrances-7060988540984_3_1.jpg
King Of King Royal Amber,,188.25,Disponible,https://cdn.shopify.com/s/files/1/0936/6713/1667/files/FullSizeRender_04da150a-8d39-45f8-912a-484c61d4437c.jpg
King of King Prívate Blend Chapter II,,198.75,Agotado,https://cdn.shopify.com/s/files/1/0936/6713/1667/files/IMG_7226.jpg
King Of King Private Blend Parfum,,188.25,Disponible,https://cdn.shopify.com/s/files/1/0936/6713/1667/files/FullSizeRender_33aac5f2-6fde-4b41-91f5-3c12af9243c8.jpg
King Of King Royal Blue,,177.75,Disponible,https://cdn.shopify.com/s/files/1/0936/6713/1667/files/FullSizeRender_10b72a00-29e6-4f16-b3c0-2a30038070d4.jpg
King Of King Royal Crow,,177.75,Disponible,https://cdn.shopify.com/s/files/1/0936/6713/1667/files/FullSizeRender_f69f87c1-e102-4edd-88b4-9faa6e279404.jpg
King Of King Royal Noir,,177.75,Disponible,https://cdn.shopify.com/s/files/1/0936/6713/1667/files/61nV1EIOC8L._SX679.jpg
Kingsman Maison Alhambra for men,Maison Alhambra,90.25,Agotado,https://cdn.shopify.com/s/files/1/0936/6713/1667/files/descarga_9.webp
Kismet for Women EAU DE PARFUM 100 ML,,95.5,Disponible,https://cdn.shopify.com/s/files/1/0936/6713/1667/files/6z2i29sauwhmxnku161eisistpom.jpg
Kismet Magic Maison Alhambra for women and men (Discontinued!!),Maison Alhambra,92,Disponible,https://cdn.shopify.com/s/files/1/0936/6713/1667/files/m68017961061_1_jpg.avif
Kleon by Ainash Parfums 3.4oz,Ainash,179.5,Disponible,https://cdn.shopify.com/s/files/1/0936/6713/1667/files/kleon-by-ainash-parfums-34oz-2477424_0b688aa8-0dff-4466-a323-3be4447867ca.jpg
Knight 44 Eau Parfum 3.4oz,,109.5,Disponible,https://cdn.shopify.com/s/files/1/0936/6713/1667/files/knight-eau-parfum-34oz-6524620_74193f85-b6e6-4b27-8ce6-b339dc52ce76.jpg
Kunafa Risala track for women and men,,109.5,Disponible,https://cdn.shopify.com/s/files/1/0936/6713/1667/files/img_5317.jpg
L Immensite Bleu de Nuit Pour Homme Perfume 100 ml,,95.5,Disponible,https://cdn.shopify.com/s/files/1/0936/6713/1667/files/IMG_1340.jpg
L Immensite Classique Pour Homme Perfume 100 ml,,95.5,Agotado,https://cdn.shopify.com/s/files/1/0936/6713/1667/files/IMG_1343_c61b3820-e321-40ad-bd73-abb95b0c10c7.jpg
L Immensite Nuit de Noire Pour Homme Perfume 100 ml,,95.5,Disponible,https://cdn.shopify.com/s/files/1/0936/6713/1667/files/IMG_1341.jpg
L Immensite Wild Woody Pour Homme Perfume 100 ml,,95.5,Disponible,https://cdn.shopify.com/s/files/1/0936/6713/1667/files/IMG_1342.jpg
L'Aventure Al Haramain Perfumes for Men,Al Haramain,118.25,Disponible,https://cdn.shopify.com/s/files/1/0936/6713/1667/files/al-haramain-mens-laventure-edp-spray-33-oz-fragrances-6291100139668_2.jpg
L'Aventure Blanche EDP by Haramain - 100ML,Al Haramain,118.25,Disponible,https://cdn.shopify.com/s/files/1/0936/6713/1667/files/51xRIk3Q31L.webp
L'Aventure Intense Al Haramain Perfumes for Men,Al Haramain,118.25,Disponible,https://cdn.shopify.com/s/files/1/0936/6713/1667/files/al-haramain-mens-laventure-intense-edp-spray-34-oz-fragrances-6291100130597_2.jpg
L'Aventure Knight Al Haramain Perfumes for men,Al Haramain,118.25,Disponible,https://cdn.shopify.com/s/files/1/0936/6713/1667/files/11_e6c35923-95ec-47d6-9317-e9ef796fdcf7.webp
L'Interdit Eau de Parfum Intense Givenchy 80ML,Givenchy,424.5,Disponible,https://cdn.shopify.com/s/files/1/0936/6713/1667/files/3274872411692_P069172_L_INTERDIT-EDPI-80ML_4.avif
L'Interdit Eau de Parfum Rouge Givenchy for Women 80ML,Givenchy,442,Agotado,https://cdn.shopify.com/s/files/1/0936/6713/1667/files/givenchy-ladies-linterdit-rouge-eau-de-parfum-spray-26-oz-fragrances-3274872428058_2.jpg
La Collection D’antiquites 1910,,162,Disponible,https://cdn.shopify.com/s/files/1/0936/6713/1667/files/la-collection-dantiquites-1910-4436762_3bb503ba-0be2-4e09-b16a-789b4dfa6ffe.webp
La Diosa “Mamasota” by Ainash Parfums,Ainash,197,Disponible,https://cdn.shopify.com/s/files/1/0936/6713/1667/files/la-diosa-mamasota-by-ainash-parfums-1723867.jpg
La Rouge Baroque EDP Spray 100ML (3.4 OZ) By Maison Alhambra,Maison Alhambra,90.25,Disponible,https://cdn.shopify.com/s/files/1/0936/6713/1667/files/71RSUTnSUfL._SL1500.jpg
La Vie Est Belle Eau de Parfum 150 ML,,508.5,Agotado,https://cdn.shopify.com/s/files/1/0936/6713/1667/files/IMG_3153_39503ef2-8179-4fa2-90f3-9903572dd904.jpg
La Vie est Belle set 3 Pieces,,652,Disponible,https://cdn.shopify.com/s/files/1/0936/6713/1667/files/s-l1600-2026-05-24T093534.667.webp
La Vita Maison Alhambra for Women,Maison Alhambra,90.25,Disponible,https://cdn.shopify.com/s/files/1/0936/6713/1667/files/descarga_7.webp
La Vivacite EDP Perfume By Maison Alhambra,Maison Alhambra,88.5,Disponible,https://cdn.shopify.com/s/files/1/0936/6713/1667/files/la-vivacite-edp-perfume-by-maison-alhambra-8190969.jpg
LACOSTE L.12.12 Blanc / EDT Spray (white) 3.3 oz,,196.965,Disponible,https://cdn.shopify.com/s/files/1/0936/6713/1667/files/lacoste-l1212-blanc-lacoste-edt-spray-white-33-oz-m-737052413174_3.jpg
LACOSTE Ladies L.12.12 Eau de Toilette Rose Eau Fraiche EDT Spray 3.4 oz,,158.5,Disponible,https://cdn.shopify.com/s/files/1/0936/6713/1667/files/lacoste-ladies-l1212-eau-de-toilette-rose-eau-fraiche-edt-spray-34-oz-fragrances-3386460149242.jpg
Lacoste Blanc for Men by Lacoste EDT 5.9 oz,,225,Agotado,https://cdn.shopify.com/s/files/1/0936/6713/1667/files/shopping-64.jpg
LACOSTE L.12.12 Rose Intense 3.3 oz EDT for women,,158.5,Disponible,https://cdn.shopify.com/s/files/1/0936/6713/1667/files/lacoste-L1212-ROSE-INTENSE_1000x_webp.jpg
Lacoste Men's L.12.12. Blanc Eau Intense EDT Spray 3.4 oz,,196.965,Disponible,https://cdn.shopify.com/s/files/1/0936/6713/1667/files/lacoste-mens-l1212-blanc-eau-intense-edt-spray-34-oz-fragrances-3386460149150.jpg
LACOSTE Pour Homme / EDT Spray (grey) 3.3 oz,,207.5,Disponible,https://cdn.shopify.com/s/files/1/0936/6713/1667/files/lacoste-pour-homme-lacoste-edt-spray-grey-33-oz-m-737052892412.jpg
Ladies Supremacy Pink,Afnan,106,Disponible,https://cdn.shopify.com/s/files/1/0936/6713/1667/files/ladies-supremacy-pink-5455478.webp
Lady Presidente For Women,,74.5,Disponible,https://cdn.shopify.com/s/files/1/0936/6713/1667/files/lady-presidente-for-women-9353929.jpg
LADY PRESIDENTEPOUR FEMME,,95.5,Disponible,https://cdn.shopify.com/s/files/1/0936/6713/1667/files/lady-presidentepour-femme-1240228.jpg
Lady Roza Eau Parfum 3.4oz,,162,Disponible,https://cdn.shopify.com/s/files/1/0936/6713/1667/files/lady-roza-eau-parfum-34oz-2381974.webp
LAHAB by Stallion 53 Eau de parfum 3.4oz/100ml+20ml,,93.75,Disponible,https://cdn.shopify.com/s/files/1/0936/6713/1667/files/P0.jpg
LAILAT AL FARES NIGHT EFFECT,Al Fares,86.75,Disponible,https://cdn.shopify.com/s/files/1/0936/6713/1667/files/lailat-al-fares-night-effect-limited-edition-8291542.jpg
LAMAR Hidden Gem 100 ML,,92,Disponible,https://cdn.shopify.com/s/files/1/0936/6713/1667/files/hidden-gem-7199667.jpg
Lamar Kajal,,529.5,Disponible,https://cdn.shopify.com/s/files/1/0936/6713/1667/files/c06cf6b3-b124-4810-953d-7d905d1e1cbe.jpg
Lancome 4 Pcs Mini Set by Lancome for Women,Lancome,211,Disponible,https://cdn.shopify.com/s/files/1/0936/6713/1667/files/shopping-16.jpg
LANCÔME La Vie Est Belle / EDP Spray 3.4 oz (w) (100 ml,Lancome,386,Disponible,https://cdn.shopify.com/s/files/1/0936/6713/1667/files/IMG_7524.jpg
Lara by Eternal Eau Parfum For WOMEN,,92,Disponible,https://cdn.shopify.com/s/files/1/0936/6713/1667/files/lara-by-eternal-eau-parfum-for-women-9432015_45a149c9-6331-48fe-846c-a46de865fe99.jpg
Lattafa - Asdaaf Ameer Al Arab Eau de Parfum Spray for Men 3.4 oz (100 ml),Asdaaf,84.825,Agotado,https://cdn.shopify.com/s/files/1/0936/6713/1667/files/DCE05872-EDA7-45F3-84DF-FE3631A4E2A2_870x1131_1c8de932-5257-4c59-b131-463044dda2dd.webp
layla,,88.5,Disponible,https://cdn.shopify.com/s/files/1/0936/6713/1667/files/layla-3916914.webp
LAYTON EAU PARFUM 125 ml (DECODED),,914.5,Disponible,https://cdn.shopify.com/s/files/1/0936/6713/1667/files/layton-eau-parfum-125-mldisenador-8521962.jpg
"Le Beau Paradise Garden EDP for men, 4.2 oz",,442,Disponible,https://cdn.shopify.com/s/files/1/0936/6713/1667/files/jean-paul-gaultier-mens-le-beau-paradise-garden-edp-spray-25-oz-8435415091244.jpg
Le Chameau Clio Perfume For Men 90 ML EDT,Le Chameau,90.25,Disponible,https://cdn.shopify.com/s/files/1/0936/6713/1667/files/le-chameau-clio-perfume-for-men-90-ml-edt-8535616_a6a2fd9a-04d0-4c6d-8782-a18972c329ac.jpg
Le Chameau set 3 en 1 Desert Angel Eau de Parfum,Le Chameau,127,Disponible,https://cdn.shopify.com/s/files/1/0936/6713/1667/files/lechameaudesertangel_07575c47-c999-4f2a-8cec-b4b69175385a.webp
Le Falcone Shouq Eau De Parfum,,104.25,Disponible,https://cdn.shopify.com/s/files/1/0936/6713/1667/files/IMG_0484.jpg
Le Labo Unisex Santal 33 EDP Spray 3.4 oz,LE LABO,1282,Disponible,https://cdn.shopify.com/s/files/1/0936/6713/1667/files/IMG-7599.webp
Le Male Le Parfum Jean Paul Gaultier for Men ( 4.2 oz ),Jean Paul Gaultier,386,Disponible,https://cdn.shopify.com/s/files/1/0936/6713/1667/files/img_4914.jpg
Le Male Ultra Eau De Toilette Intense Spray 125 ml,,407,Disponible,https://cdn.shopify.com/s/files/1/0936/6713/1667/files/IMG_3899_26513a9c-08ed-4a7d-8a1c-53f0561eb884.jpg
Legacy Cleopatra Eau De Parfum Spray 100ml (3.4 Oz) By Hamidi,Hamidi,137.5,Disponible,https://cdn.shopify.com/s/files/1/0936/6713/1667/files/CLEOPATRA_png.webp
Legacy Nefertiti Eau de Parfum Spray 100ml (3.4 oz) by Hamidi,Hamidi,137.5,Disponible,https://cdn.shopify.com/s/files/1/0936/6713/1667/files/NEFERTITI_1.webp
Legend Divine For Men,Emper,109.5,Disponible,https://cdn.shopify.com/s/files/1/0936/6713/1667/files/legend-divine-for-men-3575380_a4a8a207-e75f-40a7-a285-a40789d42938.jpg
Legend Eau de Toilette,Emper,88.5,Agotado,https://cdn.shopify.com/s/files/1/0936/6713/1667/files/legend-eau-de-toilette-5513323.jpg
Legend Night Montblanc for men 3.3 oz,Montblanc,196.965,Disponible,https://cdn.shopify.com/s/files/1/0936/6713/1667/files/montblanc-legend-night-mont-blanc-edp-spray-33-oz-100-ml-m-3386460087940.jpg
Legend Pride For Men,Emper,109.5,Disponible,https://cdn.shopify.com/s/files/1/0936/6713/1667/files/legend-pride-for-men-7879924.jpg
Legend Red Montblanc for men 3.3 oz,Montblanc,162,Disponible,https://cdn.shopify.com/s/files/1/0936/6713/1667/files/dark-375x500.71652.2x.avif
Legend Spirit Montblanc EAU DE TOILETTE FOR MEN 3.3oz,Montblanc,186.5,Disponible,https://cdn.shopify.com/s/files/1/0936/6713/1667/files/IMG_0111.jpg
Legend Supreme For Men,Emper,109.5,Disponible,https://cdn.shopify.com/s/files/1/0936/6713/1667/files/legend-supreme-for-men-7582774_c1d3f09e-8c22-4d48-9b06-6bccbc4e2446.jpg
Leonie Intense Eau de Parfum 100 ml,,95.325,Disponible,https://cdn.shopify.com/s/files/1/0936/6713/1667/files/IMG_2487.jpg
Liberal EAU DE PARFUM 100 ML,,88.5,Disponible,https://cdn.shopify.com/s/files/1/0936/6713/1667/files/liberal-5381251_1722f7b5-e0e1-4730-9fbf-e84994fe8843.jpg
Libre Berry Crush by Yves Saint Laurent (PAQ 12UNITS X 1.2 0Z),Yves Saint Laurent,126.825,Disponible,https://cdn.shopify.com/s/files/1/0936/6713/1667/files/WhatsAppImage2026-04-12at11.45.23.jpg
Libre Berry Crush by Yves Saint Laurent 1.2 OZ,Yves Saint Laurent,51.75,Disponible,https://cdn.shopify.com/s/files/1/0936/6713/1667/files/P0_1_a6de9783-4b20-41eb-a5f8-1f99f7f0d019.jpg
Libre Eau de Parfum 10 ml,,116.5,Disponible,https://cdn.shopify.com/s/files/1/0936/6713/1667/files/IMG_5153.jpg
LIBRE L'EAU NUE PARFUM DE PEAU 50 ML,,477,Disponible,https://cdn.shopify.com/s/files/1/0936/6713/1667/files/libre-leau-nue-parfum-de-peau-50-ml-1677111.jpg
Life Code Emper Perfume Edp 100 ml,Emper,90.25,Disponible,https://cdn.shopify.com/s/files/1/0936/6713/1667/files/life-code-emper-perfume-edp-100-ml-3098526_26eca803-4862-4f10-871a-868eb5e104aa.jpg
Life Fortune,,86.75,Disponible,https://cdn.shopify.com/s/files/1/0936/6713/1667/files/LifeFortune.webp
Life Lazuli Emper Perfume Edp 100 ml,Emper,90.25,Disponible,https://cdn.shopify.com/s/files/1/0936/6713/1667/files/life-lazuli-emper-perfume-edp-100-ml-6185487_867dce9b-af5e-4630-bcb4-98b2347d4585.jpg
Life Mizan Eau Parfum,,83.25,Disponible,https://cdn.shopify.com/s/files/1/0936/6713/1667/files/life-mizan-eau-parfum-1703319_f983002c-0cb2-42f6-a6f0-3aa5d865f8f0.jpg
Life Spices Emper Perfume Edp 100 ml,Emper,90.25,Disponible,https://cdn.shopify.com/s/files/1/0936/6713/1667/files/life-spices-emper-perfume-edp-100-ml-1895958.jpg
Light Blue by Dolce And Gabbana for Men 4.0 oz,Dolce & Gabbana,249.465,Disponible,https://cdn.shopify.com/s/files/1/0936/6713/1667/files/shopping_2.webp
Light Blue Eau Intense Pour Homme Dolce & Gabbana for men,Dolce & Gabbana,249.5,Agotado,https://cdn.shopify.com/s/files/1/0936/6713/1667/files/s-l1600_7.webp
Lil Hub Faqat Only for Love,,90.25,Disponible,https://cdn.shopify.com/s/files/1/0936/6713/1667/files/lil-hub-faqat-only-for-love-9375048.jpg
LILY - EAU DE PARFUM 100ML,,144.5,Disponible,https://cdn.shopify.com/s/files/1/0936/6713/1667/files/lily-eau-de-parfum-100ml-7389135.jpg
Limitless Eau Parfum 3.4oz,,162,Disponible,https://cdn.shopify.com/s/files/1/0936/6713/1667/files/limitless-eau-parfum-34oz-7731342.webp
Liquid Brun Fragrance World,Fragrance World,146.25,Disponible,https://cdn.shopify.com/s/files/1/0936/6713/1667/files/liquid-brun-fragrance-world-7205407.jpg
Liquid Brun Limited Edition French Avenue for women and men,French Avenue,182.125,Disponible,https://cdn.shopify.com/s/files/1/0936/6713/1667/files/AB6CEA77-C47B-4AD5-9E86-F8B9883B69FB_1080x_301d9cb6-a5e3-48f8-9483-90e833030f46.jpg
LOLITA - EAU DE PARFUM 100ML,,144.5,Disponible,https://cdn.shopify.com/s/files/1/0936/6713/1667/files/lolita-eau-de-parfum-100ml-1819900.jpg
Lord Of Flames EDP Perfume By Emper Dragon Collection 3.0oz 90ml,Emper,102.5,Disponible,https://cdn.shopify.com/s/files/1/0936/6713/1667/files/shopping_24.webp
Lorenzo Pazzaglia Lorenzo Pazzaglia - Ficus In Fabula,Lorenzo Pazzaglia,547,Disponible,https://cdn.shopify.com/s/files/1/0936/6713/1667/files/Lorenzo_Pazzaglia_-_Ficus_In_Fabula.webp
LORENZO PAZZAGLIA Unisex Black Sea Extrait de Parfum Spray 1.7 oz Fragrances,Lorenzo Pazzaglia,592.5,Disponible,https://cdn.shopify.com/s/files/1/0936/6713/1667/files/lorenzo-pazzaglia-unisex-black-sea-extrait-de-parfum-spray-17-oz-fragrances-8050628980019.jpg
LORENZO PAZZAGLIA Unisex Sex Sea Extrait de Parfum Spray 1.7 oz,Lorenzo Pazzaglia,561,Disponible,https://cdn.shopify.com/s/files/1/0936/6713/1667/files/lorenzo-pazzaglia-unisex-sex-sea-extrait-de-parfum-spray-17-oz-fragrances-8050628980118.jpg
Lorenzo Pazzaglia Choco Raptor de Parfum for Everyone,Lorenzo Pazzaglia,617,Disponible,https://cdn.shopify.com/s/files/1/0936/6713/1667/files/choco-raptor-700x700.jpg
Lorenzo Pazzaglia Green Island de Parfum for Everyone,Lorenzo Pazzaglia,582,Disponible,https://cdn.shopify.com/s/files/1/0936/6713/1667/files/Green-island-profumo-lorenzo-pazzaglia-700x700.jpg
Lorenzo Pazzaglia Lorenzo Pazzaglia Artik Sea Extrait de Parfum for Everyone,Lorenzo Pazzaglia,613.5,Disponible,https://cdn.shopify.com/s/files/1/0936/6713/1667/files/040tlqw6iv.webp
Lorenzo Pazzaglia Lorenzo Pazzaglia Bloody Smoke Extrait de Parfum for Everyone,Lorenzo Pazzaglia,582,Disponible,https://cdn.shopify.com/s/files/1/0936/6713/1667/files/0296tgb0vh.webp
Lorenzo Pazzaglia Lorenzo Pazzaglia Carbonara Extrait de Parfum for Everyone,Lorenzo Pazzaglia,599.5,Disponible,https://cdn.shopify.com/s/files/1/0936/6713/1667/files/02bdwkrtpb_1.webp
Lorenzo Pazzaglia Lorenzo Pazzaglia Cherry Ink Extrait de Parfum for Everyone,Lorenzo Pazzaglia,599.5,Agotado,https://cdn.shopify.com/s/files/1/0936/6713/1667/files/02cl2dw0pl.webp
Lorenzo Pazzaglia Lorenzo Pazzaglia Coffeee Passion Extrait de Parfum for Everyone,Lorenzo Pazzaglia,627.5,Disponible,https://cdn.shopify.com/s/files/1/0936/6713/1667/files/02swykbxpi.webp
Lorenzo Pazzaglia Lorenzo Pazzaglia Evil Angel 28.09 Extrait de Parfum for Everyone,Lorenzo Pazzaglia,627.5,Disponible,https://cdn.shopify.com/s/files/1/0936/6713/1667/files/04bi1ccen9.webp
Lorenzo Pazzaglia Lorenzo Pazzaglia Extreme Passion Extrait de Parfum for Everyone,Lorenzo Pazzaglia,599.5,Agotado,https://cdn.shopify.com/s/files/1/0936/6713/1667/files/02if0ghjtj.webp
Lorenzo Pazzaglia Lorenzo Pazzaglia Incenso Notturn Extrait de Parfum for Everyone,Lorenzo Pazzaglia,662.5,Disponible,https://cdn.shopify.com/s/files/1/0936/6713/1667/files/02cgx8rjoj.webp
Lorenzo Pazzaglia Lorenzo Pazzaglia PINK MILK Extrait de Parfum for Everyone,Lorenzo Pazzaglia,617,Disponible,https://cdn.shopify.com/s/files/1/0936/6713/1667/files/pink-milk-700x700.jpg
Lorenzo Pazzaglia Lorenzo Pazzaglia Que Chimba Extrait de Parfum for Everyone,Lorenzo Pazzaglia,543.5,Disponible,https://cdn.shopify.com/s/files/1/0936/6713/1667/files/02cggvdljs.webp
Lorenzo Pazzaglia Lorenzo Pazzaglia Speachless Extrait de Parfum for Everyone,Lorenzo Pazzaglia,547,Agotado,https://cdn.shopify.com/s/files/1/0936/6713/1667/files/01lqp5qtbt.webp
Lorenzo Pazzaglia Lorenzo Pazzaglia Van Exstasyx Extrait de Parfum for Everyone,Lorenzo Pazzaglia,627.5,Disponible,https://cdn.shopify.com/s/files/1/0936/6713/1667/files/02mfndpte7.webp
Lorenzo Pazzaglia Summer Hammer Extrait De Parfum Spray 50ml,Lorenzo Pazzaglia,596,Disponible,https://cdn.shopify.com/s/files/1/0936/6713/1667/files/summer_hummer-50-700x700.webp
Lorenzo Pazzaglia Vesuviuur de Parfum for Everyone,Lorenzo Pazzaglia,582,Disponible,https://cdn.shopify.com/s/files/1/0936/6713/1667/files/vesubiuur-700x700.jpg
Lorenzo Plazzagia Van Py Rhum 50 ML,,585.5,Agotado,https://cdn.shopify.com/s/files/1/0936/6713/1667/files/van_rum_50-700x700.webp
Lorientale Fragrances Unisex Night De Paris Fiori EDP Spray 3.4 oz,,196.965,Disponible,https://cdn.shopify.com/s/files/1/0936/6713/1667/files/lorientale-fragrances-unisex-night-de-paris-fiori-edp-spray-34-oz-fragrances-6291104733862_2.jpg
Lorientale Fragrances Unisex Night De Paris Motion EDP Spray 3.4 oz,,196.965,Disponible,https://cdn.shopify.com/s/files/1/0936/6713/1667/files/lorientale-fragrances-unisex-night-de-paris-motion-edp-spray-34-oz-fragrances-6291104733657.jpg
Louis Vuitton Meteore Eau de Parfum Spray de muestra - 2ml/0.06oz,,104.25,Agotado,https://cdn.shopify.com/s/files/1/0936/6713/1667/files/IMG-7944.jpg
Lucky Candy Montale for women and men,Montale,337,Disponible,https://cdn.shopify.com/s/files/1/0936/6713/1667/files/375x500.87365.2x-2.avif
Lumiere by Ainash Parfum 3.4oz,Ainash,179.5,Disponible,https://cdn.shopify.com/s/files/1/0936/6713/1667/files/lumiere-by-ainash-parfum-34oz-4239979_f7d39e44-19e5-4ba4-a64a-11355e92fbe9.jpg
Lumiere Eau de Parfum,,127,Disponible,https://cdn.shopify.com/s/files/1/0936/6713/1667/files/lumiere-eau-de-parfum-7532023.jpg
Luminus Pour Femme EDP Spray 100ML (3.4OZ) By RUE BROCA,,90.25,Disponible,https://cdn.shopify.com/s/files/1/0936/6713/1667/files/TopNotes-Lavender_Orange_Blackcurrant.webp
Luna Anfar London,Anfar,144.5,Disponible,https://cdn.shopify.com/s/files/1/0936/6713/1667/files/luna-anfar-london-9363992.jpg
LUNA EAU DE PARFUM 100ML,,127,Disponible,https://cdn.shopify.com/s/files/1/0936/6713/1667/files/IMG_5006.jpg
Luxe 20ML (X 1 UNIT),,53.5,Disponible,https://cdn.shopify.com/s/files/1/0936/6713/1667/files/luxe-20ml-6609401.jpg
Luxe Blanc Eau Parfum,,109.5,Disponible,https://cdn.shopify.com/s/files/1/0936/6713/1667/files/IMG_2395.jpg
Luxe Bold Eau de Parfum,,109.5,Agotado,https://cdn.shopify.com/s/files/1/0936/6713/1667/files/IMG_2394.jpg
Luxe Chic Eau de Parfum,,109.5,Disponible,https://cdn.shopify.com/s/files/1/0936/6713/1667/files/IMG_2396.jpg
Luxe Nightlife Maison Alhambra for women and men,Maison Alhambra,109.5,Disponible,https://cdn.shopify.com/s/files/1/0936/6713/1667/files/FullSizeRender_94e312c4-ba80-4d4f-a620-ed9d600da715.jpg
Luxe Rouge,Emper,81.5,Agotado,https://cdn.shopify.com/s/files/1/0936/6713/1667/files/luxe-rouge-3653961.jpg
Luxe Rush Paris Hilton,,102.5,Agotado,https://cdn.shopify.com/s/files/1/0936/6713/1667/files/luxe-rush-paris-hilton-3357153_5c5564d0-13a4-4d08-bb9e-eef50f6e8922.jpg
Luxe Verde,Emper,81.5,Agotado,https://cdn.shopify.com/s/files/1/0936/6713/1667/files/luxe-verde-8426330.jpg
LV - California Dream EDP Sample 2ml,,109.325,Disponible,https://cdn.shopify.com/s/files/1/0936/6713/1667/files/s-l1600-96.jpg
LV Ambre Levant Eau De Parfum 2ml Sample,,102.5,Disponible,https://cdn.shopify.com/s/files/1/0936/6713/1667/files/s-l1600-2026-05-06T172459.355.webp
LV Attrape-Rêves EDP Sample Spray 2ml,,108.625,Disponible,https://cdn.shopify.com/s/files/1/0936/6713/1667/files/s-l1600_99.webp
LV California Dream,,1492,Agotado,https://cdn.shopify.com/s/files/1/0936/6713/1667/files/louis-vuitton-california-dream--LP0175_PM2_Frontview_png.avif
LV CITY OF STARS EDP SAMPLE SPRAY 2ML,,107.75,Disponible,https://cdn.shopify.com/s/files/1/0936/6713/1667/files/s-l1600-2026-04-30T201759.583.webp
LV Cosmic Cloud Spray 100 ml,,2507,Agotado,https://cdn.shopify.com/s/files/1/0936/6713/1667/files/louis-vuitton-cosmic-cloud--LP0251_PM1_Sideview_png.avif
LV Dancing Blossom Spray 100 ml,,2507,Agotado,https://cdn.shopify.com/s/files/1/0936/6713/1667/files/louis-vuitton-dancing-blossom--LP0247_PM1_Side_view_png.avif
LV Fantasmagory EAU DE PARFUM,,2507,Agotado,https://cdn.shopify.com/s/files/1/0936/6713/1667/files/louis-vuitton-fantasmagory---LP0429_PM1_Interior_view.png-2.avif
LV Fleur du Désert Eau De Parfum Sample 2ml/0.06oz,,105.825,Disponible,https://cdn.shopify.com/s/files/1/0936/6713/1667/files/s-l1600-95.jpg
LV Imagination,,1492,Disponible,https://cdn.shopify.com/s/files/1/0936/6713/1667/files/louis-vuitton-imagination--LP0219_PM2_Frontview_png.avif
LV Imagination (6.8 OZ) 200 ML,,2087,Agotado,https://cdn.shopify.com/s/files/1/0936/6713/1667/files/louis-vuitton-imagination--LP0221_PM2_Frontview_png.avif
LV L'Immensité,,1492,Disponible,https://cdn.shopify.com/s/files/1/0936/6713/1667/files/louis-vuitton-l-immensite--LP0052_PM2_Front_view_png.avif
LV L'Immensité (6.7 OZ) 200 ML,,2087,Agotado,https://cdn.shopify.com/s/files/1/0936/6713/1667/files/louis-vuitton-l-immensite--LP0062_PM2_Frontview_png.avif
LV Les Sables Roses Eau De Perfume Spray TRAVEL size 2ml,,102.5,Disponible,https://cdn.shopify.com/s/files/1/0936/6713/1667/files/s-l1600.webp
LV L’Immensite 2ML Official Sample,,98.825,Disponible,https://cdn.shopify.com/s/files/1/0936/6713/1667/files/s-l1600-92.jpg
LV MATIERE NOIRE 2.0ml .06fl oz,,95.5,Disponible,https://cdn.shopify.com/s/files/1/0936/6713/1667/files/IMG-7946.jpg
LV METEORE Eau De Parfum Perfume Sample Spray - 2ml/0.06oz,,104.25,Disponible,https://cdn.shopify.com/s/files/1/0936/6713/1667/files/s-l1600-2026-05-06T172705.207.webp
LV NEW Attrape-Rêves,,1492,Agotado,https://cdn.shopify.com/s/files/1/0936/6713/1667/files/louis-vuitton-attrape-reves--LP0462_PM2_Frontview_png.avif
LV NEW eLVes Louis Vuitton,,1492,Agotado,https://cdn.shopify.com/s/files/1/0936/6713/1667/files/louis-vuitton-elves-louis-vuitton--LP0463_PM2_Frontview_png.avif
LV NEW Imagination,,1492,Agotado,https://cdn.shopify.com/s/files/1/0936/6713/1667/files/louis-vuitton-imagination--LP0464_PM2_Frontview_png.avif
LV Nouveau Monde Eau de Parfum 2ml,,99,Disponible,https://cdn.shopify.com/s/files/1/0936/6713/1667/files/m24561742276_1_jpg.avif
LV Ombre Nomade (6.8 OZ) 200 ML,,2563,Disponible,https://cdn.shopify.com/s/files/1/0936/6713/1667/files/louis-vuitton-ombre-nomade--LP0096_PM2_Frontview_png.avif
LV Ombre Nomade 100 ml,,1859.5,Agotado,https://cdn.shopify.com/s/files/1/0936/6713/1667/files/louis-vuitton-ombre-nomade--LP0095_PM2_Front_view_png.avif
LV Ombre Nomade Eau De Parfum Sample 2ml 0.06oz,,102.5,Agotado,https://cdn.shopify.com/s/files/1/0936/6713/1667/files/s-l1600-101.jpg
LV ORAGE Eau De Parfum 2ml/0.06oz Sample,,106,Disponible,https://cdn.shopify.com/s/files/1/0936/6713/1667/files/IMG-7947.jpg
LV Pacific Chill,,1492,Disponible,https://cdn.shopify.com/s/files/1/0936/6713/1667/files/louis-vuitton-pacific-chill---LP0326_PM2_Frontview_png.avif
LV Pacific Chill De Parfum Sample Spray - 2ml/0.06oz,,109.5,Disponible,https://cdn.shopify.com/s/files/1/0936/6713/1667/files/s-l1600_2.webp
LV Rhapsody Spray 100 ml,,2507,Agotado,https://cdn.shopify.com/s/files/1/0936/6713/1667/files/louis-vuitton-rhapsody--LP0245_PM1_Sideview_png.avif
LV Stellar Times,,2507,Agotado,https://cdn.shopify.com/s/files/1/0936/6713/1667/files/louis-vuitton-stellar-times--LP0242_PM1_Sideview_png.avif
LV Sun Song EDP Sample Spray 2ml,,107.75,Disponible,https://cdn.shopify.com/s/files/1/0936/6713/1667/files/s-l1600_-_2026-04-30T201518.294.webp
LV Symphony 100 ML,,2507,Disponible,https://cdn.shopify.com/s/files/1/0936/6713/1667/files/louis-vuitton-symphony--LP0249_PM2_Frontview_png.avif
LV Symphony Extrait De Parfum BY Sample Spray 2ml,,107.75,Disponible,https://cdn.shopify.com/s/files/1/0936/6713/1667/files/s-l1600_98.webp
Lynked Forever Afnan for women,Afnan,157.625,Disponible,https://cdn.shopify.com/s/files/1/0936/6713/1667/files/s-l1600_16.webp
L’Explicite The House of Oud for women and men,,599.465,Disponible,https://cdn.shopify.com/s/files/1/0936/6713/1667/files/dark-375x500.103062.2x.avif
L’Infinitè by Ainash Parfums 3.4oz,Ainash,179.5,Disponible,https://cdn.shopify.com/s/files/1/0936/6713/1667/files/linfinite-by-ainash-parfums-34oz-2888011.jpg
Ma Belle Anfar London,Anfar,144.5,Agotado,https://cdn.shopify.com/s/files/1/0936/6713/1667/files/ma-belle-anfar-london-2425059.jpg
Macarena King Of King Royal Gold M EDP 3.4oz,,174.25,Disponible,https://cdn.shopify.com/s/files/1/0936/6713/1667/files/Screenshot2024-12-03160541.webp
Macarena Summer Swim U EDP 3.4 oz,,83.25,Disponible,https://cdn.shopify.com/s/files/1/0936/6713/1667/files/SummerSwim.webp
Macho Man Sport For Men,,81.5,Disponible,https://cdn.shopify.com/s/files/1/0936/6713/1667/files/macho-man-sport-for-men-1907496.jpg
Madam Moiselle,,83.25,Disponible,https://cdn.shopify.com/s/files/1/0936/6713/1667/files/madam-moiselle-6677575.jpg
MADIHA ETERNAL BY ADYAN,Adyan,121.75,Disponible,https://cdn.shopify.com/s/files/1/0936/6713/1667/files/madiha-eternal-by-adyan-2158972_df6c47f8-4c40-451e-bbcc-84a37f095605.jpg
MADIHA MUSK BY ADYAN,Adyan,121.75,Disponible,https://cdn.shopify.com/s/files/1/0936/6713/1667/files/madiha-musk-by-adyan-7784097_ea639a68-e357-46ed-ac6f-194a83fdf9d7.jpg
Magic Moment Ángel 20 Ml 👼 (PAQ 24 UNITS),,291.5,Disponible,https://cdn.shopify.com/s/files/1/0936/6713/1667/files/magic-moment-angel-20-ml-1303029.jpg
Magic Moment Ángel 20 Ml 👼 (X 1 UNITS),,53.5,Disponible,https://cdn.shopify.com/s/files/1/0936/6713/1667/files/magic-moment-angel-20-ml-1303029.jpg
Magic Moment Angel 85 ML,,127,Agotado,https://cdn.shopify.com/s/files/1/0936/6713/1667/files/magic-moment-angel-85-ml-4624114.jpg
Magic Moment Desert 20Ml,,53.5,Agotado,https://cdn.shopify.com/s/files/1/0936/6713/1667/files/magic-moment-desert-20ml-2719009.jpg
Magic Moment Dream 20 ml (PAQ 24 UNITS),,291.5,Disponible,https://cdn.shopify.com/s/files/1/0936/6713/1667/files/magic-moment-dream-20-ml-9710852.jpg
Magic Moment Dream 20 ml (X 1 UNIT),,53.5,Disponible,https://cdn.shopify.com/s/files/1/0936/6713/1667/files/magic-moment-dream-20-ml-9710852.jpg
Magic Moment Dream 85 ML,,127,Agotado,https://cdn.shopify.com/s/files/1/0936/6713/1667/files/magic-moment-dream-85-ml-1826709_dd6751bc-4913-45c8-a12d-3b12b074c7e3.jpg
Magic Moment Fanoos 20 ML (X 1 UNIT),,53.5,Disponible,https://cdn.shopify.com/s/files/1/0936/6713/1667/files/IMG-5644.jpg
Magic Moment Fantasy 20Ml (PAQ 24 UNITS),,291.5,Disponible,https://cdn.shopify.com/s/files/1/0936/6713/1667/files/magic-moment-fantasy-20ml-5499334_e6fa0bc7-23b8-4096-b2be-98f726296fb0.jpg
Magic Night,,109.5,Disponible,https://cdn.shopify.com/s/files/1/0936/6713/1667/files/magic-night-9970229.webp
Magic Night 20Ml (PAQ 24 UNITS),,291.5,Disponible,https://cdn.shopify.com/s/files/1/0936/6713/1667/files/magic-night-20ml-2764509_02b7a510-f735-4b0e-afc2-9926a5c2852d.jpg
Magic Night 20Ml (X 1 UNIT),,53.5,Disponible,https://cdn.shopify.com/s/files/1/0936/6713/1667/files/magic-night-20ml-2764509_02b7a510-f735-4b0e-afc2-9926a5c2852d.jpg
Magical Moment Fanoos,,144.5,Disponible,https://cdn.shopify.com/s/files/1/0936/6713/1667/files/magical-moment-fanoos-4701111.jpg
Mahib,,88.5,Disponible,https://cdn.shopify.com/s/files/1/0936/6713/1667/files/mahib-4638194_0b5e5e1c-b837-427a-95e9-d56f80987d5a.jpg
MAISON ALHAMBRA Ladies All Over Spray Como Moiselle 5.07 oz,Maison Alhambra,81.5,Agotado,https://cdn.shopify.com/s/files/1/0936/6713/1667/files/maison-alhambra-ladies-all-over-spray-como-moiselle-507-oz-fragrances-6290360597003.jpg
MAISON ALHAMBRA Ladies Delilah Body Spray 5.07 oz,Maison Alhambra,81.5,Agotado,https://cdn.shopify.com/s/files/1/0936/6713/1667/files/maison-alhambra-ladies-delilah-body-spray-507-oz-fragrances-6290360597010.jpg
MAISON ALHAMBRA Men's Salvo Body Spray 5.07 oz,Maison Alhambra,81.5,Disponible,https://cdn.shopify.com/s/files/1/0936/6713/1667/files/maison-alhambra-mens-salvo-body-spray-507-oz-fragrances-6290360597072.jpg
Maison Alhambra Montaigne Coco by Maison Alhambra,Maison Alhambra,90.25,Agotado,https://cdn.shopify.com/s/files/1/0936/6713/1667/files/DE4CD8DE-F2DB-46FE-AFBD-13A729A12C5F.webp
MAISON ALHAMBRA Unisex All Over Spray La Rouge Baroque 5.07 oz,Maison Alhambra,81.5,Disponible,https://cdn.shopify.com/s/files/1/0936/6713/1667/files/maison-alhambra-unisex-all-over-spray-la-rouge-baroque-507-oz-fragrances-6290362344285.jpg
MAISON ALHAMBRA Unisex Leonie 5.07 oz,Maison Alhambra,81.5,Agotado,https://cdn.shopify.com/s/files/1/0936/6713/1667/files/maison-alhambra-unisex-all-over-spray-leonie-507-oz-fragrances-6290362344292.jpg
MAISON ALHAMBRA Unisex Maitre De Blue 5.07 oz,Maison Alhambra,81.5,Disponible,https://cdn.shopify.com/s/files/1/0936/6713/1667/files/maison-alhambra-unisex-maitre-de-blue-507-oz-fragrances-6290362344261_5.jpg
MAISON ALHAMBRA Unisex Philos Centro EDP Spray 3.4 oz,Maison Alhambra,88.5,Disponible,https://cdn.shopify.com/s/files/1/0936/6713/1667/files/maison-alhambra-unisex-philos-pura-edp-spray-34-oz-fragrances-6291107459349.jpg
Maison Alhambra All Over Spray La Vivacite 150ML 5.07FL.OZ,Maison Alhambra,81.5,Agotado,https://cdn.shopify.com/s/files/1/0936/6713/1667/files/Untitleddesign-2025-10-23T142310_643_png.webp
MAISON ALHAMBRA B.A.D HOMME EDP 100ml / 3.4,Maison Alhambra,92,Disponible,https://cdn.shopify.com/s/files/1/0936/6713/1667/files/s-l400-2.jpg
Maison Alhambra Baroque Rouge Extreme EDP Spray 3.4 oz for Women,Maison Alhambra,90.25,Disponible,https://cdn.shopify.com/s/files/1/0936/6713/1667/files/lrlux-com-perfumes-default-title-maison-alhambra-la-rouge-baroque-extreme-eau-de-parfum-spray-3-4-ounce-29164627296395_2000x_png.webp
Maison Alhambra Eclat de Lune,Maison Alhambra,102.5,Agotado,https://cdn.shopify.com/s/files/1/0936/6713/1667/files/maison-alhambra-eclat-de-lune-9577549_ed3ee586-edff-4cd0-a8bc-fb588d10e8cd.jpg
Maison Alhambra Jean Lowe Verde Aura Eau de Parfum 100 ml,Maison Alhambra,122.625,Disponible,https://cdn.shopify.com/s/files/1/0936/6713/1667/files/Maison_Alhambra_Jean_Lowe_Aura_Eau_de_Parfum_100_ml.webp
Maison Alhambra Ladies Sugar Me Candy Floss EDP Spray 3.4 oz,Maison Alhambra,116.325,Disponible,https://cdn.shopify.com/s/files/1/0936/6713/1667/files/maison-alhambra-ladies-sugar-me-candy-floss-edp-spray-34-oz-fragrances-6290362349150.jpg
Maison Alhambra Ladies Sugar Me Carrot Cake EDP Spray 3.4 oz,Maison Alhambra,116.325,Disponible,https://cdn.shopify.com/s/files/1/0936/6713/1667/files/maison-alhambra-ladies-sugar-me-carrot-cake-edp-spray-34-oz-fragrances-6290362349136.jpg
Maison Alhambra Ladies Sugar Me Creme Brulee EDP Spray 3.4 oz,Maison Alhambra,116.325,Disponible,https://cdn.shopify.com/s/files/1/0936/6713/1667/files/maison-alhambra-ladies-sugar-me-creme-brulee-edp-spray-34-oz-fragrances-6290362349167.jpg
Maison Alhambra Ladies Sugar Me Dulce De Leche EDP Spray 3.4 oz,Maison Alhambra,116.325,Disponible,https://cdn.shopify.com/s/files/1/0936/6713/1667/files/maison-alhambra-ladies-sugar-me-dulce-de-leche-edp-spray-34-oz-fragrances-6290362349181.jpg
Maison Alhambra Ladies Sugar Me Marshmallow Dream EDP Spray 3.4 oz,Maison Alhambra,116.325,Disponible,https://cdn.shopify.com/s/files/1/0936/6713/1667/files/maison-alhambra-ladies-sugar-me-marshmallow-dream-edp-spray-34-oz-fragrances-6290362349143.jpg
Maison Alhambra Maison Alhambra La Voie Eau de Parfum for Women,Maison Alhambra,97.25,Disponible,https://cdn.shopify.com/s/files/1/0936/6713/1667/files/01xljqzs9z.webp
Maison Alhambra Men's Encode Blue EDP Spray 3.4 oz,Maison Alhambra,90.25,Disponible,https://cdn.shopify.com/s/files/1/0936/6713/1667/files/maison-alhambra-mens-encode-blue-edp-spray-34-oz-fragrances-6291108735923.jpg
Maison Alhambra Men's Versencia Rouge EDP 3.4 oz,Maison Alhambra,95.5,Agotado,https://cdn.shopify.com/s/files/1/0936/6713/1667/files/maison-alhambra-mens-versencia-rouge-edp-34-oz-fragrances-6291108730294.jpg
Maison Alhambra Mia Dolcezza Eau de Parfum - Verde 3.4 oz,Maison Alhambra,93.75,Disponible,https://cdn.shopify.com/s/files/1/0936/6713/1667/files/descarga_4.jpg
Maison Alhambra Philos Pura Eau Mistical All Over Spray,Maison Alhambra,71,Agotado,https://cdn.shopify.com/s/files/1/0936/6713/1667/files/Maison-Alhambra-Philos-Pura-Eau-Mistical-All-Over-Spray-5.07oz-6290360597065-1000x1000-1-1.webp
Maison Alhambra Tobacco Touch Edp 80ml (DESCONTINUED) Para Unisex,Maison Alhambra,97.25,Disponible,https://cdn.shopify.com/s/files/1/0936/6713/1667/files/maison-alhambra-tobacco-touch-edp-80ml-para-unisex-5139358.jpg
Maison Alhambra Unisex Signatures No II EDP Spray 1.7 oz,Maison Alhambra,90.25,Disponible,https://cdn.shopify.com/s/files/1/0936/6713/1667/files/maison-alhambra-unisex-signatures-no-ii-edp-spray-17-oz-fragrances-6291108734186.jpg
Maison Alhambra Unisex Your Touch Leather EDP 3.4 oz,Maison Alhambra,83.25,Disponible,https://cdn.shopify.com/s/files/1/0936/6713/1667/files/s-l1600_90.webp
Maison Alhambra Your Touch 100 ML,Maison Alhambra,86.75,Disponible,https://cdn.shopify.com/s/files/1/0936/6713/1667/files/FullSizeRender_4347df9b-2b4e-42ee-acea-e37838a4dcd1.jpg
Maison Alhambra Your Touch Amber Eau De Parfum,Maison Alhambra,83.25,Agotado,https://cdn.shopify.com/s/files/1/0936/6713/1667/files/61P8zPCe2LL._SX466.jpg
Maison Alhambra Your Touch Santal Eau De Parfum,Maison Alhambra,83.25,Agotado,https://cdn.shopify.com/s/files/1/0936/6713/1667/files/Screenshot_2025-10-08_125115.webp
Maison Asrar coffee blend,,132.25,Disponible,https://cdn.shopify.com/s/files/1/0936/6713/1667/files/IMG_2390.jpg
Maison Asrar MILKY WAY,,132.25,Disponible,https://cdn.shopify.com/s/files/1/0936/6713/1667/files/MilkyWay_WhiteBackground_2.1.2.webp
MAISON CRIVELLI Unisex Hibiscus Mahajad Extrait de Parfum 100 ML,,1649.5,Disponible,https://cdn.shopify.com/s/files/1/0936/6713/1667/files/shopping-12.jpg
MAISON CRIVELLI Unisex Oud Maracuja Extrait de Parfum Spray 3.38 oz,,1649.5,Agotado,https://cdn.shopify.com/s/files/1/0936/6713/1667/files/maison-crivelli-unisex-oud-maracuja-extrait-de-parfum-spray-338-oz-fragrances-3760394880240.jpg
MAISON CRIVELLI Unisex Oud Stallion Extrait de Parfum Spray 3.4 oz,,1579.5,Disponible,https://cdn.shopify.com/s/files/1/0936/6713/1667/files/942222_jpg.webp
Majestic Aura Adyan by Anfar for women,Anfar,151.5,Disponible,https://cdn.shopify.com/s/files/1/0936/6713/1667/files/FullSizeRender_205c52d1-d0bc-4b86-99aa-2e1281baa25d.jpg
Majestic Pastels of Arabia (EXTRAIT DE PARFUM),,109.5,Agotado,https://cdn.shopify.com/s/files/1/0936/6713/1667/files/majestic-pastels-of-arabia-extrait-de-parfum-7089281_a47cb777-6dd4-4c78-8710-ddfc5174ee06.jpg
Malik al Arab Eau de Parfum,,90.25,Disponible,https://cdn.shopify.com/s/files/1/0936/6713/1667/files/malik-al-arab-eau-de-parfum-7988302.jpg
Malika For Unisex,,81.5,Disponible,https://cdn.shopify.com/s/files/1/0936/6713/1667/files/malika-for-unisex-3502108.jpg
Mallow Madness 75 ML,,137.465,Disponible,https://cdn.shopify.com/s/files/1/0936/6713/1667/files/WhatsAppImage2025-09-01at00.08.54_9.jpg
Mamozin Unisex Pet Aroma Mango Pet Parfum 4 oz,,72.75,Disponible,https://cdn.shopify.com/s/files/1/0936/6713/1667/files/mamozin-unisex-pet-aroma-mango-pet-parfum-4-oz-fragrances-4820274204685.jpg
Manaal Paris Corner 100 ml,Paris Corner,90.25,Disponible,https://cdn.shopify.com/s/files/1/0936/6713/1667/files/manaal-paris-corner-100-ml-1292312.jpg
Mancera Cedrat Boise 4.0 oz EDP,Mancera,351,Disponible,https://cdn.shopify.com/s/files/1/0936/6713/1667/files/IMG_0743.jpg
Mancera Mancera Jardin Exclusif Eau de parfum,Mancera,337,Disponible,https://cdn.shopify.com/s/files/1/0936/6713/1667/files/Untitleddesign_11_6d68d293-32b2-4896-9cce-ecb06310c7fb.webp
MANCERA Unisex Aoud Blue Notes EDP Spray 4.0 oz,Mancera,302,Agotado,https://cdn.shopify.com/s/files/1/0936/6713/1667/files/mancera-unisex-aoud-blue-notes-edp-spray-4-oz-fragrances-3760265190089_1.jpg
MANCERA Unisex Aoud Lemon Mint EDP Spray 4 oz (120 ml),Mancera,302,Agotado,https://cdn.shopify.com/s/files/1/0936/6713/1667/files/mancera-unisex-aoud-lemon-mint-edp-spray-4-oz-120-ml-3760265190164_3.jpg
MANCERA Unisex Jasmin Exclusif EDP 4.0 oz,Mancera,337,Agotado,https://cdn.shopify.com/s/files/1/0936/6713/1667/files/mancera-unisex-jasmin-exclusif-edp-40-oz-fragrances-3760265194179.jpg
Mancera Coco Vanille 4.0 oz EDP Unisex,Mancera,351,Disponible,https://cdn.shopify.com/s/files/1/0936/6713/1667/files/IMG_0742.jpg
MANCERA Fragancias unisex Amore Caffe EDP Spray 4.0 oz,Mancera,372,Disponible,https://cdn.shopify.com/s/files/1/0936/6713/1667/files/IMG_2013.jpg
Mancera French Riviera for women and men,Mancera,442,Disponible,https://cdn.shopify.com/s/files/1/0936/6713/1667/files/IMG_0730.jpg
Mancera Instant Crush / Paris EDP Spray 4.0 oz (120 ml) (U,Mancera,351,Disponible,https://cdn.shopify.com/s/files/1/0936/6713/1667/files/IMG_0739_f1421c90-240f-4668-a6d9-3eb45876cd86.jpg
Mancera Red Tobacco for women and men,Mancera,372,Agotado,https://cdn.shopify.com/s/files/1/0936/6713/1667/files/IMG_0735.jpg
Mancera Roses Greedy Eau De Parfum Spray (Unisex) By Mancera - 4 oz,Mancera,337,Disponible,https://cdn.shopify.com/s/files/1/0936/6713/1667/files/MRG4OZW_749x749_8fbf398c-0207-4a36-8b1d-c69f2a45ec88.webp
Mancera Tonka Cola for Men and Women,Mancera,337,Disponible,https://cdn.shopify.com/s/files/1/0936/6713/1667/files/IMG_0105.jpg
Mancera Unisex Cosmic Pepper EDP Spray 4.0 oz,Mancera,351,Disponible,https://cdn.shopify.com/s/files/1/0936/6713/1667/files/mancera-unisex-cosmic-pepper-edp-spray-40-oz-fragrances-3760265194452_1.jpg
Mandora Stallion 53 3.4 oz for men,,97.25,Agotado,https://cdn.shopify.com/s/files/1/0936/6713/1667/files/MANDORA-STALLION53_1000x_webp.jpg
MangoFIZZ by Stallion 53 Eau de parfum 3.4oz/100ml+20ml,,93.75,Disponible,https://cdn.shopify.com/s/files/1/0936/6713/1667/files/s-l1600_51.webp
Marc Jacobs Daisy Ladies Mini Fragrance Coffret,Marc Jacobs,211,Disponible,https://cdn.shopify.com/s/files/1/0936/6713/1667/files/FullSizeRender_a4ba4c98-4f3d-4481-8fa7-4ac0ff9b2c17.jpg
Marshmallow Blush 50ml,,130.5,Agotado,https://cdn.shopify.com/s/files/1/0936/6713/1667/files/marshmallow_50ml_perfume_jpg.webp
Marshmallow Blush Paris Corner for women and men,Paris Corner,179.465,Disponible,https://cdn.shopify.com/s/files/1/0936/6713/1667/files/Screenshot2025-10-15172848_png.webp
MARVEL Iron Man 3.4 EDT Spray,,81.5,Disponible,https://cdn.shopify.com/s/files/1/0936/6713/1667/files/marvel-iron-man-34-edt-spray-8411114086231.jpg
MARVEL Men's Spiderman EDT 3.4 oz Kids,,70.65,Disponible,https://cdn.shopify.com/s/files/1/0936/6713/1667/files/spidts25.jpg
Marwa Ahlam By Emper,Emper,88.5,Disponible,https://cdn.shopify.com/s/files/1/0936/6713/1667/files/marwa-ahlam-by-emper-9460107.jpg
Marwa Asrar Eau Parfum For Women by Emper,Emper,88.5,Disponible,https://cdn.shopify.com/s/files/1/0936/6713/1667/files/marwa-asrar-eau-parfum-for-women-by-emper-8425463_6efc9b0f-3460-4d49-b538-837e4075ef32.jpg
Marwa Eau Parfum For Women by Emper,Emper,88.5,Disponible,https://cdn.shopify.com/s/files/1/0936/6713/1667/files/marwa-eau-parfum-for-women-by-emper-8891765_17de14a5-a1f6-471d-a517-6d7d7309bb7f.jpg
Marwa Hadia by Emper,Emper,88.5,Disponible,https://cdn.shopify.com/s/files/1/0936/6713/1667/files/marwa-hadia-by-emper-7416105.jpg
Marwa Laila By Emper,Emper,88.5,Disponible,https://cdn.shopify.com/s/files/1/0936/6713/1667/files/marwa-laila-by-emper-9658534.jpg
Mashael,,95.5,Disponible,https://cdn.shopify.com/s/files/1/0936/6713/1667/files/mashael-5875941_3d15c8d4-03eb-4a44-9573-7da06699fc38.jpg
Mast Perfume By Bharara Georgeus W EDP 3.4oz,Bharara,135.75,Disponible,https://cdn.shopify.com/s/files/1/0936/6713/1667/files/GeneratedwithKive.ai-Putboxonleftsideandperfume.webp
Mast Perfume By Bharara Rome Paradox for Women EDP 3.4oz,Bharara,121.75,Disponible,https://cdn.shopify.com/s/files/1/0936/6713/1667/files/GeneratedwithKive.ai-Putboxonleftsideandperfumeandremoveminisample_3.webp
Mast Perfume Elixir by Bharara,Bharara,111.25,Disponible,https://cdn.shopify.com/s/files/1/0936/6713/1667/files/GeneratedwithKive.ai-Putboxonleftsideandperfume_1_e6863676-da4b-491c-8aaf-bccba7edeb01.webp
Mast Perfume Ladies Rome Ivory Pour Femme EDP Spray 3.4 oz,MAST PERFUME,121.75,Disponible,https://cdn.shopify.com/s/files/1/0936/6713/1667/files/mast-perfume-ladies-rome-ivory-pour-femme-edp-spray-34-oz-fragrances-810200670213.jpg
Mast Perfume Rome Extradose By Bharara M EDP 3.4oz,Bharara,128.75,Disponible,https://cdn.shopify.com/s/files/1/0936/6713/1667/files/GeneratedwithKive.ai-Putboxonleftsideandperfume_7_754fe498-cd59-4d3c-8fad-c3ac96b97ae1.webp
Mast Perfume Rome Extradose Pour Femme 5pc Set,MAST PERFUME,153.25,Disponible,https://cdn.shopify.com/s/files/1/0936/6713/1667/files/RomeExtradoseFemme5pcGiftset.webp
Mast Perfume Rome Extradose Pour Homme 5pc Set,MAST PERFUME,156.75,Disponible,https://cdn.shopify.com/s/files/1/0936/6713/1667/files/RomeExtradoseHomme5pcGiftset.webp
Mast Perfume Rome Fantasmagory 3.4 Eau De Parfum,MAST PERFUME,128.75,Disponible,https://cdn.shopify.com/s/files/1/0936/6713/1667/files/GeneratedwithKive.ai-centertheboxandperfumebottle.IwanttheboxfacingforwardbehindtheperfumebottleIdontwanttoseethesidesoftheboxatall.webp
Mast Perfume Rome Melancholia pour Homme EDP 3.4oz,MAST PERFUME,128.75,Disponible,https://cdn.shopify.com/s/files/1/0936/6713/1667/files/WhatsAppImage2026-05-07at12.29.37.webp
Mast Perfume Rome Yum Yum GiftSet 2pcs Set 3.4 EDP,Bharara,129.625,Disponible,https://cdn.shopify.com/s/files/1/0936/6713/1667/files/m76579389086_1_jpg.avif
Mast Perfume Stronger Together 3.4 EDP,Bharara,109.325,Disponible,https://cdn.shopify.com/s/files/1/0936/6713/1667/files/geminiwatermarksremover.com_cleaned_gemini_generated_image_iodqktiodqktiodq_b2881cff-34ef-4d86-a958-cb0eacfde798.webp
Mast Perfume Stronger Together Intensely EDP,Bharara,109.325,Disponible,https://cdn.shopify.com/s/files/1/0936/6713/1667/files/geminiwatermarksremover.com_cleaned_gemini_generated_image_awatcmawatcmawat.webp
Mastermind Red 100ml EDP 100 ML,,95.5,Disponible,https://cdn.shopify.com/s/files/1/0936/6713/1667/files/image_e4b4c76c-0fe5-402b-a5f9-cd6ef52e3142.webp
Matin Martin El Dorado Perfum Unisex EDP 100 ML 3.4oz,,162,Disponible,https://cdn.shopify.com/s/files/1/0936/6713/1667/files/s-l1600-2026-06-16T084114.738.webp
Mayar Cherry Intense Perfume Mist Eau De Parfum 250ML,,79.75,Disponible,https://cdn.shopify.com/s/files/1/0936/6713/1667/files/1_cac5e7c8-97a4-4214-8f78-aa2aa5fe4bcd_png.webp
Mazaaj Infused Zimaya for men,Zimaya,125.25,Disponible,https://cdn.shopify.com/s/files/1/0936/6713/1667/files/375x500.97103.2x.avif
Mazaaj Rhythm Zimaya for women and men,Zimaya,125.25,Disponible,https://cdn.shopify.com/s/files/1/0936/6713/1667/files/375x500.117355.2x.avif
MEDAD FOR WOMEN BY ADYAN,Adyan,130.5,Disponible,https://cdn.shopify.com/s/files/1/0936/6713/1667/files/medad-for-women-by-adyan-4801716_e7d5acd4-aab8-4bd4-a508-85ab8d961b3f.jpg
Megamarine EDP 100ml/3.4 oz by Macarena,,83.25,Disponible,https://cdn.shopify.com/s/files/1/0936/6713/1667/files/s-l1600_54.webp
Melina 20 ML (PAQ x 24 ML),,291.5,Disponible,https://cdn.shopify.com/s/files/1/0936/6713/1667/files/IMG-5649.jpg
Melina 20 ML (X 1 UNIT ),,53.5,Disponible,https://cdn.shopify.com/s/files/1/0936/6713/1667/files/IMG-5649.jpg
Melina Arina,,88.5,Agotado,https://cdn.shopify.com/s/files/1/0936/6713/1667/files/melina-arina-9747127.jpg
Melina Castle,,90.25,Disponible,https://cdn.shopify.com/s/files/1/0936/6713/1667/files/melina-castle-3020008_479678b6-7c61-4e39-943c-f9c883550c4e.jpg
Melina for women,,92,Agotado,https://cdn.shopify.com/s/files/1/0936/6713/1667/files/melina-for-women-1468718.jpg
Melodie de Orientica Premium,ORIENTICA,144.5,Disponible,https://cdn.shopify.com/s/files/1/0936/6713/1667/files/melodie-de-orientica-premium-8585100.jpg
Men's GUCCI Guilty Elixir de Parfum pour Homme Guilty Elixir de Parfum Extrait de Parfum Spray 2.0 oz,Gucci,424.5,Disponible,https://cdn.shopify.com/s/files/1/0936/6713/1667/files/IMG_4262_0bc8104a-15cb-4d02-a6bd-97319d3a7dd8.jpg
Men's Scandal Absolu Parfum 3.4 oz (DECODED),,438.5,Disponible,https://cdn.shopify.com/s/files/1/0936/6713/1667/files/jean-paul-gaultier-mens-scandal-absolu-parfum-17-oz-fragrances-8435415080378.jpg
Men's The Most Wanted Azzaro Parfum Spray 3.3oz Fragrances,Azzaro,302,Disponible,https://cdn.shopify.com/s/files/1/0936/6713/1667/files/IMG_0315.jpg
Merakai Passion Eau De Parfum for Men 3.4 oz,,267,Disponible,https://cdn.shopify.com/s/files/1/0936/6713/1667/files/merakai-passion-eau-de-parfum-for-men-34-oz-8037237.jpg
Meringue French Avenue for women,French Avenue,153.25,Disponible,https://cdn.shopify.com/s/files/1/0936/6713/1667/files/meringue-french-avenue-for-women-9864875.jpg
Metropolis 9 th Avenue New York,,92,Agotado,https://cdn.shopify.com/s/files/1/0936/6713/1667/files/metropolis-9-th-avenue-new-york-1423687.jpg
Metropolis Gold,,90.25,Disponible,https://cdn.shopify.com/s/files/1/0936/6713/1667/files/metropolis-gold-1425817.jpg
Metropolis Green Valley Village Eau de Parfum – 100ML/3.4 Fl.Oz,,90.25,Disponible,https://cdn.shopify.com/s/files/1/0936/6713/1667/files/metropolis-green-valley-village-eau-de-parfum-100ml34-floz-8724218.jpg
Metropolis Masterpiece by Emper,Emper,90.25,Disponible,https://cdn.shopify.com/s/files/1/0936/6713/1667/files/metropolis-masterpiece-4595188_87898eb8-143a-4853-badf-d4504bf48a53.jpg
Metropolis Night Party 3.4 oz EDP,,90.25,Disponible,https://cdn.shopify.com/s/files/1/0936/6713/1667/files/metropolis-night-party-34-oz-edp-9381827.jpg
Metropolis Rock Street,,90.25,Disponible,https://cdn.shopify.com/s/files/1/0936/6713/1667/files/metropolis-rock-street-5724665_3e7794e9-703f-4552-bf60-5e8b76510a2e.jpg
Mia Dolcezza Eau de Parfum Spray 100ml (3.4 oz) by Maison Alhambra,Maison Alhambra,93.75,Agotado,https://cdn.shopify.com/s/files/1/0936/6713/1667/files/1_c33c47c0-e019-4fb7-b1fe-0d516498e0ce.webp
Midnight Bloom Adyan by Anfar for women,Anfar,151.5,Disponible,https://cdn.shopify.com/s/files/1/0936/6713/1667/files/FullSizeRender_4d2a192b-4d90-47dc-92c9-c060e9a8fc8b.jpg
Midnight Noir Eau Parfum,,85,Disponible,https://cdn.shopify.com/s/files/1/0936/6713/1667/files/midnight-noir-eau-parfum-5387485.jpg
MILESTONE Florio Floral 90ML EDP,Milestone,86.75,Disponible,https://cdn.shopify.com/s/files/1/0936/6713/1667/files/c9eae7c69329729a8700d4d7cfe9a64945af36c9035dc1420fda0f14d5cb2d15.webp
MILESTONE Gift Set 2 IN 1 Miss Miami PACK,Milestone,71,Agotado,https://cdn.shopify.com/s/files/1/0936/6713/1667/files/miss-miami-2in1-giftset_jpg.webp
Milestone Men's Stranger EDP Spray 3.4 oz,Milestone,92,Disponible,https://cdn.shopify.com/s/files/1/0936/6713/1667/files/emper-mens-milestone-stranger-edp-spray-34-oz-fragrances-6291108529911.jpg
MILESTONE MIZAN FIRDOUS Eau De Parfum 100ml (UNISEX),Milestone,83.25,Disponible,https://cdn.shopify.com/s/files/1/0936/6713/1667/files/FullSizeRender_b41aba00-9583-4b47-a71c-3e291379de6f.jpg
MILESTONE Paradise Wild 100ML (Unisex),Milestone,86.75,Disponible,https://cdn.shopify.com/s/files/1/0936/6713/1667/files/paradisewildofficial.webp
Milestone Unisex Cerise Rouge EDP Spray 3.4 oz,Milestone,83.25,Disponible,https://cdn.shopify.com/s/files/1/0936/6713/1667/files/milestone-unisex-cerise-rouge-edp-spray-34-oz-fragrances-6291108524114.jpg
Milestone Unisex Opera EDP Spray 3.4 oz,Milestone,93.75,Disponible,https://cdn.shopify.com/s/files/1/0936/6713/1667/files/shopping_10.webp
Million Euro,,81.5,Disponible,https://cdn.shopify.com/s/files/1/0936/6713/1667/files/million-euro-3964164_72a1c5a4-6bd4-414a-9ef9-24c88eaa5505.jpg
Million Gold For Her Eau de Parfum 100 ml,,442,Disponible,https://cdn.shopify.com/s/files/1/0936/6713/1667/files/IMG_8235.jpg
Milton-Lloyd Men's Perfumers Choice Victor N9 EDP Spray 2.8 oz,,116.5,Disponible,https://cdn.shopify.com/s/files/1/0936/6713/1667/files/71faWtX8VDL._AC_UF1000_1000_QL80.jpg
Mini 7.5 ml Twilly D’Hermes(diseñador),Hermes,85,Disponible,https://cdn.shopify.com/s/files/1/0936/6713/1667/files/mini-75-ml-twilly-dhermesdisenador-8804549.jpg
Mini Coach 5 ml(diseñador),Coach,214.5,Disponible,https://cdn.shopify.com/s/files/1/0936/6713/1667/files/mini-coach-5-mldisenador-8361462.jpg
Mini Versace Eros For Women 5ml(diseñador),Versace,74.5,Disponible,https://cdn.shopify.com/s/files/1/0936/6713/1667/files/mini-versace-eros-for-women-eau-de-parfum-5mldisenador-9115409.jpg
Minnie Mouse KIDS Eau de Toilette 100 ml 3.4 fl. oz For Girl by Disney,,70.65,Disponible,https://cdn.shopify.com/s/files/1/0936/6713/1667/files/Minnie-Mouse-Eau-de-Toilette-100-ml-3.4-For-Girl-by-Disney-09736.jpg
Miracle Dubai Al Haramain Perfumes for women and men,Al Haramain,177.75,Agotado,https://cdn.shopify.com/s/files/1/0936/6713/1667/files/Photoroom_20250808_182530.jpg
Miral,,162,Disponible,https://cdn.shopify.com/s/files/1/0936/6713/1667/files/miral-2412236.webp
Mirsaal Love Letter Le Falconé Perfumes for women and men,,109.465,Disponible,https://cdn.shopify.com/s/files/1/0936/6713/1667/files/616TfSU3SeL._SX679.jpg
Mirsaal Passion Le Falconé Perfumes for women and men,,109.465,Disponible,https://cdn.shopify.com/s/files/1/0936/6713/1667/files/31a-mE9TRoL.jpg
MIRSAAL VALENTINE EDP - 100ML (3.4oz) BY LE FALCONE NICHE,,109.465,Disponible,https://cdn.shopify.com/s/files/1/0936/6713/1667/files/B27F3A06-E2E0-4358-B853-C583AE27121A_jpg.webp
"MISS DIOR MISS DIOR de Christian Dior, EAU DE PARFUM SPRAY VIAL 1 ML 0.03OZ",Dior,58.75,Disponible,https://cdn.shopify.com/s/files/1/0936/6713/1667/files/604d8023-a933-44cd-b482-16acf8557dc2_4a916f6a300cf4ea43288de9d6cf2ac5_jpeg.webp
Miss Miami Eau Parfum by Emper,Emper,93.75,Disponible,https://cdn.shopify.com/s/files/1/0936/6713/1667/files/miss-miami-eau-parfum-by-emper-4576428_74f56cf0-79e3-4983-843b-543790611395.jpg
Moda Is my Idole 3.4 oz,,83.25,Disponible,https://cdn.shopify.com/s/files/1/0936/6713/1667/files/moda-is-my-idole-34-oz-4667704.jpg
Monarch Gold Intense Oud EDP by Milestone Perfumes. 3.4 fl oz 100 ml. For Men,Milestone,102.5,Disponible,https://cdn.shopify.com/s/files/1/0936/6713/1667/files/s-l1600-76.jpg
Montale Ladies Roses Musk EDP Spray 3.3 oz,Montale,277.5,Disponible,https://cdn.shopify.com/s/files/1/0936/6713/1667/files/montale-ladies-roses-musk-edp-spray-33-oz-fragrances-3760260450003.jpg
Montale Diamond Greedy Eau de Parfum for Women,Montale,317.75,Disponible,https://cdn.shopify.com/s/files/1/0936/6713/1667/files/montale-ladies-diamond-greedy-edp-spray-34-oz-fragrances-3760260455640_2.jpg
Montale Intense Cafe Eau de Parfum 100 ml,Montale,291.5,Disponible,https://cdn.shopify.com/s/files/1/0936/6713/1667/files/Photoroom_20250914_181346.jpg
Montale Montale Diamond Rose Eau de Parfum for Women,Montale,319.465,Agotado,https://cdn.shopify.com/s/files/1/0936/6713/1667/files/02sb2nwfn3.webp
Montale Pretty Fruity Eau De Parfum Spray (Unisex) By Montale - 3.4 oz,Montale,337,Disponible,https://cdn.shopify.com/s/files/1/0936/6713/1667/files/MONPPF33W_749x749_8ca8ed35-3602-4721-8fdd-6c8b4f26cf61.webp
Montale Starry Nights Eau de Parfum 100 ml,Montale,301.965,Agotado,https://cdn.shopify.com/s/files/1/0936/6713/1667/files/IMG_9493.jpg
Montale Unisex Diamond Flowers EDP Spray 3.4 oz,Montale,353.625,Disponible,https://cdn.shopify.com/s/files/1/0936/6713/1667/files/montale-unisex-diamond-flowers-edp-spray-34-oz-fragrances-3760260455664_1.jpg
MONTBLANC Men's Explorer EDP Spray 3.3 oz Fragrances,Montblanc,221.5,Disponible,https://cdn.shopify.com/s/files/1/0936/6713/1667/files/explorer-mont-blanc-edp-spray-33-oz-100-ml-m-124069_3.jpg
Montblanc Men's Explorer Ultra Blue EDP Spray 3.4 oz,Montblanc,158.5,Disponible,https://cdn.shopify.com/s/files/1/0936/6713/1667/files/montblanc-mens-explorer-ultra-blue-edp-body-spray-34-oz-fragrances-3386460121514.jpg
MONTBLANC Men's Explorer Ultra Blue EDP Spray 6.7 oz,Montblanc,246,Agotado,https://cdn.shopify.com/s/files/1/0936/6713/1667/files/montblanc-mens-explorer-ultra-blue-edp-spray-67-oz-fragrances-3386460124195.jpg
MONTBLANC EXPLORER PLATINIUM EAU PARFUM 100ML,Montblanc,179.465,Agotado,https://cdn.shopify.com/s/files/1/0936/6713/1667/files/WhatsAppImage2025-06-11at16.26.07_11.jpg
Montblanc Legend Mont Blanc EDT Spray 3.3 oz 100 ml,Montblanc,183,Disponible,https://cdn.shopify.com/s/files/1/0936/6713/1667/files/montblanc-legend-mont-blanc-edt-spray-33-oz-100-ml-m-3386460032681.jpg
Montblanc Men's Legend Blue EDP Spray 3.3 oz,Montblanc,211,Disponible,https://cdn.shopify.com/s/files/1/0936/6713/1667/files/montblanc-mens-legend-blue-edp-spray-33-oz-fragrances-3386460144230.jpg
Montblanc Men's Legend EDP 3.4 oz,Montblanc,188.25,Agotado,https://cdn.shopify.com/s/files/1/0936/6713/1667/files/montblanc-mens-legend-edp-body-spray-34-oz-fragrances-3386460118125_2.jpg
Montera instant Love 3.4oz,Fragrance World,88.5,Disponible,https://cdn.shopify.com/s/files/1/0936/6713/1667/files/montera-instant-love-34oz-8855066.jpg
MONTERA ROUGE TOBACCO Eau Parfum 3.4,,92,Agotado,https://cdn.shopify.com/s/files/1/0936/6713/1667/files/montera-rouge-tobacco-eau-parfum-34-3752235_7dc480b4-2d8b-4ac3-854d-feeb54d3a2f7.jpg
Moonlight Eau De Parfum Spray For Women By Ariana Grande- 3.38 oz (100 ml),,155,Disponible,https://cdn.shopify.com/s/files/1/0936/6713/1667/files/JTV-1CJNWA-1-medium.jpg
Morning Dive by Stallion 53 Eau de parfum 3.4oz/100ml+20ml,,93.75,Disponible,https://cdn.shopify.com/s/files/1/0936/6713/1667/files/s-l1600_52.webp
MOSCHINO Ladies Mini Set Gift Set Fragrances,Moschino,214.5,Disponible,https://cdn.shopify.com/s/files/1/0936/6713/1667/files/WhatsAppImage2025-06-11at18.36.35_2.jpg
Moschino Ladies Toy 2 Bubble Gum EDT 3.4 oz,Moschino,193.465,Disponible,https://cdn.shopify.com/s/files/1/0936/6713/1667/files/moschino-ladies-toy-2-bubble-gum-edt-spray-34-oz-fragrances-8011003864089_2.jpg
Moschino Toy 2 for Women EDP 3.4 oz,Moschino,203.965,Agotado,https://cdn.shopify.com/s/files/1/0936/6713/1667/files/51BJQAdw8oL._SL1000_1024x1024_f01330f0-c2e2-4116-b0a7-c9b75728f736.webp
Moschino TOY 2 Pearl 100 ml,Moschino,228.5,Disponible,https://cdn.shopify.com/s/files/1/0936/6713/1667/files/IMG_8353.jpg
"MOSCHINO Toy Boy EDP para hombre en spray, 100 ml (3,4 oz",Moschino,181.25,Agotado,https://cdn.shopify.com/s/files/1/0936/6713/1667/files/IMG_5262.jpg
Mouj Gardens 3.4oz,,92,Disponible,https://cdn.shopify.com/s/files/1/0936/6713/1667/files/mouj-gardens-34oz-2183181.jpg
Mouj Iceage 3.4oz,,92,Disponible,https://cdn.shopify.com/s/files/1/0936/6713/1667/files/mouj-iceage-34oz-3676707_1a1196de-128b-4ca4-af85-16a46efb9da8.jpg
Mouj Red Rocks 3.4oz,,92,Disponible,https://cdn.shopify.com/s/files/1/0936/6713/1667/files/mouj-red-rocks-34oz-3733871.jpg
MUGLER Alien by Mugler for Women 90 ML,Mugler,277.5,Agotado,https://cdn.shopify.com/s/files/1/0936/6713/1667/files/IMG-7105_f78f64c5-4759-49fa-a3e7-c35d4a28bf1b.webp
Mugler Angel Men by Mugler,Mugler,242.5,Agotado,https://cdn.shopify.com/s/files/1/0936/6713/1667/files/IMG-6288.webp
MUGLER Angel Nova by Mugler for woman 3.3 OZ,Mugler,382.5,Disponible,https://cdn.shopify.com/s/files/1/0936/6713/1667/files/descarga_21.webp
Mugler Alien For Women Eau De Parfum 1.2ml Vials,Mugler,58.75,Disponible,https://cdn.shopify.com/s/files/1/0936/6713/1667/files/mugler_alien_for_women_eau_de_parfum_1.2ml_vials.jpg
MUSAMAM 100ML EDP,,123.5,Disponible,https://cdn.shopify.com/s/files/1/0936/6713/1667/files/musamam-100ml-edp-9192742_5a0d27ce-f8b6-4d48-bcbd-5e295aa32a53.jpg
MUSC MANGO FOR WOMEN BY ADYAN,Adyan,116.5,Disponible,https://cdn.shopify.com/s/files/1/0936/6713/1667/files/musc-mango-for-women-by-adyan-1007186.jpg
Musk Abiyedh for Women,,90.25,Disponible,https://cdn.shopify.com/s/files/1/0936/6713/1667/files/musk-abiyeth-for-women-4198565.jpg
Musk Al Ahmar Eau Parfum 3.4oz,,95.5,Disponible,https://cdn.shopify.com/s/files/1/0936/6713/1667/files/musk-al-ahmar-eau-parfum-34oz-8634090.jpg
Musk Al Banafsaji Eau Parfum 3.4oz,,95.5,Disponible,https://cdn.shopify.com/s/files/1/0936/6713/1667/files/musk-al-banafsaji-eau-parfum-34oz-3072406.jpg
MUSK AL FARES MUSK EFFECT,Al Fares,86.75,Disponible,https://cdn.shopify.com/s/files/1/0936/6713/1667/files/musk-al-fares-musk-effect-limited-edition-9463989.jpg
"Musk Essential EDP - 100 ml (3,4 oz)",,81.5,Disponible,https://cdn.shopify.com/s/files/1/0936/6713/1667/files/musk-essential-edp-100-ml-34-oz-7056055.jpg
MY CHERRY EAU PARFUM by Adyan 3.4oz,Adyan,109.5,Disponible,https://cdn.shopify.com/s/files/1/0936/6713/1667/files/my-cherry-eau-parfum-by-adyan-34oz-3287847.jpg
My Collection Divas 3.4oz,,284.5,Disponible,https://cdn.shopify.com/s/files/1/0936/6713/1667/files/my-collection-divas-34oz-8104629.jpg
My Way / Parfum Spray 0.04 oz (1.2 ml),,58.75,Disponible,https://cdn.shopify.com/s/files/1/0936/6713/1667/files/my-way-giorgio-armani-parfum-spray-004-oz-12-ml-w-3614273844628.jpg
My Way Eau De Parfum 3PCS By Giorgio Armani,Armani,512,Disponible,https://cdn.shopify.com/s/files/1/0936/6713/1667/files/My_Way_Eau_de_Parfum_3PCS_by_Giorgio_Armani_avif.webp
My Yara Collection 25ml 4pcs Gift Set,Lattafa,153.25,Disponible,https://cdn.shopify.com/s/files/1/0936/6713/1667/files/my-yara-collection-25ml-4pcs-gift-set-5915189.jpg
Mystic Melody Adyan by Anfar for women,Anfar,151.5,Disponible,https://cdn.shopify.com/s/files/1/0936/6713/1667/files/FullSizeRender_10f4d04e-f85b-4ed8-9975-c4cdf473e375.jpg
Mystique Bouquet Eau de Parfum 2.7 oz,,144.465,Disponible,https://cdn.shopify.com/s/files/1/0936/6713/1667/files/mystique-bouquet-eau-de-parfum-27-oz-8582566_bc559a4f-9bf9-473d-960c-4a72085ee60a.jpg
Nada Blumingle Eau De Parfum Spray 100ml (3.4 oz) By Paris Corner,Paris Corner,153.25,Disponible,https://cdn.shopify.com/s/files/1/0936/6713/1667/files/xt1k0ekbnhgocq9w58tu.webp
Nada Whimsical Eau De Parfum Spray 100ml (3.4 oz) By Paris Corner,Paris Corner,153.25,Disponible,https://cdn.shopify.com/s/files/1/0936/6713/1667/files/fzhkbabmwdct0q1ir8ud.webp
Nada Wink Eau De Parfum Spray 100ml (3.4 oz) By Paris Corner,Paris Corner,153.25,Disponible,https://cdn.shopify.com/s/files/1/0936/6713/1667/files/upukwg15xpmc0q055zt0.webp
Namoos 3.4oz,,92,Disponible,https://cdn.shopify.com/s/files/1/0936/6713/1667/files/namoos-34oz-9186639.jpg
Nancy Mizan Eau Parfum,,83.25,Disponible,https://cdn.shopify.com/s/files/1/0936/6713/1667/files/nancy-mizan-eau-parfum-1922221_c0180cc8-27d3-4bfc-8d6c-97482a4b373d.jpg
Narcisa For Her Amber 3.4oz,,88.5,Disponible,https://cdn.shopify.com/s/files/1/0936/6713/1667/files/narcisa-for-her-amber-34oz-2550291.jpg
Narcisa For Her Amour 3.4oz,,88.5,Disponible,https://cdn.shopify.com/s/files/1/0936/6713/1667/files/narcisa-for-her-amour-34oz-3985499.jpg
Narcisa For her Passion 3.4oz,,88.5,Disponible,https://cdn.shopify.com/s/files/1/0936/6713/1667/files/narcisa-for-her-passion-34oz-1694846.jpg
Narciso Rodriguez by EDP Spray 3.3 oz,Narciso Rodriguez,268.75,Disponible,https://cdn.shopify.com/s/files/1/0936/6713/1667/files/narciso-rodriguez-by-narciso-rodriguez-edp-spray-33-oz-w-3423470890129_2.jpg
Narciso Rodriguez Mini Set Gift Set,Narciso Rodriguez,214.5,Disponible,https://cdn.shopify.com/s/files/1/0936/6713/1667/files/narciso-rodriguez-mini-set-gift-set-fragrances-3423222124649.jpg
Narciso Rodriguez Musc Noir Her Eau De Parfum 100ML,Narciso Rodriguez,267,Agotado,https://cdn.shopify.com/s/files/1/0936/6713/1667/files/3423222012700_1-1100x1100h_jpg.webp
NAUTICA Men's Voyage Heritage EDT Spray 3.4 oz,Nautica,102.5,Disponible,https://cdn.shopify.com/s/files/1/0936/6713/1667/files/shopping-38.jpg
NÁUTICA Blue/ EDT Spray 3.4 oz (100 ml),,92,Disponible,https://cdn.shopify.com/s/files/1/0936/6713/1667/files/IMG_1660.jpg
NÁUTICA Clásico de EDT Spray 3.4 oz,,92,Disponible,https://cdn.shopify.com/s/files/1/0936/6713/1667/files/IMG_1654.jpg
NAUTICA Pure BLUE EDT 100ML,Nautica,102.5,Disponible,https://cdn.shopify.com/s/files/1/0936/6713/1667/files/IMG_1655.jpg
NÁUTICA VOYAGE / EDT Spray 3.4 oz,,104.25,Disponible,https://cdn.shopify.com/s/files/1/0936/6713/1667/files/IMG_1658.jpg
Nautica Voyage N83 Men EDT Spray,Nautica,104.25,Disponible,https://cdn.shopify.com/s/files/1/0936/6713/1667/files/I0030559largest_jpg.webp
NÁUTICA Voyage Sport / EDT Spray 3.4 oz (100 ml,,102.5,Agotado,https://cdn.shopify.com/s/files/1/0936/6713/1667/files/IMG_1663_3d6f88e9-f6c8-4abe-9713-8a6ea0922149.jpg
Nebras 3.4oz,,115.625,Agotado,https://cdn.shopify.com/s/files/1/0936/6713/1667/files/nebras-34oz-9147390.webp
Nebras Elixir 100 ML,,140.825,Disponible,https://cdn.shopify.com/s/files/1/0936/6713/1667/files/WhatsApp_Image_2025-10-14_at_10.40.40.jpg
NEBULA EXTREME PARFUM 3.4 OZ EDP by King of Kings,,207.5,Disponible,https://cdn.shopify.com/s/files/1/0936/6713/1667/files/NEW_PRESENTATION_17_2048x_80632d38-6725-4abf-bd8e-6f0df08f9435.webp
NECTARE Extradose French Avenue for women and men,French Avenue,161.825,Disponible,https://cdn.shopify.com/s/files/1/0936/6713/1667/files/FullSizeRender_f2a1fda2-f5a3-4c19-b8e3-37c36f20a02a.jpg
Nesaa Paris eau de Parfum,,79.75,Disponible,https://cdn.shopify.com/s/files/1/0936/6713/1667/files/nesaa-paris-eau-de-parfum-8576095.jpg
"NEW 2025 Jimmy Choo I Want Choo With Love Eau de Parfum, 3.3 oz.",Jimmy Choo,438.5,Disponible,https://cdn.shopify.com/s/files/1/0936/6713/1667/files/33499760_fpx_tif.webp
New Cartier La Panthere Eau De Parfum Sample Spray 0.06 oz 2 ml,,60.465,Disponible,https://cdn.shopify.com/s/files/1/0936/6713/1667/files/s-l1600-99.jpg
New Release 🔥Arabia Crush🍭,,95.5,Disponible,https://cdn.shopify.com/s/files/1/0936/6713/1667/files/new-release-arabia-crush-5249658.jpg
NEW ROYCE BLEU 2 PIECE GIFT SET EDP - 100ML (3.4) + 200ML BODY SPRAY,,98.125,Disponible,https://cdn.shopify.com/s/files/1/0936/6713/1667/files/zche0ns6mufthp51buq7f8d5650p.jpg
New York Secret Gardens Bond No 9 for women and men,Bond No.9,1422,Disponible,https://cdn.shopify.com/s/files/1/0936/6713/1667/files/375x500.105411.2x.avif
NICHE EMARATI LUJAIN EDP 100 ML,Niche Emarati,179.5,Disponible,https://cdn.shopify.com/s/files/1/0936/6713/1667/files/niche-emarati-lujain-edp-100-ml-2312165_dc40b52f-3c4b-4c21-ad9d-982079291739.jpg
Night De Paris Black Eau Parfum 3.3,,162,Disponible,https://cdn.shopify.com/s/files/1/0936/6713/1667/files/night-de-paris-black-eau-parfum-33-6199309.jpg
Night De Paris Blue Eau De Parfum 3.3oz,,151.5,Disponible,https://cdn.shopify.com/s/files/1/0936/6713/1667/files/night-de-paris-blue-eau-de-parfum-33oz-2876644.jpg
Night de Paris Diamond By Lorientale Fragrances Eau de Parfum,,196.965,Disponible,https://cdn.shopify.com/s/files/1/0936/6713/1667/files/WhatsApp_Image_2025-03-14_at_12.13.34_AM_1800x1800_edaec3c8-3eb7-4b66-9759-0bc447307abc.webp
Night De Paris Gold 3.3 oz,,151.5,Disponible,https://cdn.shopify.com/s/files/1/0936/6713/1667/files/night-de-paris-gold-33-oz-3658978.jpg
Night de Paris IMPERIAL Eau De Parfum 3.4 Oz,,151.5,Disponible,https://cdn.shopify.com/s/files/1/0936/6713/1667/files/night-de-paris-imperial-eau-de-parfum-34-oz-3871180.jpg
Night De Paris Intenso Eau de Parfum 3.3 oz,,162,Disponible,https://cdn.shopify.com/s/files/1/0936/6713/1667/files/night-de-paris-intenso-eau-de-parfum-33-oz-9727877_8f17ae4a-78a8-4014-bc0b-2a45a32385ec.jpg
Night De Paris London Eau Parfum 3.3 oz,,162,Disponible,https://cdn.shopify.com/s/files/1/0936/6713/1667/files/night-de-paris-london-eau-parfum-33-oz-6791237_9128469a-60a2-4134-988a-be1f59008eff.jpg
Night de Paris Maldives,,494.5,Disponible,https://cdn.shopify.com/s/files/1/0936/6713/1667/files/maldives-4.webp
Night de Paris Miami Eau Parfum 3.3oz,,162,Disponible,https://cdn.shopify.com/s/files/1/0936/6713/1667/files/night-de-paris-miami-eau-parfum-33oz-2367633.jpg
Night de Paris Milano Eau de Parfum 3.3 ozp,,162,Disponible,https://cdn.shopify.com/s/files/1/0936/6713/1667/files/night-de-paris-milano-eau-de-parfum-33-ozp-6084358.jpg
Night De Paris New York Eau Parfum 3.3 oz,,162,Disponible,https://cdn.shopify.com/s/files/1/0936/6713/1667/files/night-de-paris-new-york-eau-parfum-33-oz-8553061.webp
Night de Paris Onyx Eau Parfum 3.3oz,,162,Disponible,https://cdn.shopify.com/s/files/1/0936/6713/1667/files/night-de-paris-onyx-eau-parfum-33oz-4211130_b387744d-74ba-449c-b036-719f72b342a0.webp
Night de Paris Prive Eau Parfum 3.3oz,,151.5,Disponible,https://cdn.shopify.com/s/files/1/0936/6713/1667/files/night-de-paris-prive-eau-parfum-33oz-6735950.jpg
Night De Paris Silver Night De Paris 3.3oz,,162,Disponible,https://cdn.shopify.com/s/files/1/0936/6713/1667/files/night-de-paris-silver-night-de-paris-33oz-8079314.jpg
Night De Paris Venice Eau Parfum 3.3oz,,162,Disponible,https://cdn.shopify.com/s/files/1/0936/6713/1667/files/night-de-paris-venice-eau-parfum-33oz-6596658_a89406fa-6855-4474-b4eb-cb58618a0829.jpg
Night Seduction by Ainash Parfums,Ainash,170.75,Disponible,https://cdn.shopify.com/s/files/1/0936/6713/1667/files/night-seduction-by-ainash-parfums-9125861.jpg
NITRO ELIXIR EAU DE PARFUM 100ML,,164.625,Disponible,https://cdn.shopify.com/s/files/1/0936/6713/1667/files/WhatsAppImage2025-08-16at11.31.47.jpg
Nitro Gold Dumont for women and men,,168.825,Agotado,https://cdn.shopify.com/s/files/1/0936/6713/1667/files/s-l1600_70.webp
NITRO POUR HOMME 3.4 EDP SP. 100 ml,,123.325,Agotado,https://cdn.shopify.com/s/files/1/0936/6713/1667/files/nitro-pour-homme-34-edp-sp-100-ml-7433327_bae19929-80a5-4b8b-a945-c091fb7ecb20.jpg
Nitro Red Intensely Dumont for men,,161.825,Disponible,https://cdn.shopify.com/s/files/1/0936/6713/1667/files/WhatsAppImage2025-05-23at17.31.32.jpg
NO PAIN NO GAIN FOR MEN BY ANARCHY 3.4 OZ PARFUM,,188.25,Disponible,https://cdn.shopify.com/s/files/1/0936/6713/1667/files/WhatsAppImage2025-12-17at14.38.06.jpg
NOHO OF NEW YORK 85 ML,,116.5,Disponible,https://cdn.shopify.com/s/files/1/0936/6713/1667/files/noho-of-newyork-2048x2048.jpg
Noirish Onyx 3.4oz,,85,Agotado,https://cdn.shopify.com/s/files/1/0936/6713/1667/files/noirish-onyx-34oz-1698065.jpg
Noor Al Sabah Al Wataniah for women and men,Al Wataniah,90.25,Disponible,https://cdn.shopify.com/s/files/1/0936/6713/1667/files/images_11.jpg
Nora Rave Eau De Parfum 100ml Spray Women’s Luxury,,104.25,Disponible,https://cdn.shopify.com/s/files/1/0936/6713/1667/files/s-l960_5.webp
Norah Amour 3.4oz,,97.25,Agotado,https://cdn.shopify.com/s/files/1/0936/6713/1667/files/norah-amour-34oz-3211159.jpg
Norah Bella 3.4oz,,97.25,Disponible,https://cdn.shopify.com/s/files/1/0936/6713/1667/files/norah-bella-34oz-1003858.jpg
Norah Caramela Eau Parfum 3.4oz,,97.25,Disponible,https://cdn.shopify.com/s/files/1/0936/6713/1667/files/norah-caramela-eau-parfum-34oz-8138210.jpg
Norah Lychee Eau Parfum 3.4oz,,97.25,Agotado,https://cdn.shopify.com/s/files/1/0936/6713/1667/files/norah-lychee-eau-parfum-34oz-6620188.jpg
Norah Melody 3.4oz,,97.25,Disponible,https://cdn.shopify.com/s/files/1/0936/6713/1667/files/norah-melody-34oz-7805803_8ec805cf-de1f-45e8-9bd0-9d89a4c51b15.jpg
Norah Passion 3.4oz,,97.25,Agotado,https://cdn.shopify.com/s/files/1/0936/6713/1667/files/norah-passion-34oz-8792852_e9eaca81-275c-4335-945e-22576b1b267e.jpg
Norah Pistacho Eau Parfum 3.4oz,,97.25,Disponible,https://cdn.shopify.com/s/files/1/0936/6713/1667/files/norah-pistacho-eau-parfum-34oz-8452406_8b7e135d-9845-41b0-af16-1abdd9e9a056.jpg
Not A Perfume by Juliette Has a Gun for Women,,302,Disponible,https://cdn.shopify.com/s/files/1/0936/6713/1667/files/shopping-24.jpg
"Now Eau de Parfum Spray for Women, 3.4 Oz",,94.625,Disponible,https://cdn.shopify.com/s/files/1/0936/6713/1667/files/now-eau-de-parfum-spray-for-women-34-oz-8532182.jpg
Now RAVE for men 3.4oz,,92,Agotado,https://cdn.shopify.com/s/files/1/0936/6713/1667/files/now-rave-for-men-34oz-8353445_153b0471-00a2-4e7d-8299-8834e461935e.jpg
Now White RAVE,,92,Disponible,https://cdn.shopify.com/s/files/1/0936/6713/1667/files/now-white-rave-4464978_0dc98b12-da5d-4545-975d-7d166e03ac57.jpg
OCEAN BREEZE EAU DE PARFUM 3.4 FL.OZ,,95.5,Agotado,https://cdn.shopify.com/s/files/1/0936/6713/1667/files/FullSizeRender_0f3fe2f1-d8f1-457d-a2b5-1f3e3883f5f6.jpg
Odyssee I Anfar London,Anfar,137.5,Disponible,https://cdn.shopify.com/s/files/1/0936/6713/1667/files/odyssee-i-anfar-london-6413129.jpg
Odyssee II Anfar London,Anfar,137.5,Disponible,https://cdn.shopify.com/s/files/1/0936/6713/1667/files/odyssee-ii-anfar-london-3523164.jpg
Ombre Leather By Tom Ford 5 FL OZ 150 ml EDP Perfume For Men,Tom Ford,757,Agotado,https://cdn.shopify.com/s/files/1/0936/6713/1667/files/s-l1600-52.jpg
One Million ELIXIR Eau de Parfum 100 ml (DECODED),,354.5,Disponible,https://cdn.shopify.com/s/files/1/0936/6713/1667/files/14146082_fpx_tif.webp
One Million Parfum 100 ml,,337,Agotado,https://cdn.shopify.com/s/files/1/0936/6713/1667/files/Paco-Rabanne-1-Million-Parfum-3-4-oz-100-ml-Men-s-Spray-New-Packaging_304e7e90-8632-45b1-b71b-1ca72d4af1e7.e2ae3b22d56db8065eb0d5706aef00fa.avif
Opal,,74.5,Disponible,https://cdn.shopify.com/s/files/1/0936/6713/1667/files/opal-5833406.webp
Opera Aurora,,92,Disponible,https://cdn.shopify.com/s/files/1/0936/6713/1667/files/opera-aurora-3329329.webp
Opera Dawn,,92,Disponible,https://cdn.shopify.com/s/files/1/0936/6713/1667/files/opera-dawn-4931378.webp
Opera Dusk,,92,Disponible,https://cdn.shopify.com/s/files/1/0936/6713/1667/files/opera-dusk-4000251.webp
Opera Night Fall,,92,Disponible,https://cdn.shopify.com/s/files/1/0936/6713/1667/files/opera-night-fall-6220679_92cfbc5a-c9da-4084-aed6-f5a63041e2c2.webp
Opera Rouge Eau de Parfum Spray 100ml (3.4 oz) by Maison Alhambra,Maison Alhambra,102.5,Disponible,https://cdn.shopify.com/s/files/1/0936/6713/1667/files/1_e439cc35-73b8-4baf-8cc7-d3900955391e.webp
Ophylia Legendary Eau De Parfum,,83.25,Disponible,https://cdn.shopify.com/s/files/1/0936/6713/1667/files/FullSizeRender_a8618903-57fd-4386-999f-260198988f53.jpg
Optimystic Her Eau De Parfum,,81.5,Agotado,https://cdn.shopify.com/s/files/1/0936/6713/1667/files/optimystic-her-eau-de-parfum-9128730_38ee1e20-4761-449e-9dd8-73239c97513c.jpg
ORIENTICA Ladies Royal Amber Gift Set,ORIENTICA,244.25,Disponible,https://cdn.shopify.com/s/files/1/0936/6713/1667/files/orientica-ladies-royal-amber-gift-set-fragrances-6297001158302.jpg
ORIENTICA Men's Royal Bleu Gift SetCategories - Size: 80ml + 7.5ml + 10ml x 2,ORIENTICA,265.25,Disponible,https://cdn.shopify.com/s/files/1/0936/6713/1667/files/orientica-mens-royal-bleu-gift-set-fragrances-6297001158098.jpg
ORIENTICA Unisex Amber Rouge EDP ( 5.0 oz ),ORIENTICA,298.5,Disponible,https://cdn.shopify.com/s/files/1/0936/6713/1667/files/s-l500_4edce826-cf43-4840-b70e-f9f4ce841106_500x_jpg.webp
ORIENTICA Unisex Oud Saffron EDP Spray 2.7 oz,ORIENTICA,214.325,Disponible,https://cdn.shopify.com/s/files/1/0936/6713/1667/files/orientica-unisex-oud-saffron-edp-spray-27-oz-fragrances-6291106811520.jpg
Orientica Amber Rouge Eau Parfum Spray 2.7,ORIENTICA,214.325,Disponible,https://cdn.shopify.com/s/files/1/0936/6713/1667/files/orientica-amber-rouge-eau-parfum-spray-1650736.jpg
Orientica Arte Bellissimo Exotic Eau Parfum 3.4oz,ORIENTICA,267,Disponible,https://cdn.shopify.com/s/files/1/0936/6713/1667/files/orientica-arte-bellissimo-exotic-eau-parfum-34oz-9647542.jpg
Orientica Arte Bellissimo Romantic Eau De Parfum 2.5oz,ORIENTICA,267,Disponible,https://cdn.shopify.com/s/files/1/0936/6713/1667/files/orientica-arte-bellissimo-romantic-eau-de-parfum-25oz-6936467.jpg
Orientica Dania Luxury Collection Exclusive,ORIENTICA,283.625,Agotado,https://cdn.shopify.com/s/files/1/0936/6713/1667/files/orientica-dania-luxury-collection-exclusive-9430019_75c07d3d-8465-489c-8ff5-1296dd9aaa09.jpg
ORIENTICA DESERT DUSK UNISEX FOR WOMEN &N MEN 2.7 OZ EDP,ORIENTICA,245.125,Disponible,https://cdn.shopify.com/s/files/1/0936/6713/1667/files/WhatsAppImage2025-09-26at15_43_53_3_1800x1800_jpg.webp
ORIENTICA Exclusive Royal Amber Extrait de Parfum Spray 2.7 oz,ORIENTICA,298.5,Agotado,https://cdn.shopify.com/s/files/1/0936/6713/1667/files/orientica-unisex-exclusive-royal-amber-extrait-de-parfum-spray-27-oz-fragrances-6297001158449.jpg
"Orientica miniature discovery set unisex perfume, mini set 5 x 0.25 oz",ORIENTICA,158.5,Agotado,https://cdn.shopify.com/s/files/1/0936/6713/1667/files/miniture-giftset2_png.webp
ORIENTICA ROSE ECLAT UNISEX FOR WOMEN & MEN EAU DE PARFUM 2.7 OZ,ORIENTICA,245.125,Agotado,https://cdn.shopify.com/s/files/1/0936/6713/1667/files/WhatsAppImage2025-09-26at15_43_54_1800x1800_jpg.webp
Orientica Royal Amber 2.7 oz EDP for unisex,ORIENTICA,214.325,Disponible,https://cdn.shopify.com/s/files/1/0936/6713/1667/files/orientica-royal-amber-27-oz-edp-for-unisex-1554220_95eac6e0-2e27-4b27-b679-61424a755762.jpg
Orientica Unisex Amber Noir 2.7 oz Eau de Parfum,ORIENTICA,226.75,Agotado,https://cdn.shopify.com/s/files/1/0936/6713/1667/files/orientica-unisex-amber-noir-27-oz-eau-de-parfum-6297001158050.jpg
Orientica Velvet Gift set 4 Size: 80ml + 7.5ml + 10ml x 2,ORIENTICA,265.25,Disponible,https://cdn.shopify.com/s/files/1/0936/6713/1667/files/orientica-velvet-gift-set-4-pcs-1882728.jpg
Orientica Velvet Gold,ORIENTICA,223.25,Disponible,https://cdn.shopify.com/s/files/1/0936/6713/1667/files/orientica-velvet-gold-4998232.jpg
Orientica XO Xclusif Oud Classic Extrait for Unisex - 2 oz EDP Spray,ORIENTICA,284.5,Disponible,https://cdn.shopify.com/s/files/1/0936/6713/1667/files/orientica-xo-xclusif-oud-classic-extrait-for-unisex-2-oz-edp-spray-9348155_199ce646-15ef-4d56-857a-1f178fbad56c.jpg
Oud Al fares Intensity,Al Fares,81.5,Disponible,https://cdn.shopify.com/s/files/1/0936/6713/1667/files/oud-al-fares-intensity-8843568.jpg
OUD AL FARES OUD INTENSITY,Al Fares,86.75,Disponible,https://cdn.shopify.com/s/files/1/0936/6713/1667/files/oud-al-fares-oud-intensity-limited-edition-6371856_047be068-4626-48f6-a34a-c1d9b9bc9678.jpg
OUD AL FARES RED INTENSE,Al Fares,86.75,Disponible,https://cdn.shopify.com/s/files/1/0936/6713/1667/files/oud-al-fares-red-intense-limited-edition-7428143.jpg
Oud Glorious For Unisex,,90.25,Disponible,https://cdn.shopify.com/s/files/1/0936/6713/1667/files/oud-glorious-for-unisex-1987607.jpg
Oud Ombre,,127,Disponible,https://cdn.shopify.com/s/files/1/0936/6713/1667/files/oud-ombre-9383302_1cee0cea-dfe7-4fdf-9273-e5b7635812db.jpg
Oud tabac Anfar London,Anfar,116.5,Disponible,https://cdn.shopify.com/s/files/1/0936/6713/1667/files/oud-tabac-anfar-london-4593816_3c401529-8dfd-4c5b-96f1-d28819071808.jpg
Oud Wonder Eau Perfum,,81.5,Disponible,https://cdn.shopify.com/s/files/1/0936/6713/1667/files/oud-wonder-eau-perfum-5883951_4ace5e47-3a5c-42f4-b1b2-16ce95e25cae.jpg
Oud Zarian Creed for women and men EAU DE PARFUM 100 ML,Creed,1772,Disponible,https://cdn.shopify.com/s/files/1/0936/6713/1667/files/s-l1600-10.png
Pacific Blue Maison Alhambra for women and men,Maison Alhambra,108.625,Agotado,https://cdn.shopify.com/s/files/1/0936/6713/1667/files/Photoroom_20250808_182254.jpg
Pacificrim Tubbees for women and men,,65.75,Disponible,https://cdn.shopify.com/s/files/1/0936/6713/1667/files/shopping_22.webp
Paco Rabanne 1 Million Men's 3.3oz EDT (100 ml),Paco Rabanne,281,Disponible,https://cdn.shopify.com/s/files/1/0936/6713/1667/files/26632015-858f-4d1d-9c41-ce53ff63fd50.webp
PACO RABANNE Ladies Olympea Blossom EDP Spray 2.7 oz,Paco Rabanne,232,Disponible,https://cdn.shopify.com/s/files/1/0936/6713/1667/files/paco-rabanne-ladies-olympea-blossom-edp-spray-10-oz-fragrances-3349668612642.jpg
PACO RABANNE Ladies Olympea Parfum 2.7 oz,Paco Rabanne,337,Disponible,https://cdn.shopify.com/s/files/1/0936/6713/1667/files/paco-rabanne-ladies-olympea-parfum-10-oz-fragrances-3349668627486_1.jpg
Paco Rabanne Men's Invictus Victory Absolu Parfum 6.7 oz,Paco Rabanne,529.5,Agotado,https://cdn.shopify.com/s/files/1/0936/6713/1667/files/paco-rabanne-mens-invictus-victory-absolu-parfum-67-oz-fragrances-3349668641840.jpg
Paco Rabanne 1 Million Eau De Toilette (200 ml),Paco Rabanne,361.5,Disponible,https://cdn.shopify.com/s/files/1/0936/6713/1667/files/shopping_68.webp
Paco Rabanne 1 Million Men's EDT 3.3oz (100 ml),Paco Rabanne,301.965,Agotado,https://cdn.shopify.com/s/files/1/0936/6713/1667/files/paco-rabanne-1-million-mens-paco-rabanne-33oz-100-ml-3349666007921.jpg
Paco Rabanne Million Gold For Her Pure Diamonds Eau De Parfum,Paco Rabanne,512,Disponible,https://cdn.shopify.com/s/files/1/0936/6713/1667/files/UP3349668663187_2.avif
Paco Rabanne Olympea ABSOLU 2.7 oz. Parfum Intense,Paco Rabanne,337,Disponible,https://cdn.shopify.com/s/files/1/0936/6713/1667/files/23930_1__99547.jpg
Paco Rabanne Olympea Eau de Parfum 2.7 fl oz,Paco Rabanne,267,Agotado,https://cdn.shopify.com/s/files/1/0936/6713/1667/files/615s65U6x_L._SL1500.jpg
PACO RABANNE OLYMPEA EAU DE PARFUM SPRAY VIAL WOMEN by Paco Rabanne,Paco Rabanne,58.75,Disponible,https://cdn.shopify.com/s/files/1/0936/6713/1667/files/s-l960.jpg
PACO RABANNE Phantom Elixir 3.4 oz Parfum Intense for men,Paco Rabanne,393,Disponible,https://cdn.shopify.com/s/files/1/0936/6713/1667/files/paco-rabanne-phantom_1000x_27e1e2d2-bfa1-4d88-8622-ed46330b8183.webp
PACO RABANNE PHANTOM SET 3.4oz PARFUM SP+ 5oz DEO,Paco Rabanne,358,Disponible,https://cdn.shopify.com/s/files/1/0936/6713/1667/files/l8xooq2haaxofhmggze2.webp
Paco Rabanne Variety women 4 Piece Womens Mini Variety 5 ML,Paco Rabanne,214.5,Disponible,https://cdn.shopify.com/s/files/1/0936/6713/1667/files/paco-rabanne-ladies-mini-set-gift-set-fragrances-3349668630813_1.jpg
PAINTING'S COLLECTION GENTLEMANMAGNIFICENT LOOK 3.4oz,,92,Disponible,https://cdn.shopify.com/s/files/1/0936/6713/1667/files/paintings-collection-gentlemanmagnificent-look-34oz-1606764_d2f3b31b-b8ec-40a1-95f0-58b6b9285a96.jpg
PAINTING'S COLLECTION MATCHLESS PERSONA EAU PARFUM 3.4oz,,92,Disponible,https://cdn.shopify.com/s/files/1/0936/6713/1667/files/paintings-collection-matchless-persona-eau-parfum-34oz-9511669_b86acf77-b702-42fa-ba76-df59a28e1ca4.jpg
PAINTING'S COLLECTION PAONNEEAU PARFUM 3.4 oz,,92,Disponible,https://cdn.shopify.com/s/files/1/0936/6713/1667/files/paintings-collection-paonneeau-parfum-34-oz-1334979_8647fe1c-ed26-43f4-86c4-e6c1d9d917b8.jpg
Paradigme by Prada for Men,Prada,456,Disponible,https://cdn.shopify.com/s/files/1/0936/6713/1667/files/FullSizeRender_2eb197e5-f8ef-4285-b95f-9136402e125b.jpg
Paradise floral by Milestone eau de parfum 3.4floz,Milestone,86.75,Disponible,https://cdn.shopify.com/s/files/1/0936/6713/1667/files/61JHT9wQ6aL._SX679.jpg
Paradise Life - 100ML,,86.75,Disponible,https://cdn.shopify.com/s/files/1/0936/6713/1667/files/PARADISELIFEOFFICIAL.webp
parfums de marley Oriana by Parfums de Marly,Parfums de Marly,1317,Disponible,https://cdn.shopify.com/s/files/1/0936/6713/1667/files/IMG-8340.webp
Parfums de Marly Delina Exclusif Edition Royale Eau de Parfum,Parfums de Marly,1352,Disponible,https://cdn.shopify.com/s/files/1/0936/6713/1667/files/parfums-de-marly-ladies-delina-exclusif-edp-spray-25-oz-fragrances-3700578522009_2.jpg
PARFUMS DE MARLY Althair 125 ml,Parfums de Marly,914.5,Agotado,https://cdn.shopify.com/s/files/1/0936/6713/1667/files/IMG_0202.jpg
PARFUMS DE MARLY ALTHAIR EDP 1.5ml .05fl oz x 1 COLOGNE SPRAY SAMPLE,Parfums de Marly,74.5,Disponible,https://cdn.shopify.com/s/files/1/0936/6713/1667/files/parfums-de-marly-althair-edp-15ml-05fl-oz-x-1-cologne-spray-sample-3252102.jpg
PARFUMS DE MARLY Ladies Cassili EDP Spray 0.05 oz,Parfums de Marly,78,Disponible,https://cdn.shopify.com/s/files/1/0936/6713/1667/files/parfums-de-marly-ladies-cassili-edp-spray-005-oz-fragrances-3700578501301.jpg
Parfums De Marly Ladies Delina EDP Spray 2.5 oz (75 ml),Parfums de Marly,1317,Disponible,https://cdn.shopify.com/s/files/1/0936/6713/1667/files/parfums-de-marly-ladies-delina-edp-spray-25-oz-75-ml-3700578521002_2.jpg
Parfums De Marly Percival Eau De Parfum Spray 125ml (DECODED),Parfums de Marly,862,Disponible,https://cdn.shopify.com/s/files/1/0936/6713/1667/files/3700578502315_1.webp
Paris Córner Cake Temptations,,146.25,Disponible,https://cdn.shopify.com/s/files/1/0936/6713/1667/files/IMG_7975.jpg
Paris Corner Ladies Tiramisu Speculoos EDP Spray 3.4 oz,Paris Corner,127,Disponible,https://cdn.shopify.com/s/files/1/0936/6713/1667/files/1_ba323c59-8392-4b20-bc30-62441275087d.webp
Paris Corner Unisex Ophidian Black Cherry EDP Spray 3.38 oz,Paris Corner,151.5,Disponible,https://cdn.shopify.com/s/files/1/0936/6713/1667/files/paris-corner-unisex-ophidian-black-cherry-edp-spray-338-oz-fragrances-6291534659159_5.jpg
Paris Corner Unisex Ophidian Mango Bliss EDP Spray 3.38 oz,Paris Corner,151.5,Disponible,https://cdn.shopify.com/s/files/1/0936/6713/1667/files/paris-corner-unisex-ophidian-mango-bliss-edp-spray-338-oz-fragrances-6291534659157.jpg
Paris Hilton Ladies Electrify 8 oz Bath & Body,,67.5,Disponible,https://cdn.shopify.com/s/files/1/0936/6713/1667/files/paris-hilton-ladies-electrify-8-oz-bath-body-608940581513.jpg
Paris Hilton Women's Gold Rush Eau De Parfum 3.4 Oz,,102.5,Disponible,https://cdn.shopify.com/s/files/1/0936/6713/1667/files/19137625_fpx.webp
Parisian Dream,,92,Disponible,https://cdn.shopify.com/s/files/1/0936/6713/1667/files/parisian-dream-9214278.jpg
Parisian Dream D'Or For Women,,92,Disponible,https://cdn.shopify.com/s/files/1/0936/6713/1667/files/parisian-dream-dor-for-women-9455579_3a623faf-e9fc-4bee-ab64-91641e571371.jpg
Parisian In Love,,92,Agotado,https://cdn.shopify.com/s/files/1/0936/6713/1667/files/parisian-in-love-9491930.jpg
Parisian Memories,,92,Agotado,https://cdn.shopify.com/s/files/1/0936/6713/1667/files/parisian-memories-6829585.jpg
Party Girl,,83.25,Agotado,https://cdn.shopify.com/s/files/1/0936/6713/1667/files/party-girl-2859732.jpg
Party Girl Night,,83.25,Agotado,https://cdn.shopify.com/s/files/1/0936/6713/1667/files/party-girl-night-2293362.jpg
Pasha de Cartier ~ 2 ML Sample,,72.715,Disponible,https://cdn.shopify.com/s/files/1/0936/6713/1667/files/m75306535596_1_jpg.avif
Passion Fruit by Ainash Parfums,Ainash,170.75,Disponible,https://cdn.shopify.com/s/files/1/0936/6713/1667/files/passion-fruit-by-ainash-parfums-7492320.jpg
PASSION OF NEW YORK 85ML,,116.5,Disponible,https://cdn.shopify.com/s/files/1/0936/6713/1667/files/passion-of-new-york-2048x2048.jpg
Patchouli Majestic For Unisex,,83.25,Disponible,https://cdn.shopify.com/s/files/1/0936/6713/1667/files/patchouli-majestic-for-unisex-1163577.jpg
PATCHOULI WITH LOVE – EAU DE PARFUM,,102.5,Disponible,https://cdn.shopify.com/s/files/1/0936/6713/1667/files/patchouli-with-love-eau-de-parfum-7900702_962129a0-152d-4691-a6d6-5a1464ec0c95.jpg
Peach Perfume Spray For Pets By Pet Aroma,,72.75,Disponible,https://cdn.shopify.com/s/files/1/0936/6713/1667/files/s-l1600_39.webp
PEACHY LUSH EAU PARFUM By Adyan 3.4oz,Adyan,109.5,Disponible,https://cdn.shopify.com/s/files/1/0936/6713/1667/files/peachy-lush-eau-parfum-by-adyan-34oz-3999108_acc37993-09fa-4764-8759-1ccd3c76882a.jpg
Pegasus 100ml Eau De Parfum Fragrance World,Fragrance World,84.125,Disponible,https://cdn.shopify.com/s/files/1/0936/6713/1667/files/download-2024-01-28T120332.688.webp
Perfect Man by Ainash,Ainash,170.75,Disponible,https://cdn.shopify.com/s/files/1/0936/6713/1667/files/perfect-man-by-ainash-4831826.jpg
PERFUME BHARARA MAST SWEET VELVET W EDP 3.4OZ,Bharara,128.75,Disponible,https://cdn.shopify.com/s/files/1/0936/6713/1667/files/GeneratedwithKive.ai-Putboxonleftsideandperfume_2_e37e0e8d-038b-4c20-be18-ce0c73011a04.webp
Perfume Elixir 88 Stallion 53 Emper Eau De Parfum 100ml,Emper,95.5,Agotado,https://cdn.shopify.com/s/files/1/0936/6713/1667/files/ELIXIR-88-STALLION53_46b5ab59-c72d-4b93-b18e-6d7110fb7673_1000x_webp.jpg
PERFUME MISTERIOSO 100 ML Free (FEMALE / MUJER),,81.5,Disponible,https://cdn.shopify.com/s/files/1/0936/6713/1667/files/Frascodeperfumeconmisterio.png
PERFUME MISTERIOSO 100 ML Free (MALE / HOMBRE),,81.5,Disponible,https://cdn.shopify.com/s/files/1/0936/6713/1667/files/FullSizeRender_f31519ca-7759-47af-85e3-7b5831d9b620.jpg
Fragancias para damas Valaya Exclusif EDP 2.5 oz,,1159.5,Disponible,https://cdn.shopify.com/s/files/1/0936/6713/1667/files/FullSizeRender_1e140eab-1de8-45db-8447-a47491bf2f5a.jpg
Pet Aroma 4 Oz Freesia Natural All-Day Perfume Spay for Pets,,72.75,Disponible,https://cdn.shopify.com/s/files/1/0936/6713/1667/files/s-l1600_38.webp
Pet Aroma Blueberry 4 Oz Natural All-Day Perfume Spay for Pets,,72.75,Disponible,https://cdn.shopify.com/s/files/1/0936/6713/1667/files/s-l400.png
Petals Aquamarine Grove Eau Parfum,,88.5,Disponible,https://cdn.shopify.com/s/files/1/0936/6713/1667/files/petals-aquamarine-grove-eau-parfum-8632024_5c0ed618-4178-49dc-bab5-c11932d8c6f8.jpg
Petals Aricot Blossom Eau Parfum,,88.5,Disponible,https://cdn.shopify.com/s/files/1/0936/6713/1667/files/petals-aricot-blossom-eau-parfum-2453507.jpg
Petals Ocean Breeze Eau Parfum,,88.5,Disponible,https://cdn.shopify.com/s/files/1/0936/6713/1667/files/petals-ocean-breeze-eau-parfum-2380065_4f3543f2-ff4e-417d-b4d5-ea74851a07c6.jpg
Petals Sunset Serenade– 100ML,,88.5,Agotado,https://cdn.shopify.com/s/files/1/0936/6713/1667/files/petals-sunset-serenade-100ml-3218988_1103a178-7a69-405c-8153-022bc5c2a7d1.jpg
Petals You Are My Baby Eau Parfum,,88.5,Disponible,https://cdn.shopify.com/s/files/1/0936/6713/1667/files/petals-you-are-my-baby-eau-parfum-8002081.jpg
Petra Eau Parfum 100 ml,,119.125,Disponible,https://cdn.shopify.com/s/files/1/0936/6713/1667/files/IMG_2393.jpg
Phantom (Parfum 100 ml),,326.5,Disponible,https://cdn.shopify.com/s/files/1/0936/6713/1667/files/IMG_9115.jpg
Phantom Eau de Parfum Intense 100 ml,,316,Disponible,https://cdn.shopify.com/s/files/1/0936/6713/1667/files/IMG_9119.jpg
Phantom Eau de Toilette 100 ml,,302,Disponible,https://cdn.shopify.com/s/files/1/0936/6713/1667/files/IMG_9118.jpg
Phantom My Hero 3.4 oz,,90.25,Disponible,https://cdn.shopify.com/s/files/1/0936/6713/1667/files/phantom-my-hero-34-oz-6159000.jpg
PHARAOH RAMESSES I BHARARA 100 ML PARFUM,Bharara,326.5,Disponible,https://cdn.shopify.com/s/files/1/0936/6713/1667/files/pharaoh-ramesses-i-bharara-100-ml-parfum-9507537_7b8ef0f1-3c66-4521-ac5f-fb2e636d8c60.jpg
Pharaoh Ramesses II by Bharara,Bharara,326.5,Disponible,https://cdn.shopify.com/s/files/1/0936/6713/1667/files/pharaoh-ramesses-ii-by-bharara-8969192.jpg
Pharaoh Rayhaan for women and men,RAYHAAN,137.5,Disponible,https://cdn.shopify.com/s/files/1/0936/6713/1667/files/s-l1600_-_2026-05-12T081016.003.webp
Philos Messenger Eau de Parfum Spray 100ml (3.4 oz) by Maison Alhambra,Maison Alhambra,90.25,Disponible,https://cdn.shopify.com/s/files/1/0936/6713/1667/files/1_5c4c0471-6b15-4d24-a663-b37f0b201a29.webp
Philos Opus Noir Eau de Parfum Spray 100ml (3.4 oz) by Maison Alhambra,Maison Alhambra,83.25,Agotado,https://cdn.shopify.com/s/files/1/0936/6713/1667/files/1_34167342-4dd0-4227-ab27-873bdc3f7705.webp
Philos pura,,88.5,Agotado,https://cdn.shopify.com/s/files/1/0936/6713/1667/files/philos-pura-1128817_0a25c5fa-8c99-411b-b53c-8037a591f7f5.webp
Philos Shine Eau de Parfum Spray 100ml (3.4 oz) by Maison Alhambra,Maison Alhambra,90.25,Disponible,https://cdn.shopify.com/s/files/1/0936/6713/1667/files/1_e714b11d-9ae5-449d-b37c-a90d5422d299.webp
PINK CRUSH (INSPIRED BY ANGEL NOVA MUGLER),Mugler,137.5,Disponible,https://cdn.shopify.com/s/files/1/0936/6713/1667/files/pink-crush-inspired-by-angel-nova-mugler-1698247_d58481be-054b-4068-af22-6fb1b444ef00.jpg
Pink Eclipse Maison Alhambra,Maison Alhambra,99,Disponible,https://cdn.shopify.com/s/files/1/0936/6713/1667/files/pink-eclipse-maison-alhambra-8943663.jpg
Pink Rush Paris Hilton,,102.5,Disponible,https://cdn.shopify.com/s/files/1/0936/6713/1667/files/pink-rush-paris-hilton-6344652_d6b5f1b6-14fe-42ff-b839-c82468f95ab8.jpg
Pink Sugar Tubbees for women and men,,65.75,Disponible,https://cdn.shopify.com/s/files/1/0936/6713/1667/files/pink-sugar-tubbees-for-women-and-men-8298604.jpg
Platinum Shade EDP 100ml By Anfar London,Anfar,116.5,Disponible,https://cdn.shopify.com/s/files/1/0936/6713/1667/files/platinum-shade-edp-100ml-by-anfar-london-9652136_8ac3fa75-5c79-4e13-a79d-fab8afb2cc5e.jpg
Polo Blue Eau De Toilette 4.2 OZ,,212.75,Disponible,https://cdn.shopify.com/s/files/1/0936/6713/1667/files/s7-17220_lifestyle.avif
Pom Pom,,85,Disponible,https://cdn.shopify.com/s/files/1/0936/6713/1667/files/pom-pom-2133477_30be79af-c324-4619-8aab-de87f97e0d0a.webp
Poudre Accord Eau Parfum 3.4oz,,127,Disponible,https://cdn.shopify.com/s/files/1/0936/6713/1667/files/poudre-accord-eau-parfum-34oz-2073946_bd5beff1-f3e3-4cb1-85f9-3cc8c87fc7ed.jpg
PRADA Men's L'Homme Intense EDP Spray 3.4 oz (100 ml),Prada,351,Disponible,https://cdn.shopify.com/s/files/1/0936/6713/1667/files/prada-mens-prada-lhomme-intense-edp-spray-34-oz-100-ml-8435137764730_2.jpg
Prada Luna Rossa Ocean / EDT Spray 0.04 oz (1.2 ml),Prada,51.75,Disponible,https://cdn.shopify.com/s/files/1/0936/6713/1667/files/s-l960_1.webp
Prada Luna Rossa Ocean / EDT Spray 0.04 oz (1.2 ml) (PAQ 12 UNITS),Prada,126.965,Disponible,https://cdn.shopify.com/s/files/1/0936/6713/1667/files/prada-luna-rossa-ocean-prada-edt-spray-004-oz-12-ml-m-3614273768771.jpg
Prada L’Homme Eau de Toilette Spray 100 ML,Prada,442,Disponible,https://cdn.shopify.com/s/files/1/0936/6713/1667/files/s-l1600-103.jpg
Prada Men's Luna Rossa Ocean EDP Spray 3.38 oz,Prada,358,Agotado,https://cdn.shopify.com/s/files/1/0936/6713/1667/files/prada-mens-luna-rossa-ocean-edp-spray-338-oz-fragrances-3614273768832_1.jpg
Prada Men's Luna Rossa Ocean EDT Spray 3.3 oz,Prada,382.5,Disponible,https://cdn.shopify.com/s/files/1/0936/6713/1667/files/prada-mens-luna-rossa-ocean-edt-spray-33-oz-fragrances-3614273556620_2.jpg
Prada Men's Luna Rossa Ocean Le Parfum Spray 3.4 oz,Prada,372,Disponible,https://cdn.shopify.com/s/files/1/0936/6713/1667/files/prada-mens-luna-rossa-ocean-le-parfum-spray-34-oz-fragrances-3614274089356_2.jpg
PRADA PARADOXE EDP GIFT SET,Prada,578.5,Disponible,https://cdn.shopify.com/s/files/1/0936/6713/1667/files/701d1885-5864-4a0c-9e71-a4f3281b8ba6_jpeg.webp
Prada Paradoxe Intense Eau De Parfum 90Ml Set,Prada,596,Agotado,https://cdn.shopify.com/s/files/1/0936/6713/1667/files/339LF5989_jpg.webp
Prada Paradoxe Intense Eau de Parfum(DECODED),PRADA,512,Disponible,https://cdn.shopify.com/s/files/1/0936/6713/1667/files/prada-paradoxe-intense-eau-de-parfumdisenador-4139291.jpg
Prada Paradoxe Prada for women 3.00 oz 90ml (DECODED),Prada,477,Disponible,https://cdn.shopify.com/s/files/1/0936/6713/1667/files/IMG_0881.jpg
Prada Paradoxe Virtual Flower Prada for women 3.00 oz 90mloz,Prada,442,Disponible,https://cdn.shopify.com/s/files/1/0936/6713/1667/files/IMG_0879.jpg
PRIVATE Monaco Madame (Pour Femme) - Bruma corporal - 250 ml,,50,Agotado,https://cdn.shopify.com/s/files/1/0936/6713/1667/files/IMG_4257.jpg
Prive Oros,,85,Disponible,https://cdn.shopify.com/s/files/1/0936/6713/1667/files/prive-oros-5849657.webp
"PRIVE Perfumes ""ARABIAN ROSE"" 100 ml EDP unisex",,86.75,Disponible,https://cdn.shopify.com/s/files/1/0936/6713/1667/files/s-l1600-2026-06-20T123700.692.webp
Prive Platinium,,85,Disponible,https://cdn.shopify.com/s/files/1/0936/6713/1667/files/prive-platinium-9213457.jpg
Prive Rose,Riiffs,85,Disponible,https://cdn.shopify.com/s/files/1/0936/6713/1667/files/prive-rose-1676212.jpg
Profumo Intensity Collector's Edition,,88.5,Disponible,https://cdn.shopify.com/s/files/1/0936/6713/1667/files/profumo-intensity-collectors-edition-5389024.webp
Pure Diamond The House of Oud for women and men 75ml,,1037,Disponible,https://cdn.shopify.com/s/files/1/0936/6713/1667/files/o.142604.jpg
Pure Musc Blanc For Her Narciso Rodriguez for Women,Narciso Rodriguez,452.5,Agotado,https://cdn.shopify.com/s/files/1/0936/6713/1667/files/WhatsApp_Image_2026-07-03_at_09.04.41.jpg
Purple Wood Eau Parfum 3.4oz,,92,Agotado,https://cdn.shopify.com/s/files/1/0936/6713/1667/files/purple-wood-eau-parfum-34oz-6319665.jpg
Qaed Al Fursan,,88.325,Agotado,https://cdn.shopify.com/s/files/1/0936/6713/1667/files/qaed-al-fursan-9469590.webp
Qaed Al Fursan Unlimited,,83.25,Disponible,https://cdn.shopify.com/s/files/1/0936/6713/1667/files/qaed-al-fursan-unlimited-1502160.webp
Qalbi Blue Heart For Women,,102.5,Disponible,https://cdn.shopify.com/s/files/1/0936/6713/1667/files/qalbi-blue-heart-for-women-6889516_9e514710-25d1-4467-a1ed-16ce7eef01b8.jpg
Qalbi Rouge For Women,,102.5,Disponible,https://cdn.shopify.com/s/files/1/0936/6713/1667/files/qalbi-rouge-for-women-6408070_dc328d04-71d5-47fc-84b6-94e0bd3927ed.jpg
Qannas by Le Falcone for Women,,104.25,Disponible,https://cdn.shopify.com/s/files/1/0936/6713/1667/files/IMG_0485.jpg
Qimmah for Women 3.4oz,,102.5,Disponible,https://cdn.shopify.com/s/files/1/0936/6713/1667/files/qimmah-for-women-34oz-7022786.jpg
QISSA DELICIOUS Paris Corner,Paris Corner,109.5,Disponible,https://cdn.shopify.com/s/files/1/0936/6713/1667/files/qissa-delicious-paris-corner-6257493.jpg
QISSA Paris Corner,Paris Corner,109.5,Disponible,https://cdn.shopify.com/s/files/1/0936/6713/1667/files/qissa-paris-corner-5038491_eea69f46-536c-48bc-8a97-91ee2995b8af.jpg
Queen,,78,Disponible,https://cdn.shopify.com/s/files/1/0936/6713/1667/files/queen-2688442_0a982d77-9192-46e2-8e50-01bc7082f645.jpg
Queen by Ainash Parfums,Ainash,179.5,Disponible,https://cdn.shopify.com/s/files/1/0936/6713/1667/files/WhatsAppImage2025-05-23at17.31.56_1.jpg
QUNBULAT HUB Bomba de Amor 100 ML,,86.75,Disponible,https://cdn.shopify.com/s/files/1/0936/6713/1667/files/qunbulat-hubbomba-de-amor-8939057_e1a4fa96-d434-4a3e-a6f1-33bfd658257a.jpg
Ra'ed Intensely For women and men 100 ML,,98.825,Disponible,https://cdn.shopify.com/s/files/1/0936/6713/1667/files/WhatsAppImage2026-03-02at5.06.18PM.webp
Ra'ed Luxe,,92,Agotado,https://cdn.shopify.com/s/files/1/0936/6713/1667/files/raed-luxe-9577597_e7977a60-e2d5-49d9-85ae-c51ff030ba67.jpg
RAA'D Matin Martin for women and men 100 ML,,162,Disponible,https://cdn.shopify.com/s/files/1/0936/6713/1667/files/719hiBmDbPL._SX679.jpg
Raees Noir Jo Milano,Jo Milano Paris,179.5,Disponible,https://cdn.shopify.com/s/files/1/0936/6713/1667/files/raees-noir-jo-milano-9145114_a8394ae1-526a-44a9-9c0e-a9672b2a743e.jpg
Raees Vert Jo Milano Eau Parfum,Jo Milano Paris,179.5,Agotado,https://cdn.shopify.com/s/files/1/0936/6713/1667/files/raees-vert-jo-milano-eau-parfum-9116527.jpg
Rahaf Gulf Orchid Eau de Parfum,,81.5,Disponible,https://cdn.shopify.com/s/files/1/0936/6713/1667/files/rahaf-gulf-orchid-eau-de-parfum-7659969.jpg
RALPH LAUREN Men's Polo 67 EDT Spray 4.2 oz,Ralph Lauren,211,Disponible,https://cdn.shopify.com/s/files/1/0936/6713/1667/files/ralph-lauren-mens-polo-67-edt-spray-42-oz-fragrances-3605972910240.jpg
RALPH LAUREN Men's Polo Red Parfum 0.04 oz,Ralph Lauren,58.75,Disponible,https://cdn.shopify.com/s/files/1/0936/6713/1667/files/ralph-lauren-mens-polo-red-parfum-004-oz-fragrances-3605972769152.jpg
RALPH LAUREN Men's Polo Red EDP (1.35 oz),Ralph Lauren,144.465,Disponible,https://cdn.shopify.com/s/files/1/0936/6713/1667/files/ralph-lauren-mens-polo-red-edp-135-oz-fragrances-3605972321879.jpg
Ralph Lauren Men’s Polo Black Gift Set Fragrances,Ralph Lauren,249.5,Disponible,https://cdn.shopify.com/s/files/1/0936/6713/1667/files/Ralph-Lauren-Men-s-Polo-Black-Gift-Set-Fragrances-3660732601431_d87b7a6e-7312-468c-90ee-4a7fb9413c67.74c1f7f1c12950affec37775bd0c8aea.avif
RALPH LAUREN Polo / EDT Spray 4.0 oz,Ralph Lauren,214.465,Agotado,https://cdn.shopify.com/s/files/1/0936/6713/1667/files/polo-ralph-lauren-edt-spray-40-oz-m-3360372012825.jpg
RALPH LAUREN Polo Blue / EDP Spray 4.2 oz (125 ml),Ralph Lauren,267,Agotado,https://cdn.shopify.com/s/files/1/0936/6713/1667/files/polo-blue-ralph-lauren-edp-spray-42-oz-125-ml-m-3605970859251_1.jpg
Ralph Lauren Polo Est. 67 Men`s Cologne 4.2 Oz 1.36 Oz Gift Set For Men,Ralph Lauren,529.5,Disponible,https://cdn.shopify.com/s/files/1/0936/6713/1667/files/pi_quality_11_image_2_127013525698_1.webp
Ralph Lauren Polo Red / EDP Spray 4.2 oz,Ralph Lauren,249.465,Disponible,https://cdn.shopify.com/s/files/1/0936/6713/1667/files/s-l1600-2026-05-14T105420.965.webp
RALPH LAUREN Polo Ultra Blue / EDT Spray 4.2 oz (125 ml),Ralph Lauren,340.5,Disponible,https://cdn.shopify.com/s/files/1/0936/6713/1667/files/polo-ultra-blue-ralph-lauren-edt-spray-42-oz-125-ml-m-3605971325281.jpg
Ralph Lauren Variety men 4 Piece Mini Variety With Polo & Polo Blue & Polo Black & Polo Red And All Eau De Toilette 0.5 oz,Ralph Lauren,214.5,Agotado,https://cdn.shopify.com/s/files/1/0936/6713/1667/files/WhatsAppImage2025-06-11at18.36.36_3.jpg
Ramadi Arif,,97.25,Disponible,https://cdn.shopify.com/s/files/1/0936/6713/1667/files/ramadi-arif-5934771.jpg
Ramz Gold 100 ml Unisex,,79.75,Disponible,https://cdn.shopify.com/s/files/1/0936/6713/1667/files/ramz-gold-100-ml-unisex-4370584.jpg
Ramz Silver For men 100 ml,,79.75,Disponible,https://cdn.shopify.com/s/files/1/0936/6713/1667/files/ramz-silver-for-men-100-ml-3248371_823f511a-d8b5-412a-a428-2c7a18ecd568.jpg
Rana Asdaaf for women eau de parfum 100 ml,Asdaaf,97.25,Disponible,https://cdn.shopify.com/s/files/1/0936/6713/1667/files/s-l1600-38.jpg
Perfume Hawas London 100ml EDP Rasasi,Rasasi,139.25,Disponible,https://cdn.shopify.com/s/files/1/0936/6713/1667/files/IMG-7103.jpg
RASASI Men's Shuhrah Elixir EDP Spray 3.0 oz,Rasasi,135.75,Disponible,https://cdn.shopify.com/s/files/1/0936/6713/1667/files/rasasi-mens-shuhrah-elixir-edp-spray-30-oz-fragrances-614514339237_2.jpg
Rasasi HAWAS CHROME,Rasasi,164.625,Disponible,https://cdn.shopify.com/s/files/1/0936/6713/1667/files/image_4c88664a-39ef-47d6-b210-654054d8bf8a.webp
RASASI Hawas Diva 3.4 oz EDP for women,Rasasi,156.75,Disponible,https://cdn.shopify.com/s/files/1/0936/6713/1667/files/7D639E30-1C83-48F4-BA55-17BC9BBA9609_png.webp
RASASI Hawas FOR HER Eau de Parfum 3.4 Oz,Rasasi,102.5,Disponible,https://cdn.shopify.com/s/files/1/0936/6713/1667/files/for-her_4d94d51d-ee17-430b-ac20-4958c38ba7c5.webp
Rasasi Marha Pour Femme Eau De Parfum,Rasasi,95.5,Disponible,https://cdn.shopify.com/s/files/1/0936/6713/1667/files/rasasi-marha-pour-femme-eau-de-parfum-6522668_fb55f591-a64e-43f4-b1b4-1c34409e4226.jpg
Rasasi Men's Hawas Verde EDP Spray 3.38 oz,Rasasi,174.25,Agotado,https://cdn.shopify.com/s/files/1/0936/6713/1667/files/rasasi-mens-hawas-verde-edp-spray-338-oz-fragrances-614514464502.jpg
Rasasi Rasasi Hawas Reina Eau de Parfum for Women,RASASI,174.25,Disponible,https://cdn.shopify.com/s/files/1/0936/6713/1667/files/images_33.jpg
Rave Pure Desire Intense Eau de Parfum for Men,,81.5,Disponible,https://cdn.shopify.com/s/files/1/0936/6713/1667/files/rave-pure-desire-intense-eau-de-parfum-for-men-5160637.jpg
RAYHAAN Men's Imperia EDP Spray 3.38 oz,RAYHAAN,102.5,Agotado,https://cdn.shopify.com/s/files/1/0936/6713/1667/files/rayhaan-mens-imperia-edp-spray-338-oz-fragrances-6298044138719_2.jpg
Rayhaan Aquatica For Him,RAYHAAN,146.25,Disponible,https://cdn.shopify.com/s/files/1/0936/6713/1667/files/91Mxv8D8iZL._SL1500.jpg
Rayhaan Azul Eau de Parfum for Everyone,rayhaan,151.5,Disponible,https://cdn.shopify.com/s/files/1/0936/6713/1667/files/07n2dr6vgd.webp
Rayhaan Crimson Eau de Parfum for Everyone,RAYHAAN,148,Agotado,https://cdn.shopify.com/s/files/1/0936/6713/1667/files/rayhaan-crimson-eau-de-parfum-for-everyone-3475009_599f75ae-11ec-4888-8bd1-82bbfff29a93.jpg
Rayhaan Elixir Eau Parfum 3.4oz,RAYHAAN,139.25,Disponible,https://cdn.shopify.com/s/files/1/0936/6713/1667/files/2P1A0805_1.jpg-2.webp
Rayhaan Italia,RAYHAAN,146.25,Disponible,https://cdn.shopify.com/s/files/1/0936/6713/1667/files/02opifbrk0.webp
Rayhaan Jungle Vibe,RAYHAAN,146.25,Disponible,https://cdn.shopify.com/s/files/1/0936/6713/1667/files/JungleVibe1_png.webp
Rayhaan Kiss For Her,RAYHAAN,146.25,Disponible,https://cdn.shopify.com/s/files/1/0936/6713/1667/files/freepik__35mm-film-photography-create-an-ultrarealistic-11-__20211_png.webp
"Rayhaan Lion Eau De Parfum Spray for men, 3.4 oz",RAYHAAAN,146.25,Disponible,https://cdn.shopify.com/s/files/1/0936/6713/1667/files/IMG_3627.jpg
RAYHAAN Nocturno For Him,RAYHAAN,151.5,Agotado,https://cdn.shopify.com/s/files/1/0936/6713/1667/files/Gemini_Generated_Image_i9a223i9a223i9a2_png.webp
Rayhaan Obsidian,RAYHAAN,146.25,Agotado,https://cdn.shopify.com/s/files/1/0936/6713/1667/files/Obsidian1Resize_jpg.webp
Rayhaan Pacific Aloha Eau de Parfum for Everyone,rayhaan,151.5,Disponible,https://cdn.shopify.com/s/files/1/0936/6713/1667/files/03qwspcrpv.webp
Rayhaan Pacific Aqua for him,RAYHAAN,128.75,Agotado,https://cdn.shopify.com/s/files/1/0936/6713/1667/files/IMG_1546.jpg
Rayhaan Pour HOMME Pacific Aura 100 ml,RAYHAAN,153.25,Disponible,https://cdn.shopify.com/s/files/1/0936/6713/1667/files/IMG_3486.jpg
Rayhaan Rayhaan Tonquin Giza Eau de Parfum for Everyone,RAYHAAN,146.25,Agotado,https://cdn.shopify.com/s/files/1/0936/6713/1667/files/0412vzp2kq_5485a1e8-26a7-40c9-ad55-9b68db4ae14b.webp
Rayhaan Terra,RAYHAAN,146.25,Disponible,https://cdn.shopify.com/s/files/1/0936/6713/1667/files/TerranoBG1_png.webp
Rayhaan Tiger Eau de Parfum 100 ml,RAYHAAN,146.25,Disponible,https://cdn.shopify.com/s/files/1/0936/6713/1667/files/IMG_3461.jpg
Rayhaan Tropical Vibe EDP 3.4 fl oz,RAYHAAN,146.25,Agotado,https://cdn.shopify.com/s/files/1/0936/6713/1667/files/s-l1600-74.jpg
Rayhaan Wolf Eau de Parfum for Men,RAYHAAN,153.25,Disponible,https://cdn.shopify.com/s/files/1/0936/6713/1667/files/01aaoasfz4.webp
Red Cherry,,81.5,Disponible,https://cdn.shopify.com/s/files/1/0936/6713/1667/files/red-cherry-2820303.jpg
"Red Parfums Elysium Pour Homme Parfum Cologne Sample Spray .06oz, 1.7ml",,57,Disponible,https://cdn.shopify.com/s/files/1/0936/6713/1667/files/red-parfums-elysium-pour-homme-parfum-cologne-sample-spray-06oz-17ml-2571105.jpg
Red Passion By Ainash Parfums,Ainash,170.75,Disponible,https://cdn.shopify.com/s/files/1/0936/6713/1667/files/red-passion-by-ainash-parfums-6473042.jpg
Red velvet,,137.5,Disponible,https://cdn.shopify.com/s/files/1/0936/6713/1667/files/red-velvet-7308821.jpg
Reflection Woman Amouage for women,Amouage,841,Agotado,https://cdn.shopify.com/s/files/1/0936/6713/1667/files/0400017904227_NOCOLOR.webp
Regal Touch Aseel,,144.5,Disponible,https://cdn.shopify.com/s/files/1/0936/6713/1667/files/regal-touch-aseel-9442777.jpg
Retro Wood,,137.5,Disponible,https://cdn.shopify.com/s/files/1/0936/6713/1667/files/retro-wood-3569973_e3e0db72-b1ca-42ee-9636-6f4c1091a10b.jpg
Revelar Arif,,120,Disponible,https://cdn.shopify.com/s/files/1/0936/6713/1667/files/revelar-arif-7463747.jpg
Richwood Xerjoff for women and men,Xerjoff,1177,Disponible,https://cdn.shopify.com/s/files/1/0936/6713/1667/files/FullSizeRender_76fc1f99-e6e0-4f91-8617-af0b08d64c30.jpg
RIIFFS Amora De Femme 100 ML,Riiffs,97.25,Disponible,https://cdn.shopify.com/s/files/1/0936/6713/1667/files/3-min-45-scaled.jpg
Riiffs Men's Intrepid EDP Spray 3.4 oz,Riiffs,102.5,Disponible,https://cdn.shopify.com/s/files/1/0936/6713/1667/files/riiffs-unisex-intrepid-edp-34-oz-fragrances-6291108734094.jpg
RiiFFS SHANAYA Perfume Unisex 100ml 3.4oz,Riiffs,95.5,Disponible,https://cdn.shopify.com/s/files/1/0936/6713/1667/files/s-l1600_96.webp
Riiffs Warda By Riiffs Eau De Parfum Spray 3.4 Oz 100 Ml for Women,Riiffs,97.25,Disponible,https://cdn.shopify.com/s/files/1/0936/6713/1667/files/714HS4ng2RL._SX679.jpg
Risala Candelicious Eau De Parfum 3.4FL.OZ,,109.5,Disponible,https://cdn.shopify.com/s/files/1/0936/6713/1667/files/photoroom_20250506_225935.jpg
Rituals of Anfar Meditation,Anfar,151.5,Disponible,https://cdn.shopify.com/s/files/1/0936/6713/1667/files/rituals-of-anfar-meditation-3041223.webp
Rituals of Anfar – Divine,Anfar,151.5,Disponible,https://cdn.shopify.com/s/files/1/0936/6713/1667/files/rituals-of-anfar-divine-8610832.jpg
Rivera Eau Parfum 3.4oz,,109.5,Disponible,https://cdn.shopify.com/s/files/1/0936/6713/1667/files/rivera-eau-parfum-34oz-3581044.jpg
Riviera Pastels of Arabia (Extrait Parfum 3.4oz),,109.5,Disponible,https://cdn.shopify.com/s/files/1/0936/6713/1667/files/riviera-pastels-of-arabia-extrait-parfum-34oz-6615321.jpg
RIVIERA / FLOWER SEASON / 100 ML,,90.25,Disponible,https://cdn.shopify.com/s/files/1/0936/6713/1667/files/riviera-flower-season-100-ml-5631959_6e358794-c284-4caa-90c6-f60bb1b25ec3.jpg
RIVIERA / THE FIRESIDE / 100 ML.,,90.25,Disponible,https://cdn.shopify.com/s/files/1/0936/6713/1667/files/shopping_76_c6f5341f-0237-4977-b6aa-ff2244c42812.webp
Roje Premium,,127,Disponible,https://cdn.shopify.com/s/files/1/0936/6713/1667/files/roje-premium-9010884_62a643b7-c51b-44ee-84a4-27d7676646f1.jpg
Rojo Levante Anfar London,Anfar,137.5,Disponible,https://cdn.shopify.com/s/files/1/0936/6713/1667/files/rojo-levante-anfar-london-2540976_4669e20a-42fe-46db-88e2-c466dd6c6fe9.jpg
ROLL IT 1 BY JO MILANO PARIS,Jo Milano Paris,282.75,Disponible,https://cdn.shopify.com/s/files/1/0936/6713/1667/files/Roll_It_1_With_Box_jpg.webp
ROLL IT 18 BY JO MILANO PARIS,Jo Milano Paris,282.75,Disponible,https://cdn.shopify.com/s/files/1/0936/6713/1667/files/RollIt18Box_jpg.webp
ROLL IT 2 BY JO MILANO PARIS,Jo Milano Paris,282.75,Disponible,https://cdn.shopify.com/s/files/1/0936/6713/1667/files/RollIt2Box_jpg.webp
ROLL IT 5 BY JO MILANO PARIS,Jo Milano Paris,282.75,Disponible,https://cdn.shopify.com/s/files/1/0936/6713/1667/files/Roll_it_5_with_box_jpg.webp
ROLL IT 7 BY JO MILANO PARIS,Jo Milano Paris,282.75,Disponible,https://cdn.shopify.com/s/files/1/0936/6713/1667/files/Roll_It_7_with_box_jpg.webp
ROME IMAGINE EAU DE PARDUM 100 ML,,121.75,Disponible,https://cdn.shopify.com/s/files/1/0936/6713/1667/files/GeneratedwithKive.ai-withboxandboxputonleftside_1.webp
Rome Pour Femme Body Mist 8.0oz,,71,Disponible,https://cdn.shopify.com/s/files/1/0936/6713/1667/files/850050062752_EhCeCLu9Iqtq7o27.jpg
ROME POUR FEMME BY BHARARA BEAUTY 3.4 OZ EDP,Bharara,121.75,Disponible,https://cdn.shopify.com/s/files/1/0936/6713/1667/files/rome-pour-femme-by-bharara-beauty-34-oz-edp-6485341_e32ce0e8-9f02-48c6-9108-422b4c040d1f.jpg
Rooh Al Faris Eau De Parfum 100 Ml,,102.5,Disponible,https://cdn.shopify.com/s/files/1/0936/6713/1667/files/IMG_2400.jpg
ROSA RARA - ORQUIDEA DEL GOLF EAU DE PARFUM 100 ML,,125.25,Disponible,https://cdn.shopify.com/s/files/1/0936/6713/1667/files/31d7moMQxHL.jpg
Rosa Secret Chic EDP Spray 3.4 oz,,90.25,Disponible,https://cdn.shopify.com/s/files/1/0936/6713/1667/files/Maison-Alhambra-Chic-Velvet-Pink-Secret-Eau-De-Parfum_bf4394fc-09a1-4a6f-9cd2-268529912315.6bbd5caaff91dd1a6a52c37169296158.avif
Rose Explosion Eau de Parfum,,92,Agotado,https://cdn.shopify.com/s/files/1/0936/6713/1667/files/rose-explosion-eau-de-parfum-4321636_3c6782ee-09f8-4f52-abf2-1b16f613d839.jpg
Rose Musk Eau Parfum,,81.5,Disponible,https://cdn.shopify.com/s/files/1/0936/6713/1667/files/rose-musk-eau-parfum-3652764.jpg
Rosé Rush Paris Hilton,,102.5,Disponible,https://cdn.shopify.com/s/files/1/0936/6713/1667/files/rose-rush-paris-hilton-3325431.jpg
Rose Vanilla Eau Parfum,,81.5,Disponible,https://cdn.shopify.com/s/files/1/0936/6713/1667/files/rose-vanilla-eau-parfum-6420161.jpg
Rosella Anfar London,Anfar,144.5,Agotado,https://cdn.shopify.com/s/files/1/0936/6713/1667/files/rosella-anfar-london-3057449_b25da1f5-a2ae-4494-91b1-23267fa51f83.jpg
Roses De Mai Jacques Yves Perfume de Fragrance World Perfumes Eau De Parfum,Fragrance World,81.5,Agotado,https://cdn.shopify.com/s/files/1/0936/6713/1667/files/roses-de-mai-jacques-yves-perfume-de-fragrance-world-perfumes-eau-de-parfum-9906903_dd0587d3-01bb-44c7-bd0b-63790af62aff.jpg
Roses D’ Emotion,,95.5,Disponible,https://cdn.shopify.com/s/files/1/0936/6713/1667/files/roses-d-emotion-2306812.jpg
Royal Bleu Orientica,ORIENTICA,214.325,Agotado,https://cdn.shopify.com/s/files/1/0936/6713/1667/files/royal-bleu-orientica-9252088_7cda12d2-f9d4-4ab6-9f72-a95ad7e30464.webp
Royal Collection Summer Night Milestone Perfumes for women and men 100 ml,Milestone,93.75,Disponible,https://cdn.shopify.com/s/files/1/0936/6713/1667/files/RoyalCollectionSummerNight.webp
Royal Crown,,83.25,Disponible,https://cdn.shopify.com/s/files/1/0936/6713/1667/files/royal-crown-1555518_8ad4da43-5076-4cea-805c-f2f7448a9458.webp
ROYAL ISLAND 3.4 OZ PARFUM BY KING OF KINGS,,195.25,Disponible,https://cdn.shopify.com/s/files/1/0936/6713/1667/files/web-8.png
Royal Noir Absolu by Ainash Parfums,Ainash,170.75,Disponible,https://cdn.shopify.com/s/files/1/0936/6713/1667/files/royal-noir-absolu-by-ainash-parfums-6544959.jpg
Royal Paradise by Ainash Parfums 3.4oz,Ainash,179.5,Disponible,https://cdn.shopify.com/s/files/1/0936/6713/1667/files/royal-paradise-by-ainash-parfums-34oz-6458019.jpg
Royale Eclusif,,127,Disponible,https://cdn.shopify.com/s/files/1/0936/6713/1667/files/royale-eclusif-2774291_f5b7dd58-fb90-4336-811d-83a065c0d6fc.jpg
Royce Black,,92,Agotado,https://cdn.shopify.com/s/files/1/0936/6713/1667/files/royce-black-9750786.jpg
Ruby,,81.5,Agotado,https://cdn.shopify.com/s/files/1/0936/6713/1667/files/ruby-2970687_eb2d6578-061d-46b8-b31f-3bcf6b38d956.webp
Ruby By Kajal eau de parfum unisex,,512,Agotado,https://cdn.shopify.com/s/files/1/0936/6713/1667/files/6E67BD0D-8910-4DC5-B3BD-893D745EF6A7.jpg
Ruby Orchid Flowerbomb by Viktor &amp; Rolf for Women 0.04 oz Eau de Parfum,,57,Disponible,https://cdn.shopify.com/s/files/1/0936/6713/1667/files/ruby-orchid-flowerbomb-by-viktor-amp-rolf-for-women-004-oz-eau-de-parfum-8490668.jpg
Rue Broca Men's Luminus EDP 3.4 oz,,90.25,Disponible,https://cdn.shopify.com/s/files/1/0936/6713/1667/files/rue-broca-mens-luminous-edp-34-oz-fragrances-6290171073529.jpg
Rutbah,,127,Disponible,https://cdn.shopify.com/s/files/1/0936/6713/1667/files/rutbah-8530885_14b36863-1a76-4b7d-b5a8-5748aded24df.jpg
Sabah Al Ward Al Wataniah for women,Al Wataniah,95.5,Agotado,https://cdn.shopify.com/s/files/1/0936/6713/1667/files/sabah-al-ward-al-wataniah-for-women-8969866_cc65cf2a-49ca-43cf-bc54-3ac6f35bdce7.jpg
Sabrina Carpenter Sweet Tooth Lemon Pie Eau de Parfum,,155,Agotado,https://cdn.shopify.com/s/files/1/0936/6713/1667/files/shopping-29_b727dec4-e391-4b27-8a6a-0927930ad91a.jpg
Sabrina Carpenter Me Espresso Eau de Parfum,,155,Disponible,https://cdn.shopify.com/s/files/1/0936/6713/1667/files/shopping-34.jpg
Sabrina Carpenter - Women Sweet Tooth Eau De Parfum 100 ML,,155,Agotado,https://cdn.shopify.com/s/files/1/0936/6713/1667/files/shopping-32.jpg
SABRINA CARPENTER CARAMEL DREAM EAU DE PARFUM 100 ML,,155,Disponible,https://cdn.shopify.com/s/files/1/0936/6713/1667/files/shopping-36.jpg
Sabrina Carpenter Sweet Tooth Cherry Baby Eau DE PARFUM 75 ML,,155,Disponible,https://cdn.shopify.com/s/files/1/0936/6713/1667/files/shopping-31.jpg
Sabrina Carpenter Sweet Tooth Cherry Baby Set 3pc,,155,Disponible,https://cdn.shopify.com/s/files/1/0936/6713/1667/files/B80p85N.webp
Safa Al Arab For Unisex,,81.5,Agotado,https://cdn.shopify.com/s/files/1/0936/6713/1667/files/safa-al-arab-for-unisex-4899390.jpg
Safari Breeze Perfume Extract 100ml - French Avenue,French Avenue,146.25,Disponible,https://cdn.shopify.com/s/files/1/0936/6713/1667/files/fragranceworldsafaribreeze_2000w01.webp
Sakeena for women,,113,Disponible,https://cdn.shopify.com/s/files/1/0936/6713/1667/files/sakeena-9993064_ff7e51ce-4681-4b12-b77f-e5b4f0977c20.webp
Salvatore Ferragamo Salvatore Ferragamo Pour Homme,,127,Disponible,https://cdn.shopify.com/s/files/1/0936/6713/1667/files/salvatore-ferragamosalvatore-ferragamo-edt-spray-34-oz-m-646875431527-2.jpg
Salvo Eau De Parfum 100 ml,,88.5,Disponible,https://cdn.shopify.com/s/files/1/0936/6713/1667/files/salvo-eau-de-parfum-5309009.jpg
Salvo Elixir Maison Alhambra for Men,Maison Alhambra,92,Agotado,https://cdn.shopify.com/s/files/1/0936/6713/1667/files/salvo-elixir-maison-alhambra-for-men-5068097.jpg
Salvo Intense Eau De Parfum,,88.5,Disponible,https://cdn.shopify.com/s/files/1/0936/6713/1667/files/salvo-intense-eau-de-parfum-1372060_8172e2c4-c655-445c-a74b-efb9a82cdb35.jpg
Samara Adyan for Women,Adyan,95.5,Disponible,https://cdn.shopify.com/s/files/1/0936/6713/1667/files/samara-adyan-for-women-9859714_886407d5-9378-4838-bf44-9c58fa543d12.jpg
Santorini,,176,Agotado,https://cdn.shopify.com/s/files/1/0936/6713/1667/files/santorini-1846010.webp
Saphiro,,127,Disponible,https://cdn.shopify.com/s/files/1/0936/6713/1667/files/saphiro-6067980.jpg
Sapphire Bold L'Orientale Fragrances for women and men,,151.5,Disponible,https://cdn.shopify.com/s/files/1/0936/6713/1667/files/dark-375x500.89220.2x.avif
Saqar Platinum,,81.5,Agotado,https://cdn.shopify.com/s/files/1/0936/6713/1667/files/saqar-platinum-9976259_1226f61b-39ef-4023-bc9e-f867316284a1.webp
Sarah,,92,Disponible,https://cdn.shopify.com/s/files/1/0936/6713/1667/files/sarah-5998003.jpg
Sarah Female For Le Chameau,Le Chameau,92,Disponible,https://cdn.shopify.com/s/files/1/0936/6713/1667/files/sarah-female-for-le-chameau-1718032.jpg
Saud,,102.5,Agotado,https://cdn.shopify.com/s/files/1/0936/6713/1667/files/saud-7684141_18b0a4ad-4775-43e3-83ba-f5add271c3cf.webp
Saudi King 786,,141,Disponible,https://cdn.shopify.com/s/files/1/0936/6713/1667/files/saudi-king-786-7973737_47f5a2f3-13fe-4c49-8fe4-cbb0035a23f3.jpg
Sauvage Dior Eau de Toilette 100 ml,Dior,511.965,Disponible,https://cdn.shopify.com/s/files/1/0936/6713/1667/files/IMG_8351.jpg
Sauvage Elixir - For Men (100 ml),,862,Disponible,https://cdn.shopify.com/s/files/1/0936/6713/1667/files/51V3ROkDrtL._SL1280.jpg
Sauvage Elixir - for Men (60 ml),,631,Disponible,https://cdn.shopify.com/s/files/1/0936/6713/1667/files/IMG_2226_36aec3b7-d251-48e2-9ea9-cce0e1a66369.jpg
Sav Passion,,81.5,Agotado,https://cdn.shopify.com/s/files/1/0936/6713/1667/files/sav-passion-4857539.webp
"Save Age Elixir, Le chameau - Para hombres, 2.9 fl oz/2,8 Fl.Oz",Le Chameau,90.25,Disponible,https://cdn.shopify.com/s/files/1/0936/6713/1667/files/IMG_1339.jpg
Scandal Absolu Jean Paul Gaultier for women,Jean Paul Gaultier,396.5,Disponible,https://cdn.shopify.com/s/files/1/0936/6713/1667/files/jean-paul-gaultier-ladies-scandal-absolu-parfum-27-oz-fragrances-8435415080422.jpg
Scandal Jean Paul Gaultier for women,Jean Paul Gaultier,382.5,Disponible,https://cdn.shopify.com/s/files/1/0936/6713/1667/files/51rAIP1wi9L._SL1000.jpg
Scandal Le Parfum by Jean Paul Gaultier for men (CLEAN),Jean Paul Gaultier,387.75,Disponible,https://cdn.shopify.com/s/files/1/0936/6713/1667/files/Photoroom_20250603_203500.jpg
Scandal Pour Homme Eau de Toilette Recharge Refill by Jean Paul Gaultier,Jean Paul Gaultier,407,Agotado,https://cdn.shopify.com/s/files/1/0936/6713/1667/files/SCANDAL-REFILL.webp
Scandal Pour Homme Elixir Jean Paul Gaultier for men 100 ML,Jean Paul Gaultier,533,Agotado,https://cdn.shopify.com/s/files/1/0936/6713/1667/files/jean-paul-gaultier-mens-scandal-elixir-parfum-34-oz-fragrances-8435415114028.jpg
Sceptre Amazonite Maison Alhambra for women and men,Maison Alhambra,95.5,Disponible,https://cdn.shopify.com/s/files/1/0936/6713/1667/files/IMG_5617_583bd7b3-5315-48f6-a38a-7dbce87cb81d.jpg
SCEPTRE BRONZITE 100,,95.5,Disponible,https://cdn.shopify.com/s/files/1/0936/6713/1667/files/sceptre-bronzite-100-7917140_2774f970-5873-418b-aeb4-dd6df8bddf17.jpg
SCEPTRE DESERT EAU DE PARFUM 100 ML,,109.325,Disponible,https://cdn.shopify.com/s/files/1/0936/6713/1667/files/WhatsAppImage2025-08-11at09.17.58.jpg
Sceptre Malachite Eau de Parfum 3.4oz,Maison Alhambra,112.825,Disponible,https://cdn.shopify.com/s/files/1/0936/6713/1667/files/sceptre-malachite-eau-de-parfum-34oz-1520802.jpg
Sea Star Zakat,Zakat,92,Disponible,https://cdn.shopify.com/s/files/1/0936/6713/1667/files/sea-star-zakat-3788012.webp
Secret Love Eau Parfum 3.4 oz,,95.5,Agotado,https://cdn.shopify.com/s/files/1/0936/6713/1667/files/secret-love-eau-parfum-34-oz-1030439.jpg
Secrets Of Arnia eau Parfum 3.4oz,,90.25,Disponible,https://cdn.shopify.com/s/files/1/0936/6713/1667/files/secrets-of-arnia-eau-parfum-34oz-8983569.jpg
Secrets Of Athens Eau Parfum 3.4oz,,90.25,Disponible,https://cdn.shopify.com/s/files/1/0936/6713/1667/files/secret-of-athens-eau-parfum-34oz-3040936.jpg
Secrets Of Diana Eau Parfum 3.4oz,,90.25,Disponible,https://cdn.shopify.com/s/files/1/0936/6713/1667/files/secrets-of-diana-eau-parfum-34oz-4979011.jpg
SELINA EDP - 100MI,,88.5,Disponible,https://cdn.shopify.com/s/files/1/0936/6713/1667/files/selina-edp-100mi-6561969.jpg
Sensual Vanilla Atralia for women and men,ATRALIA,104.25,Disponible,https://cdn.shopify.com/s/files/1/0936/6713/1667/files/IMG_6982.jpg
Sensual Vanilla Eau Parfum MAISON ALHAMBRA 3.4oz,Maison Alhambra,97.25,Disponible,https://cdn.shopify.com/s/files/1/0936/6713/1667/files/sensual-vanilla-eau-parfum-34oz-6991150.jpg
Ser al ameera,Emper,88.5,Disponible,https://cdn.shopify.com/s/files/1/0936/6713/1667/files/ser-al-ameera-4865847.webp
Set 250ml/6.8oz Colonia + Locion Hidratante Women,,71,Agotado,https://cdn.shopify.com/s/files/1/0936/6713/1667/files/IMG-1395_png_2391443f-744a-484a-a9ca-ae1d5f2adf02.webp
Set 9 PM Pour Homme Afnan,Afnan,155,Disponible,https://cdn.shopify.com/s/files/1/0936/6713/1667/files/set-9pm-pour-homme-afnan-2994123_113e5746-1c56-4174-b86b-aac5ee74d994.jpg
Set Arabia Haya By Emper,Emper,107.75,Disponible,https://cdn.shopify.com/s/files/1/0936/6713/1667/files/set-arabia-haya-by-emper-5085731.jpg
Set Arabia Madamme by Emper,Emper,107.75,Disponible,https://cdn.shopify.com/s/files/1/0936/6713/1667/files/set-arabia-madamme-by-emper-8039934.jpg
Set Asad and Asad Zanzibar 100 ml,Lattafa,146.25,Disponible,https://cdn.shopify.com/s/files/1/0936/6713/1667/files/IMG_7563.jpg
Set Burj Dubai 3 pcs 50 ml,,99,Agotado,https://cdn.shopify.com/s/files/1/0936/6713/1667/files/set-burj-dubai-3-pcs-50-ml-7016245.jpg
Set de regalo unisex de 3 piezas de perfume EDP Khamrah Qahwa 6290362349624,Lattafa,174.25,Disponible,https://cdn.shopify.com/s/files/1/0936/6713/1667/files/FullSizeRender_e882d1f8-fb08-4a2b-ae34-a367585c06b8.jpg
"Set de regalo Valentino Born in Roma Donna (EDP 3,4 fl. oz. + EDP de viaje 0.5 fl. oz + loción corporal 1.7 fl. oz)",Valentino,477,Agotado,https://cdn.shopify.com/s/files/1/0936/6713/1667/files/IMG_5508.jpg
Set G 3pcs For Woman Emper,Emper,90.25,Disponible,https://cdn.shopify.com/s/files/1/0936/6713/1667/files/set-g-3pcs-for-woman-4255032.jpg
Set Sexy Amber Michael Kors 850050174325,Michael Kors,267,Agotado,https://cdn.shopify.com/s/files/1/0936/6713/1667/files/FullSizeRender_91c188b6-a131-40f6-8604-14e100c33624.jpg
Set The Most Wanted 3 Pcs (3.38 oz +Deo + Mini ) Parfum For Men,,389.465,Disponible,https://cdn.shopify.com/s/files/1/0936/6713/1667/files/3614274668421_2_a8d4f848-d2a4-4996-b936-18c5e0a018ba.jpg
Set YSL Black Opium 3 Pcs (3.0 oz EDP + LS + Mini) For Women,Yves Saint Laurent,512,Disponible,https://cdn.shopify.com/s/files/1/0936/6713/1667/files/Screenshot_2025-09-16_at_10.44.20AM__15223.png-2.webp
Shagaf Al Ward,,92,Agotado,https://cdn.shopify.com/s/files/1/0936/6713/1667/files/shagaf-al-ward-5918918.webp
Shaghaf Oud Swiss Arabian for women and men,Swiss Arabian,160.25,Disponible,https://cdn.shopify.com/s/files/1/0936/6713/1667/files/dark-375x500.50582.2x.avif
Shahama,,144.5,Disponible,https://cdn.shopify.com/s/files/1/0936/6713/1667/files/shahama-7858859.webp
Sham,,106,Disponible,https://cdn.shopify.com/s/files/1/0936/6713/1667/files/sham-3435978_9a73f90a-9a95-4b7d-a220-279b7d5acc4d.webp
Shams Al Emarat Khususi Glaze & Glow Eau de Parfum Spray 100ml (3.4 oz) by Ard Al Zaafaran,Ard Al Zaafaran,114.75,Agotado,https://cdn.shopify.com/s/files/1/0936/6713/1667/files/skoxixujrvlrvmrhmv4z.webp
Shams Al Emarat Khususi Iced Petal Eau de Parfum Spray 100ml (3.4 oz) by Ard Al Zaafaran,Ard Al Zaafaran,114.75,Agotado,https://cdn.shopify.com/s/files/1/0936/6713/1667/files/u2cawm4csh8lt6j1drag.webp
Shams Al Emarat Pink Blush Ard Al Zaafaran,Ard Al Zaafaran,113,Disponible,https://cdn.shopify.com/s/files/1/0936/6713/1667/files/1_88d71faf-4cb7-4974-869a-5b6e3becfdb3_webp.jpg
Sharaf Blend 3.4 oz,,111.25,Disponible,https://cdn.shopify.com/s/files/1/0936/6713/1667/files/sharaf-blend-34-oz-1028319.jpg
SHE Eau Parfum 100ML,,81.5,Disponible,https://cdn.shopify.com/s/files/1/0936/6713/1667/files/she-eau-parfum-100ml-7543299.jpg
She is Love by Ainash Parfums,Ainash,170.75,Disponible,https://cdn.shopify.com/s/files/1/0936/6713/1667/files/she-is-love-by-ainash-parfums-3459396.jpg
SHINES OF NEW YORK 85ML,,116.5,Disponible,https://cdn.shopify.com/s/files/1/0936/6713/1667/files/shines-of-newyork-2048x2048.jpg
Shinning City by Milestone,Milestone,88.5,Agotado,https://cdn.shopify.com/s/files/1/0936/6713/1667/files/FullSizeRender_79914566-c43c-4dd2-8585-db05e8f32b5f.jpg
Shuhrah Sensuelle EDP Perfume By Rasasi 100ML,Rasasi,132.25,Disponible,https://cdn.shopify.com/s/files/1/0936/6713/1667/files/7d6fdd38-fc2d-4e77-aa60-b375882a461d_5626c09a25104c13a6bf4593ab270965_jpeg.webp
Silky Saffron,,162,Disponible,https://cdn.shopify.com/s/files/1/0936/6713/1667/files/silky-saffron-1697698_f4ce5b22-7d82-40ff-b1eb-37c5f1023aed.webp
Smokin' Gorgeous Orientica Premium for women,ORIENTICA,739.5,Disponible,https://cdn.shopify.com/s/files/1/0936/6713/1667/files/smokin-gorgeous-orientica-premium-for-women-9890281.jpg
So Candid Eau de Parfum 3.4oz 100 ml,,92,Agotado,https://cdn.shopify.com/s/files/1/0936/6713/1667/files/IMG_1913.jpg
SO GENIUS (25 ML),Emper,63.825,Agotado,https://cdn.shopify.com/s/files/1/0936/6713/1667/files/so-genius-25ml-2048x2048.jpg
Sofia Vergara Ladies Lost In Paradise 8 oz,,67.5,Disponible,https://cdn.shopify.com/s/files/1/0936/6713/1667/files/sofia-vergara-ladies-lost-in-paradise-8-oz-fragrances-840797123397.jpg
Soirée MAISON ASRAR for women,,127,Disponible,https://cdn.shopify.com/s/files/1/0936/6713/1667/files/FullSizeRender_d3c13b46-7c89-4b1e-8c49-7eff3647ac80.jpg
Sol de Janeiro Brazilian Bum Bum Jet Set Summer,,140.825,Agotado,https://cdn.shopify.com/s/files/1/0936/6713/1667/files/WhatsAppImage2025-05-24at11.03.17.jpg
SOL DE JANEIRO Brazilian Crush Cheirosa ’68 Fragrance Mist 30ml,,92,Disponible,https://cdn.shopify.com/s/files/1/0936/6713/1667/files/sol_de_janeiro_brazilian_crush_cheirosa_68_fragrance_mist_30ml_1_.jpg.mst.webp
SOL DE JANEIRO Cheirosa 76 Perfume Mist 30ml,,92,Disponible,https://cdn.shopify.com/s/files/1/0936/6713/1667/files/r04499356_alt03.jpg.mst.webp
SOL DE JANEIRO Rio Radiance Mist Deluxe Size 30 ml,,92,Disponible,https://cdn.shopify.com/s/files/1/0936/6713/1667/files/soldejaneiro_rioradince_30_1.png.mst.webp
SOL JANEIRO Cheirosa 71 Perfume Mist 30 ML,,92,Disponible,https://cdn.shopify.com/s/files/1/0936/6713/1667/files/FullSizeRender_3aafbed3-4f1e-4aa7-998a-83f39f852620.jpg
Soleil D’Ombre Jacques Yves Perfume de Fragrance World Perfumes Eau De Parfum,Fragrance World,81.5,Disponible,https://cdn.shopify.com/s/files/1/0936/6713/1667/files/soleil-dombre-jacques-yves-perfume-de-fragrance-world-perfumes-eau-de-parfum-2429785.jpg
Solid Gold,,144.5,Disponible,https://cdn.shopify.com/s/files/1/0936/6713/1667/files/solid-gold-3332534.jpg
Solitaire Eau De Parfum by French Avenue,French Avenue,147.825,Disponible,https://cdn.shopify.com/s/files/1/0936/6713/1667/files/ECF7FD60-A7FE-47F2-8FEF-8DFB4BD58D59_1024x1024_2x_jpg.webp
SOSPIRO Unisex Vibrato EDP Spray 3.4 oz,Sospiro,736,Agotado,https://cdn.shopify.com/s/files/1/0936/6713/1667/files/sospiro-unisex-vibrato-edp-spray-34-oz-fragrances-3700583501396_2.jpg
SOUDFA - EAU DE PARFUM 100 ML,,81.5,Disponible,https://cdn.shopify.com/s/files/1/0936/6713/1667/files/soudfa-eau-de-parfum-100-ml-2436643.jpg
Souvenir Blooming Bliss by Afnan 3.4oz,Afnan,141,Disponible,https://cdn.shopify.com/s/files/1/0936/6713/1667/files/souvenir-blooming-bliss-by-afnan-34oz-6532581.jpg
Souvenir Desert Rose,Afnan,137.5,Agotado,https://cdn.shopify.com/s/files/1/0936/6713/1667/files/souvenir-desert-rose-6867576_05ba073d-a63b-47d1-bc26-2508b717b302.jpg
Souvenir Floral Bouquet,Afnan,137.5,Agotado,https://cdn.shopify.com/s/files/1/0936/6713/1667/files/souvenir-floral-bouquet-8977111.webp
Space Age Eau de Parfum 100 ml,,130.5,Disponible,https://cdn.shopify.com/s/files/1/0936/6713/1667/files/IMG_8854.jpg
Spectre (Ghost) French Avenue 80 ML,French Avenue,146.25,Disponible,https://cdn.shopify.com/s/files/1/0936/6713/1667/files/spectre-ghost-french-avenue-for-men-1664491.jpg
Spectre (Wraith) Edp 80ML,,134,Disponible,https://cdn.shopify.com/s/files/1/0936/6713/1667/files/s-l1600-46.jpg
Spectre Eau De Parfum Spray 80 ML,,139.25,Disponible,https://cdn.shopify.com/s/files/1/0936/6713/1667/files/s-l1600-45.jpg
SPICEBOMB EXTREME Eau de Parfum 100 ml,,333.5,Disponible,https://cdn.shopify.com/s/files/1/0936/6713/1667/files/IMG_3512.jpg
Spray 12,,116.5,Disponible,https://cdn.shopify.com/s/files/1/0936/6713/1667/files/spray-12-6708058.png
"Spray parfumat pentru corp si par, Sol de Janeiro Cheirosa '59 30ml",,92,Disponible,https://cdn.shopify.com/s/files/1/0936/6713/1667/files/res_8ac6e4f57415183955b0ac4f9a90771c.avif
Spray Perfumed Black Option 250 ml,,50,Agotado,https://cdn.shopify.com/s/files/1/0936/6713/1667/files/Photoroom_20250810_135147.jpg
Stallion 53 Eau de Parfum 3.4 oz,,93.75,Disponible,https://cdn.shopify.com/s/files/1/0936/6713/1667/files/FullSizeRender_2d1e88a7-b082-458b-9baf-8f7a798eb7c1.jpg
STALLION 53 Gift Set Emper,Emper,102.325,Disponible,https://cdn.shopify.com/s/files/1/0936/6713/1667/files/ab7de0a3-63e9-4532-911d-3d5753edabd9.jpg
Stallion EDP Spray 3.4 oz Fragrances,,95.5,Disponible,https://cdn.shopify.com/s/files/1/0936/6713/1667/files/FullSizeRender_336cff10-c075-4c7a-bd7b-349f9920ee9b.jpg
Stitch by Disney KIDS EAU DE PARFUM 3.4,,70.65,Disponible,https://cdn.shopify.com/s/files/1/0936/6713/1667/files/stitch-by-disney-34-oz-2567889.jpg
Strawberry Cheesecake Tubbees for women,,65.75,Disponible,https://cdn.shopify.com/s/files/1/0936/6713/1667/files/strawberry-cheesecake-tubbees-for-women-1600315_ea7a71e4-5c1f-4b02-9ffa-f43763681185.jpg
Stronger With You Intensely Eau de Parfum Holiday 2-Piece Gift Set,,442,Disponible,https://cdn.shopify.com/s/files/1/0936/6713/1667/files/2647564.avif
STRONGER WITH YOU TOBACCO 100 ML,,477,Agotado,https://cdn.shopify.com/s/files/1/0936/6713/1667/files/PDP.webp
Sugar Kisses 1.7oz Lorenzo Pazzaglia,Lorenzo Pazzaglia,547,Agotado,https://cdn.shopify.com/s/files/1/0936/6713/1667/files/IMG_5848.jpg
Sultan Al Arab,,95.5,Agotado,https://cdn.shopify.com/s/files/1/0936/6713/1667/files/sultan-al-arab-4709188_bf6449f2-0835-49fe-b814-f42761d67ffd.webp
Sultanah Afnan for women and men,Afnan,104.25,Agotado,https://cdn.shopify.com/s/files/1/0936/6713/1667/files/afnan-sultanah-concentrated-perfume-oil-08-oz-fragrances-6290171072454.jpg
Sultry Woods French Avenue for women,French Avenue,153.25,Agotado,https://cdn.shopify.com/s/files/1/0936/6713/1667/files/descarga_23.webp
Sun-gria Lorenzo Pazzaglia for women and men,Lorenzo Pazzaglia,596,Disponible,https://cdn.shopify.com/s/files/1/0936/6713/1667/files/sun-gria_50-700x700.webp
Sunset Rose,,92,Disponible,https://cdn.shopify.com/s/files/1/0936/6713/1667/files/sunset-rose-9123833.webp
SUPREMACY COLLECTOR'S EDITION,Afnan,175.125,Agotado,https://cdn.shopify.com/s/files/1/0936/6713/1667/files/S153876aeba244b00bc422e749c492d0e8_png_220x220_png.avif
Supremacy eau de parfum 100 ml,Afnan,107.75,Disponible,https://cdn.shopify.com/s/files/1/0936/6713/1667/files/supremacy-gold-7542566.jpg
Supremacy In Heaven Eau de Parfum 100 ml,Afnan,107.75,Agotado,https://cdn.shopify.com/s/files/1/0936/6713/1667/files/IMG_3369.jpg
Supremacy in Oud by Afnan,Afnan,154.125,Disponible,https://cdn.shopify.com/s/files/1/0936/6713/1667/files/s-l1600-2026-05-05T094745.166.webp
Supremacy Noir Eau de Parfum Spray 100ml (3.4 oz) by Afnan,Afnan,104.25,Disponible,https://cdn.shopify.com/s/files/1/0936/6713/1667/files/1700300.webp
Supremacy Not Only Intense Extrait De Parfum 150 ML,Afnan,162,Disponible,https://cdn.shopify.com/s/files/1/0936/6713/1667/files/supremacy-not-only-intense-extrait-de-parfum-150-ml-4655033.jpg
Supremacy Silver By Afnan Eau de Parfum 3.4 oz Men,Afnan,107.75,Disponible,https://cdn.shopify.com/s/files/1/0936/6713/1667/files/s-l1600_47.webp
Suqraat Eau Perfum 3.4oz,,93.75,Agotado,https://cdn.shopify.com/s/files/1/0936/6713/1667/files/suqraat-eau-perfum-34oz-7113462.jpg
Surreal Pastels of Arabia (EXTRAIT DE PARFUM),,109.5,Disponible,https://cdn.shopify.com/s/files/1/0936/6713/1667/files/surreal-pastels-of-arabia-extrait-de-parfum-1481116.jpg
Swano Forever Pour Femme Le Chameau Eau de Parfum Vaporisateur Natural Spray (2.7 fl oz/2.7 fl oz),Le Chameau,88.5,Disponible,https://cdn.shopify.com/s/files/1/0936/6713/1667/files/IMG_1333.jpg
Swano Verter Femme by Le Chameau EDP 2.7 OZ,Le Chameau,88.5,Disponible,https://cdn.shopify.com/s/files/1/0936/6713/1667/files/IMG_1345.jpg
Sweet Like Candy Ariana Grande para Dama 100 ml,,161.825,Disponible,https://cdn.shopify.com/s/files/1/0936/6713/1667/files/980042698l.webp
Sweet Paradise EDP Perfume By Fragrance World French Avenue,Fragrance World,153.25,Agotado,https://cdn.shopify.com/s/files/1/0936/6713/1667/files/FullSizeRender_d4ae709c-156b-4483-ac2b-9dd95faeda5e.jpg
Sweet Tooth Perfume Bundle Pack of Four by Sabrina Carpenter for Women,,456,Agotado,https://cdn.shopify.com/s/files/1/0936/6713/1667/files/shopping-28.jpg
Sweet Tooth Travel Four Eau de Parfum Gift Set,,151.5,Disponible,https://cdn.shopify.com/s/files/1/0936/6713/1667/files/ba6e861d-bdcd-49d6-9242-7b2b4ac9b230_d9b24a49ad869574dc2de23255ae6f45_jpeg.webp
SWISS Dare of the armies 25 ml,,67.5,Disponible,https://cdn.shopify.com/s/files/1/0936/6713/1667/files/D2979F63-8C35-4EB7-B15A-BF0CE90CEA7D.webp
Symphony 33 EDP 100ml/3.4 oz by Macarena,,83.25,Disponible,https://cdn.shopify.com/s/files/1/0936/6713/1667/files/lrlux-com-default-title-symphony-33-edp-100ml-3-4-oz-by-macarena-27756139020427_1200x_fc014231-577a-4fad-a601-ccd6cd1f3549.webp
Tag Uomo Di Terra,,106.7,Disponible,https://cdn.shopify.com/s/files/1/0936/6713/1667/files/IMG_3121.jpg
Tahara Vanilla - Musk Collection,,104.25,Disponible,https://cdn.shopify.com/s/files/1/0936/6713/1667/files/tahara-vanilla-musk-collection-3439877.jpg
Tamara Eau Parfum 3.4oz,,95.5,Disponible,https://cdn.shopify.com/s/files/1/0936/6713/1667/files/tamara-eau-parfum-34oz-5429171_ad8239a5-9630-4a46-ab20-8717bb625c81.jpg
Tarteel,,88.5,Disponible,https://cdn.shopify.com/s/files/1/0936/6713/1667/files/tarteel-6346883.jpg
TARVEL SET By Stallion,,95.5,Agotado,https://cdn.shopify.com/s/files/1/0936/6713/1667/files/tarvel-set-by-stallion-5208556.jpg
TASKEEN MARINA Paris Corner,Paris Corner,109.5,Disponible,https://cdn.shopify.com/s/files/1/0936/6713/1667/files/taskeen-marina-paris-corner-2784521_1c2ed3cc-f91b-45c5-b7bf-66b0d2ccf581.jpg
Tease Crème Cloud Eau de Parfum 3.4 oz,,286.25,Disponible,https://cdn.shopify.com/s/files/1/0936/6713/1667/files/111903912538_OF_B.avif
Tease Eau de Parfum 3.4 oz,,286.25,Disponible,https://cdn.shopify.com/s/files/1/0936/6713/1667/files/111873943586_OF_B.avif
Teens Pink Flower (Woman) - 100ML,,93.75,Disponible,https://cdn.shopify.com/s/files/1/0936/6713/1667/files/TeensPinkFlower_1.webp
Tempete Jacques Yves Perfume de Fragrance World Perfumes Eau De Parfum,Fragrance World,81.5,Disponible,https://cdn.shopify.com/s/files/1/0936/6713/1667/files/tempete-jacques-yves-perfume-de-fragrance-world-perfumes-eau-de-parfum-7249485_7d199391-c36f-4471-8853-5d67dde75eab.jpg
Territoire Cobalt Eau de Parfum 100 ml,,90.25,Disponible,https://cdn.shopify.com/s/files/1/0936/6713/1667/files/IMG_3527.jpg
"Territoire Eau De Parfum, Men's Cologne (Desire)",,90.25,Disponible,https://cdn.shopify.com/s/files/1/0936/6713/1667/files/IMG_3471.jpg
Territoire Femme Dreams,,90.25,Disponible,https://cdn.shopify.com/s/files/1/0936/6713/1667/files/IMG_3466.jpg
Territoire Gold 79 Eau de Parfum Spray,,92,Disponible,https://cdn.shopify.com/s/files/1/0936/6713/1667/files/IMG_1598.jpg
Territoire Metal Eau de Parfum 100 ml,,90.25,Disponible,https://cdn.shopify.com/s/files/1/0936/6713/1667/files/IMG_3490_2b28d48c-a31d-459d-83b0-4a390e16d54c.jpg
Territoire Pour Homme Eau de Parfum 100 ml,,90.25,Disponible,https://cdn.shopify.com/s/files/1/0936/6713/1667/files/IMG_3472.jpg
Territoire Sport Eau de Parfum 100 ml,,90.25,Disponible,https://cdn.shopify.com/s/files/1/0936/6713/1667/files/IMG_3491.jpg
Thamniyat Ambree,,109.5,Disponible,https://cdn.shopify.com/s/files/1/0936/6713/1667/files/thamniyat-ambree-5245089.jpg
Thamniyat Flora,,109.5,Disponible,https://cdn.shopify.com/s/files/1/0936/6713/1667/files/thamniyat-flora-2463839.jpg
Thamniyat Vetiver Eau Parfum 3.4oz,,116.5,Disponible,https://cdn.shopify.com/s/files/1/0936/6713/1667/files/thamniyat-vetiver-eau-parfum-34oz-2569500.jpg
Tharwah Gold,,123.5,Agotado,https://cdn.shopify.com/s/files/1/0936/6713/1667/files/tharwah-gold-6404968.webp
THE BLACK 92 EDP U 3.4OZ,Emper,95.5,Disponible,https://cdn.shopify.com/s/files/1/0936/6713/1667/files/the-black-92-edp-u-34oz-5106868_cb88968c-80a9-4694-8da4-10fac3ee1f8a.jpg
The Charm,,92,Disponible,https://cdn.shopify.com/s/files/1/0936/6713/1667/files/the-charm-2716014.webp
THE GOLDEN SNAKE EUA PARFUM 100ML / 3.4 FL.OZ,,86.75,Disponible,https://cdn.shopify.com/s/files/1/0936/6713/1667/files/the-golden-snake-eua-parfum-100ml-34-floz-2050652.jpg
THE GOLDEN TIGER EAU PARFUM 100ML / 3.4 FL.OZ,,90.25,Disponible,https://cdn.shopify.com/s/files/1/0936/6713/1667/files/the-golden-tiger-eau-parfum-100ml-34-floz-7869371.jpg
The House Of Oud Unisex Dear Karma EDP Spray 2.5 oz,,599.465,Disponible,https://cdn.shopify.com/s/files/1/0936/6713/1667/files/dark-375x500.97046.2x.avif
The Immencity,,90.25,Disponible,https://cdn.shopify.com/s/files/1/0936/6713/1667/files/the-immencity-7304262.webp
The Jewel of Night Anfar London for men,Anfar,137.5,Disponible,https://cdn.shopify.com/s/files/1/0936/6713/1667/files/s-l1600-83.jpg
The Jewel of Ocean,,137.5,Disponible,https://cdn.shopify.com/s/files/1/0936/6713/1667/files/the-jewel-of-ocean-1547564.webp
The Most Wanted Azzaro Eau Parfum Intense for men 100 ml /3.4oz (Decoded)*,Azzaro,284.5,Disponible,https://cdn.shopify.com/s/files/1/0936/6713/1667/files/IMG_0717.jpg
THE NIGHT OF PARIS Ocean Eau Parfum 3.3oz,,162,Disponible,https://cdn.shopify.com/s/files/1/0936/6713/1667/files/the-night-of-paris-ocean-eau-parfum-33oz-4864695.jpg
The Night's Treasure Intense,,88.5,Disponible,https://cdn.shopify.com/s/files/1/0936/6713/1667/files/the-nights-treasure-intense-5866391_67fedb6c-5e2a-4970-8cf6-b6587efb4596.jpg
THE REBEL ONE BY ANARCHY PERFUME 3.4OZ / 100ML,,188.25,Disponible,https://cdn.shopify.com/s/files/1/0936/6713/1667/files/the-rebel-one-by-anarchy-perfume-34oz-100ml-7306401.webp
THE REGAL TOUCH / LA NUIT 3.4oz,,144.5,Disponible,https://cdn.shopify.com/s/files/1/0936/6713/1667/files/the-regal-touch-la-nuit-34oz-8818490.jpg
THE REGAL TOUCH / LA ROSE,,144.5,Disponible,https://cdn.shopify.com/s/files/1/0936/6713/1667/files/the-regal-touch-la-rose-6808330_e39e8f58-a5fb-4b77-9584-e63843827221.jpg
THE REGAL TOUCH / LE BLEU 3.4oz,,144.5,Disponible,https://cdn.shopify.com/s/files/1/0936/6713/1667/files/the-regal-touch-le-bleu-34oz-4412401.jpg
The Scent of Karol,,97.25,Disponible,https://cdn.shopify.com/s/files/1/0936/6713/1667/files/the-scent-of-karol-3392627.jpg
The Show Magnifique Eau De Parfum Spray 100ml (3.4 oz) By Paris Corner,Paris Corner,214.465,Agotado,https://cdn.shopify.com/s/files/1/0936/6713/1667/files/iyt0see0zshfixpvyo12.webp
The Wood Vanilla Amber By Emper,Emper,90.25,Disponible,https://cdn.shopify.com/s/files/1/0936/6713/1667/files/vanilla-amber-by-emper-5709108.jpg
Thierry Mugler Angel Nova Eau De Parfum,Mugler,372,Agotado,https://cdn.shopify.com/s/files/1/0936/6713/1667/files/IMG_1639_e27fe783-d523-49f5-a98e-3d768ec79bfa.jpg
Thierry Mugler Ladies Alien Goddess EDP Spray 3 oz,Mugler,442,Disponible,https://cdn.shopify.com/s/files/1/0936/6713/1667/files/s-l960_3.webp
Thierry Mugler Ladies Angel Elixir EDP 3.4 oz,Mugler,316,Agotado,https://cdn.shopify.com/s/files/1/0936/6713/1667/files/thierry-mugler-ladies-angel-elixir-edp-34-oz-fragrances-3614273764926.jpg
Thierry Mugler Ladies Angel Fantasm EDP Spray 3.4 oz,Mugler,316,Agotado,https://cdn.shopify.com/s/files/1/0936/6713/1667/files/thierry-mugler-ladies-angel-fantasm-edp-spray-34-oz-fragrances-3614274076745.jpg
Thierry Mugler Mugler Ladies Angel Standing Star EDP Spray 3.4 oz,Mugler,316,Agotado,https://cdn.shopify.com/s/files/1/0936/6713/1667/files/mugler-ladies-angel-standing-star-edp-spray-34-oz-fragrances-3439600056655_1.jpg
Tiara Pink Al Wataniah for women,Al Wataniah,90.25,Disponible,https://cdn.shopify.com/s/files/1/0936/6713/1667/files/dark-375x500.115763.2x.avif
Timeless Pastels of Arabia (EXTRAIT DE PARFUM),,109.5,Disponible,https://cdn.shopify.com/s/files/1/0936/6713/1667/files/timeless-pastels-of-arabia-extrait-de-parfum-7948219_05b3eab4-5e4c-452d-9f59-e515bcc271ea.jpg
Tiramisu Caramel Zimaya for women and men,Zimaya,122.625,Disponible,https://cdn.shopify.com/s/files/1/0936/6713/1667/files/tiramisu-caramel-zimaya-for-women-and-men-7140952.jpg
Tiramisu Coco Zimaya for women and men,Zimaya,122.625,Disponible,https://cdn.shopify.com/s/files/1/0936/6713/1667/files/tiramisu-coco-zimaya-for-women-and-men-3438827_c599172f-f74f-46b3-aee4-1f2932b3c54b.jpg
Titans Splash Tubbees for women and men,,65.75,Agotado,https://cdn.shopify.com/s/files/1/0936/6713/1667/files/titans-splash-tubbees-for-women-and-men-7215529_1449bdab-3b86-4737-a62f-acd429e29e9d.jpg
Tiziana Terenzi Kirke for Men and Women,Tiziana Terenzi,421,Agotado,https://cdn.shopify.com/s/files/1/0936/6713/1667/files/IMG_0707.jpg
To Be Different by Ainash Parfums,Ainash,170.75,Agotado,https://cdn.shopify.com/s/files/1/0936/6713/1667/files/to-be-different-by-ainash-parfums-9053815_20c305ca-d53d-49d5-9c74-58d21fc9318f.jpg
Tom Ford Eau d'Ombre Leather Cologne,Tom Ford,704.5,Agotado,https://cdn.shopify.com/s/files/1/0936/6713/1667/files/IMG_0113.jpg
Tom Ford Lost Cherry 50 ML EAU DE PARFUM,Tom Ford,792,Agotado,https://cdn.shopify.com/s/files/1/0936/6713/1667/files/tflc17w.jpg
TOM FORD Lost Cherry Fragrances Unisex Gift Set (50 ml),Tom Ford,932,Disponible,https://cdn.shopify.com/s/files/1/0936/6713/1667/files/IMG_4419.jpg
Tonka Gold Atralia for Men and Women,ATRALIA,104.25,Disponible,https://cdn.shopify.com/s/files/1/0936/6713/1667/files/fbbff39e-a811-4c45-8878-b69262f457e7.jpg
Tony Iommi Monkey Special by Xerjoff 3.4oz(diseñador),Xerjoff,963.5,Disponible,https://cdn.shopify.com/s/files/1/0936/6713/1667/files/tony-iommi-monkey-special-by-xerjoff-34ozdisenador-2288861.jpg
Tool Box,,92,Disponible,https://cdn.shopify.com/s/files/1/0936/6713/1667/files/tool-box-6359303.jpg
Toscano Leather Maison Alhambra for women and men (DESCONTINUED),Maison Alhambra,97.25,Agotado,https://cdn.shopify.com/s/files/1/0936/6713/1667/files/s-l1600-18.jpg
Touch of Oud,,92,Disponible,https://cdn.shopify.com/s/files/1/0936/6713/1667/files/touch-of-oud-9589784.webp
Tous LoveMe Tous The Emerald Elixir by Tous,,223.25,Agotado,https://cdn.shopify.com/s/files/1/0936/6713/1667/files/IMG-6903.webp
Toy 2 Pearl 3pcs Mini Gift Set by Moschino for Women,Moschino,102.5,Disponible,https://cdn.shopify.com/s/files/1/0936/6713/1667/files/gxp-14545.jpg
"Travel Refillable Mini Spray Bottles - Portable Mini Refillable Perfume Atomizer Bottle Spray, Scent Pump Case for Travel (Variety Pack of 12)",,113,Disponible,https://cdn.shopify.com/s/files/1/0936/6713/1667/files/IMG_8532.jpg
TriBeCa Bond No 9 for women and men,Bond No.9,904,Disponible,https://cdn.shopify.com/s/files/1/0936/6713/1667/files/Tribeca_Bond_No__9_550x_png.webp
Tribute Blue Anan,,137.5,Disponible,https://cdn.shopify.com/s/files/1/0936/6713/1667/files/tribute-blue-anan-9796894.jpg
Tribute Pink Afnan,Afnan,137.5,Disponible,https://cdn.shopify.com/s/files/1/0936/6713/1667/files/tribute-pink-afnan-9773812_739aa753-7561-477c-a111-a26ac51cbc5f.jpg
Tropical Kiss French Avenue for women,French Avenue,140.825,Agotado,https://cdn.shopify.com/s/files/1/0936/6713/1667/files/shopping_75.webp
Tropikalys Karma 50 ml / Lorenzo Pazzaglia,Lorenzo Pazzaglia,547,Disponible,https://cdn.shopify.com/s/files/1/0936/6713/1667/files/c72c4b_180d88d0ead64bbb93d237dc060fa60a_mv2.avif
TUBBEES BERRY EXPLOSION 50ML BY LE GRANDEUR,,84.825,Disponible,https://cdn.shopify.com/s/files/1/0936/6713/1667/files/961B6EB3-B7D4-434F-A657-172D775CF009_jpg.webp
TUBBEES BLUEBERRY SORBET 50ML BY LE GRANDEUR,,84.825,Disponible,https://cdn.shopify.com/s/files/1/0936/6713/1667/files/8670F0DA-AFD0-4141-A37F-BF3A67E3730E_jpg.webp
Tubbees Bubble GumEau de Parfum 50 ML,,65.75,Disponible,https://cdn.shopify.com/s/files/1/0936/6713/1667/files/IMG_8875.jpg
TUBBEES CANDY APPLE 50ML BY LE GRANDEUR,,84.825,Disponible,https://cdn.shopify.com/s/files/1/0936/6713/1667/files/57259928-7115-413B-BE65-DD9A4629D0A8_jpg.webp
Tubbees Chocolate Fudge Eau de Parfum 50 ML,,65.75,Disponible,https://cdn.shopify.com/s/files/1/0936/6713/1667/files/IMG_8645.jpg
Tubbees Cotton Candy Eau de Parfum 50 ML,,65.75,Disponible,https://cdn.shopify.com/s/files/1/0936/6713/1667/files/IMG_8650.jpg
TUBBEES GOLDEN PARLINE BLISS 50ML BY LE GRANDEUR,,84.825,Disponible,https://cdn.shopify.com/s/files/1/0936/6713/1667/files/C363364B-6D72-4605-9FF0-1133A7BEEF52_jpg.webp
TUBBEES LEMON A LICIOUS 50ML BY LE GRANDEUR,,84.825,Disponible,https://cdn.shopify.com/s/files/1/0936/6713/1667/files/A62B0087-3731-40BC-AF07-694C43F4CC1B_jpg.webp
TUBBEES MATCHA MADE IN HEAVEN 50ML BY LE GRANDEUR,,84.825,Disponible,https://cdn.shopify.com/s/files/1/0936/6713/1667/files/069E3B0F-44AA-4D2C-B303-2B4BF1D0BE85_jpg.webp
TUBBEES PASSION FRUIT MOJITO 50ML BY LE GRANDEUR,,84.825,Disponible,https://cdn.shopify.com/s/files/1/0936/6713/1667/files/510FA7E8-461F-4B53-907C-E02ECDEA040F.jpg-2.webp
Tubbees Sweet CaramelEau de Parfum 50 ML,,65.75,Disponible,https://cdn.shopify.com/s/files/1/0936/6713/1667/files/IMG_8644.jpg
TUBBEES SWEET MANGO MELODY 50ML BY LE GRANDEUR,,84.825,Disponible,https://cdn.shopify.com/s/files/1/0936/6713/1667/files/18CA12CC-DC81-48CA-A8DE-1638DCC6C82F.jpg-2_aa95bc0d-b02a-4314-8352-bd677a20e68d.webp
TUBBEES TIRA MISS YOU 50ML BY LE GRANDEUR,,84.825,Disponible,https://cdn.shopify.com/s/files/1/0936/6713/1667/files/931C0662-7EA3-43AC-9699-7E6A8851449B_jpg_1861845e-6da1-4ff9-aac6-3effd66c5264.webp
TUBBEES TRES LECHES 50ML BY LE GRANDEUR,,84.825,Disponible,https://cdn.shopify.com/s/files/1/0936/6713/1667/files/05BC3ACF-320F-479C-BD0A-1884107BDA55_jpg.webp
Tubbees Unicorn Vanilla Eau de Parfum 50 ML,,65.75,Disponible,https://cdn.shopify.com/s/files/1/0936/6713/1667/files/IMG_8647.jpg
Turathi Blue Afnan for men,Afnan,126.125,Disponible,https://cdn.shopify.com/s/files/1/0936/6713/1667/files/turathi-blue-afnan-for-men-8361933.jpg
Turathi Electric Afnan for women and men,Afnan,144.325,Disponible,https://cdn.shopify.com/s/files/1/0936/6713/1667/files/WhatsAppImage2025-07-14at16.14.36.jpg
Turathi Red Afnan for women,Afnan,119.965,Disponible,https://cdn.shopify.com/s/files/1/0936/6713/1667/files/dark-375x500.84404.2x.avif
Turín 31 by Ainash Parfums 3.4oz,Ainash,179.5,Disponible,https://cdn.shopify.com/s/files/1/0936/6713/1667/files/turin-31-by-ainash-parfums-34oz-9639807.jpg
Tuscany Leather Fragrance World for women and men 80 ml,Fragrance World,93.75,Disponible,https://cdn.shopify.com/s/files/1/0936/6713/1667/files/m96807343597_1.avif
Unisex Baccarat Rouge 540 Extrait De Parfum Spray 1.2 oz Fragrances,,1124.5,Agotado,https://cdn.shopify.com/s/files/1/0936/6713/1667/files/IMG_8965.jpg
Unisex Elixir Rouge Eau de Parfum by Le Chameau Emper,Emper,83.25,Disponible,https://cdn.shopify.com/s/files/1/0936/6713/1667/files/s-l1600-2026-06-16T100113.486.webp
UNPLUGED 20 ML ( X 1 UNIT),,53.5,Disponible,https://cdn.shopify.com/s/files/1/0936/6713/1667/files/EA7FBDAD-E126-47EE-B13D-8A9F4C465BD6.webp
UNPLUGED 20 ML (PAQ X 24 UNITS),,291.5,Disponible,https://cdn.shopify.com/s/files/1/0936/6713/1667/files/EA7FBDAD-E126-47EE-B13D-8A9F4C465BD6.webp
UOMO INTENSE BY STALLION 53 Eau de parfum 3.4floz/100ML + 20ML,,93.75,Agotado,https://cdn.shopify.com/s/files/1/0936/6713/1667/files/shopping-67.jpg
Urban Man Emper for men 3.4oz,Emper,83.25,Disponible,https://cdn.shopify.com/s/files/1/0936/6713/1667/files/urban-man-emper-for-men-34oz-9584665.jpg
Urban Woman Emper for women 3.4oz,Emper,86.75,Disponible,https://cdn.shopify.com/s/files/1/0936/6713/1667/files/urban-woman-emper-for-women-34oz-5617209.jpg
Urooj,,85,Disponible,https://cdn.shopify.com/s/files/1/0936/6713/1667/files/urooj-3950498_d2a6c768-2262-475f-b6b8-203ef9877fbd.webp
Valaya by Parfums de Marly 2.5 OZ 75ML,Parfums de Marly,1107,Disponible,https://cdn.shopify.com/s/files/1/0936/6713/1667/files/FullSizeRender_1e140eab-1de8-45db-8447-a47491bf2f5a.jpg
Valentino Born in Roma Extradose Donna Valentino for women,Valentino,512,Disponible,https://cdn.shopify.com/s/files/1/0936/6713/1667/files/New-in-Box-Donna-Born-in-Roma-Extradose-Spray-Incense-Burners-E-D-P_64c87d65-f463-4118-a6bf-e4375b258574_91d439fcff010783cfaeff92e7ba0abe_jpeg.webp
VALENTINO BORN IN ROMA UOMO EAU DE TOILETTE TWO PIECE GIFT,Valentino,512,Disponible,https://cdn.shopify.com/s/files/1/0936/6713/1667/files/3614274407655_1.webp
Valentino Donna Born In Roma Coral Fantasy for Men 0.04 oz Eau de Toilette Vial,Valentino,58.75,Disponible,https://cdn.shopify.com/s/files/1/0936/6713/1667/files/s-l1600-25.jpg
VALENTINO DONNA BORN IN ROMA EAU DE PARFUM GIFT SET EAU DE PARFUM 100 ML + 30 ML,Valentino,585.5,Agotado,https://cdn.shopify.com/s/files/1/0936/6713/1667/files/3614274407693_1.jpg
VALENTINO Donna Born in Roma Intense Eau de Parfum,Valentino,494.5,Agotado,https://cdn.shopify.com/s/files/1/0936/6713/1667/files/IMG_3141.jpg
"Valentino Donna Born in Roma Sample Spray .04oz, 1.2ml",Valentino,58.75,Disponible,https://cdn.shopify.com/s/files/1/0936/6713/1667/files/s-l1600-22.jpg
VALENTINO GARAVANI Ladies Donna Born In Roma Coral Fantasy EDP Spray 0.04 oz,Valentino,58.75,Disponible,https://cdn.shopify.com/s/files/1/0936/6713/1667/files/valentino-ladies-donna-born-in-roma-coral-fantasy-edp-spray-004-oz-fragrances-3614273672450.jpg
VALENTINO GARAVANI Ladies Mini Set Donna Born In Roma Gift Set,Valentino,302,Disponible,https://cdn.shopify.com/s/files/1/0936/6713/1667/files/valentino-ladies-mini-set-donna-born-in-roma-gift-set-fragrances-3660732643622.jpg
VALENTINO GARAVANI Men's Uomo Born in Roma Extradose Parfum 3.4 oz,Valentino,512,Agotado,https://cdn.shopify.com/s/files/1/0936/6713/1667/files/IMG_0893.jpg
Valentino Garavani Donna Valentino EDP Spray 3.4 oz (100 ml),Valentino,403.5,Agotado,https://cdn.shopify.com/s/files/1/0936/6713/1667/files/valentino-donna-valentino-edp-spray-34-oz-100-ml-w-8411061815106_3.jpg
VALENTINO GARAVANI Fragancias para hombre Born in Roma The Gold Uomo EDT Spray 3.4 oz,Valentino,480.5,Disponible,https://cdn.shopify.com/s/files/1/0936/6713/1667/files/IMG_8921.jpg
VALENTINO UOMO BORN IN ROMA CORAL FANTASY EAU DE TOILETTE,Valentino,386,Disponible,https://cdn.shopify.com/s/files/1/0936/6713/1667/files/valentino-mens-uomo-born-in-roma-coral-fantasy-edt-spray-34-oz-fragrances-3614273672412_2_8aa5961d-0a25-4e7d-baca-d554724ed880.jpg
"Valentino Uomo Born In Roma Eau De Toilette EDT Sample Spray .04oz, 1.2mL",Valentino,58.75,Disponible,https://cdn.shopify.com/s/files/1/0936/6713/1667/files/s-l1600-23.jpg
Valentino Uomo Born In Roma Intense for Men - 3.4 oz EDP Spray (Decoded),Valentino,473.5,Disponible,https://cdn.shopify.com/s/files/1/0936/6713/1667/files/valentino-uomo-born-in-roma-intense-for-men-34-oz-edp-spraydisenador-9374361_bcef2312-b0ac-48d8-bc4d-a74d4a3fa053.jpg
"Valentino Uomo Born in Roma Purple Melancholia Eau de Toilette, 3.38 oz.",Valentino,512,Disponible,https://cdn.shopify.com/s/files/1/0936/6713/1667/files/51jrFCgCdeL._SX679_ec0e2de0-4d98-4797-913d-431ab137c2e6.jpg
Valentino Uomo Born in Roma Valentino for men (EDT 100 ML),Valentino,386,Agotado,https://cdn.shopify.com/s/files/1/0936/6713/1667/files/s-l1600-3.jpg
Valentino Uomo Born In Roma Yellow Dream Valentino for Men,Valentino,322.825,Disponible,https://cdn.shopify.com/s/files/1/0936/6713/1667/files/IMG_3388.jpg
Valentino Uomo Green Stravaganza 3.4oz,Valentino,372,Agotado,https://cdn.shopify.com/s/files/1/0936/6713/1667/files/IMG_2973.jpg
Valera Emper 250Ml Set Lot+Mist,Emper,71,Disponible,https://cdn.shopify.com/s/files/1/0936/6713/1667/files/2363419.webp
Valera Pour Femme 3.4oz,,92,Disponible,https://cdn.shopify.com/s/files/1/0936/6713/1667/files/valera-pour-femme-34oz-2285754.webp
Vanilla Freak 75 ML,,137.465,Disponible,https://cdn.shopify.com/s/files/1/0936/6713/1667/files/WhatsAppImage2025-09-01at00.08.54_3.jpg
Vanilla Muse For Unisex,,88.5,Disponible,https://cdn.shopify.com/s/files/1/0936/6713/1667/files/vanilla-muse-for-unisex-7585843_2512add1-e435-49e8-aea0-ac7aed230ea8.jpg
Vanilla Perfume Spray For Pets By Pet Aroma,,72.75,Disponible,https://cdn.shopify.com/s/files/1/0936/6713/1667/files/s-l1600_44.webp
Vanilla Voyage Eau Parfum,,132.25,Disponible,https://cdn.shopify.com/s/files/1/0936/6713/1667/files/IMG_2391.jpg
VELVET ROSE DE MAST 3.4 oz,,125.25,Agotado,https://cdn.shopify.com/s/files/1/0936/6713/1667/files/GeneratedwithKive.ai-withboxandboxputleftside_3.webp
Velvet Rose Eau de Parfum,,92,Disponible,https://cdn.shopify.com/s/files/1/0936/6713/1667/files/41392e57-b235-465d-adf6-bbd293c55027.jpg
Veneno Bianco French Avenue for women and men,French Avenue,167.25,Disponible,https://cdn.shopify.com/s/files/1/0936/6713/1667/files/87IUTYJJGUH_1200x1200_jpg.webp
Veneno Scarlet Eau de Parfum 100ml - French Avenue,French Avenue,167.25,Disponible,https://cdn.shopify.com/s/files/1/0936/6713/1667/files/djdexxi8757aj11ij3qv.webp
VERGE BY SWISS COLLECTION EDT 3.38 OZ,Swiss Collection,83.25,Disponible,https://cdn.shopify.com/s/files/1/0936/6713/1667/files/s-l1600-2026-06-20T160642.831.webp
Versace Ladies Bright Crystal Parfum 3.0 oz,Versace,298.5,Disponible,https://cdn.shopify.com/s/files/1/0936/6713/1667/files/versace-ladies-bright-crystal-parfum-30-oz-fragrances-8011003891092_2.jpg
VERSACE Ladies Dylan Turquoise Gift Set Fragrances,Versace,249.5,Disponible,https://cdn.shopify.com/s/files/1/0936/6713/1667/files/versace-ladies-dylan-turquoise-gift-set-fragrances-8011003885008.jpg
VERSACE Men's Eros Energy EDP Spray 0.03 oz,Versace,55.25,Disponible,https://cdn.shopify.com/s/files/1/0936/6713/1667/files/versace-mens-eros-energy-edp-spray-003-oz-fragrances-8011003890835.jpg
VERSACE Men's Eros Flame EDP 0.03 oz,Versace,55.25,Disponible,https://cdn.shopify.com/s/files/1/0936/6713/1667/files/versace-mens-eros-flame-edp-003-oz-fragrances-8011003845422.jpg
VERSACE Men's Eros Flame Gift Set Fragrances,Versace,298.5,Agotado,https://cdn.shopify.com/s/files/1/0936/6713/1667/files/versace-mens-eros-flame-gift-set-fragrances-8011003900039-2.jpg
VERSACE Mini Set / Dylan Blue 3 Pc Set,Versace,109.5,Disponible,https://cdn.shopify.com/s/files/1/0936/6713/1667/files/mini-set-versace-dylan-blue-3-pc-set-w-8011003842834_1.jpg
VERSACE Mini Set / Dylan Blue 3 Pc. Set,Versace,106,Disponible,https://cdn.shopify.com/s/files/1/0936/6713/1667/files/mini-set-versace-dylan-blue-3-pc-set-m-8011003826612.jpg
"Versace by Versace, 5 Piece Variety Mini Gift Set for Women",Versace,214.5,Disponible,https://cdn.shopify.com/s/files/1/0936/6713/1667/files/versace-mini-set-fragrances-8011003869398.jpg
VERSACE Dylan Blue 3.4 oz EDT for men,Versace,232,Disponible,https://cdn.shopify.com/s/files/1/0936/6713/1667/files/versace-dylan-blue-notes-men_1280x_webp.jpg
VERSACE Eros EDT Spray 3.4 oz (100 ml),Versace,249.465,Agotado,https://cdn.shopify.com/s/files/1/0936/6713/1667/files/versace-eros-versace-edt-spray-34-oz-m-100-ml-8011003809219_3.jpg
Versace Eros by Versace Gift Set for Men 3.4 oz Eau De Toilette Spray 3.4 oz,Versace,232,Agotado,https://cdn.shopify.com/s/files/1/0936/6713/1667/files/81NP5T8R5bL._SL1500.jpg
Versace Eros Eau de Parfum for Men EDP 100 ml,Versace,266.965,Disponible,https://cdn.shopify.com/s/files/1/0936/6713/1667/files/IMG_5610.jpg
"VERSACE Eros EDP para hombre en spray, 200 ml (6,7 oz",Versace,354.465,Disponible,https://cdn.shopify.com/s/files/1/0936/6713/1667/files/IMG_2480.jpg
VERSACE Eros Energy 3.4 oz EDP for men,Versace,310.75,Disponible,https://cdn.shopify.com/s/files/1/0936/6713/1667/files/versace-eros-energy_1700x_webp.jpg
VERSACE Eros Flame gift set for men,Versace,302,Disponible,https://cdn.shopify.com/s/files/1/0936/6713/1667/files/versace-mens-eros-flame-gift-set-fragrances-8011003903146.jpg
Versace Eros Parfum 100 ml,Versace,291.5,Disponible,https://cdn.shopify.com/s/files/1/0936/6713/1667/files/IMG_6146.jpg
Versace Ladies Bright Crystal 4pc Gift Set Fragrances,Versace,333.5,Disponible,https://cdn.shopify.com/s/files/1/0936/6713/1667/files/versace-ladies-bright-crystal-4pc-gift-set-fragrances-8011003876594.jpg
VERSACE Ladies Crystal Noir EDT Spray 3.0 oz,Versace,242.5,Disponible,https://cdn.shopify.com/s/files/1/0936/6713/1667/files/crystal-noir-versace-edt-spray-30-oz-w-8018365071469.jpg
VERSACE Men's Eros 3pcs EDT Gift Set,Versace,333.5,Disponible,https://cdn.shopify.com/s/files/1/0936/6713/1667/files/versace-mens-eros-gift-set-fragrances-8011003889303.jpg
VERSACE Mini Set / Eros 3 Pc. Set,Versace,113,Disponible,https://cdn.shopify.com/s/files/1/0936/6713/1667/files/mini-set-versace-eros-3-pc-set-m-8011003810185.jpg
VERSACE Najim Parfum 3.38 oz,Versace,372,Disponible,https://cdn.shopify.com/s/files/1/0936/6713/1667/files/IMG_7418.jpg
Versace Pour Femme Dylan 3 pcs Mini Variety Set for Women,Versace,141,Disponible,https://cdn.shopify.com/s/files/1/0936/6713/1667/files/SMVSWX12005_a.webp
VERSACE POUR HOMME DYLAN BLUE EDT 200ml,Versace,284.325,Disponible,https://cdn.shopify.com/s/files/1/0936/6713/1667/files/8011003801619_700x_jpg.webp
Versace Yellow Diamond SET 2 PCS,Versace,302,Disponible,https://cdn.shopify.com/s/files/1/0936/6713/1667/files/descarga_3.webp
Versencia Crystal,,93.75,Disponible,https://cdn.shopify.com/s/files/1/0936/6713/1667/files/versencia-crystal-2885098_ca4a6554-7166-4937-bbdf-d6679bb046f1.jpg
Very Good Girl 80 ml,,435,Disponible,https://cdn.shopify.com/s/files/1/0936/6713/1667/files/IMG_9266.jpg
Very Good Girl Elixir Eau de Parfum 2.7 fl oz,,424.5,Disponible,https://cdn.shopify.com/s/files/1/0936/6713/1667/files/IMG-9543.webp
Very Sexy Oasis Perfume 1.7 oz Eau De Parfum Spray,,162,Disponible,https://cdn.shopify.com/s/files/1/0936/6713/1667/files/very-sexy-oasis-perfume-17-oz-eau-de-parfum-spray-8536203.webp
Victor Manuelle Live Bleu by Victor Manuelle Eau De Parfum Spray 3.4 oz for Meno,,100.75,Disponible,https://cdn.shopify.com/s/files/1/0936/6713/1667/files/Untitleddesign-2026-03-27T124340.934_1200x_82e2773e-898e-4464-b6f7-84d9965e388c.webp
Victoria Secret BODY MIST FRAGRANCE Velvet Petals Shimmer Fragrance,Victoria's Secret,76.25,Disponible,https://cdn.shopify.com/s/files/1/0936/6713/1667/files/FullSizeRender_02c2c583-46ed-4ae9-ba5e-874558ecd92d.jpg
"Victoria's Secret, Fine Fragrance Bombshell Passion 3.4 oz",Victoria's Secret,286.25,Agotado,https://cdn.shopify.com/s/files/1/0936/6713/1667/files/112542187709_OM_F.avif
Victorioso Myth Cologne By Maison Alhambra for Men,Maison Alhambra,93.75,Disponible,https://cdn.shopify.com/s/files/1/0936/6713/1667/files/81725m.webp
Victorioso Unisex Maison Alhambra,Maison Alhambra,93.75,Disponible,https://cdn.shopify.com/s/files/1/0936/6713/1667/files/VICTORISO_1024x1024_528c11ed-eb0c-47d3-9a83-7dda73d590cd.webp
VIII Rococo Immortelle Clive Christian,,1037,Disponible,https://cdn.shopify.com/s/files/1/0936/6713/1667/files/s-l1600-64.jpg
Viking Beirut,,240.75,Disponible,https://cdn.shopify.com/s/files/1/0936/6713/1667/files/viking-beirut-5419171.jpg
Viking Cairo,,256.5,Disponible,https://cdn.shopify.com/s/files/1/0936/6713/1667/files/viking-cairo-2858962_c1d132f8-14aa-4bef-816b-aca5ca8e3824.webp
Viking Dubai,,240.75,Disponible,https://cdn.shopify.com/s/files/1/0936/6713/1667/files/viking-dubai-6376460_01e46647-e4aa-4acd-b55e-5b5d92e98b6d.jpg
Viking Kashmir,,240.75,Disponible,https://cdn.shopify.com/s/files/1/0936/6713/1667/files/viking-kashmir-7811618_37fe4b7a-30c6-4893-923a-eda9b378698b.jpg
Viking Rio,,240.75,Disponible,https://cdn.shopify.com/s/files/1/0936/6713/1667/files/viking-rio-2879093_cf753558-6f3e-4390-84d0-f01125f87d62.jpg
VIKTOR & ROLF Flowerbomb / EDP Spray 0.04 oz (1.2 ml),Viktor & Rolf,58.75,Disponible,https://cdn.shopify.com/s/files/1/0936/6713/1667/files/flowerbomb-viktor-rolf-edp-spray-004-oz-12-ml-w-3614271868275.jpg
Viktor & Rolf Bonbon Viktor & Rolph EDP Spray 3.0 oz,Viktor & Rolf,333.5,Disponible,https://cdn.shopify.com/s/files/1/0936/6713/1667/files/Viktor_Rolf_Bonbon_3.04_Oz.webp
Viktor &amp; Rolf Good Fortune for Women 0.04 oz Eau de Parfum Spray - Travel Size,,57,Disponible,https://cdn.shopify.com/s/files/1/0936/6713/1667/files/viktor-amp-rolf-good-fortune-for-women-004-oz-eau-de-parfum-spray-travel-size-8157980.jpg
Viktor&Rolf Flowerbomb Eau de Parfum,,333.5,Disponible,https://cdn.shopify.com/s/files/1/0936/6713/1667/files/8421615_fpx.webp
VILLAGE OF NEW YORK 85 ML,,116.5,Disponible,https://cdn.shopify.com/s/files/1/0936/6713/1667/files/village-of-new-york--2048x2048.jpg
Vintage Oud,,92,Disponible,https://cdn.shopify.com/s/files/1/0936/6713/1667/files/vintage-oud-3609807.jpg
Violet Bouquet,,141,Agotado,https://cdn.shopify.com/s/files/1/0936/6713/1667/files/violet-bouquet-6033248.jpg
Violet Sapphire,,81.5,Disponible,https://cdn.shopify.com/s/files/1/0936/6713/1667/files/violet-sapphire-7601268.jpg
Volare Kenzie Amber Lychee Eau de Parfum 100ml,,95.5,Agotado,https://cdn.shopify.com/s/files/1/0936/6713/1667/files/KenzieAmberLycheeEaudeParfum100ml3.webp
Volare Kenzie Vanilla 70 100 ml EDP,,95.5,Disponible,https://cdn.shopify.com/s/files/1/0936/6713/1667/files/Volare-Kenzie-Vanilla-70-100-ml-EDP__3273__780.jpg
Vulcan Baie by French Avenue 100 ML,French Avenue,154.825,Disponible,https://cdn.shopify.com/s/files/1/0936/6713/1667/files/908.png
VULCAN BLACK FRIDAY EDITION Edp,,177.75,Agotado,https://cdn.shopify.com/s/files/1/0936/6713/1667/files/vulcan-black-perfume-bottle-beside-packaging-against-white-background_jpg.webp
Vulcan Feu Eau Parfum For Women and Men,,155.525,Agotado,https://cdn.shopify.com/s/files/1/0936/6713/1667/files/IMG_0068.jpg
Vurv Fortune Lucky Man Eau De Parfum For Men,Vurv,81.325,Disponible,https://cdn.shopify.com/s/files/1/0936/6713/1667/files/IMG_872225_1.jpg
VURV MY PRIDE EDP 100ML,Vurv,81.325,Disponible,https://cdn.shopify.com/s/files/1/0936/6713/1667/files/B5CEC9A1-A681-43B5-AEFC-4668E78C020F_870x1131_jpg.webp
Vurv Oriana Women Eau de Parfum Spray,Vurv,81.325,Disponible,https://cdn.shopify.com/s/files/1/0936/6713/1667/files/55744-768x768.jpg
Vurv Parfum Luisant,Vurv,74.5,Disponible,https://cdn.shopify.com/s/files/1/0936/6713/1667/files/vurv-parfum-luisant-7138299_aee2bd16-30a3-49bf-82f3-5c8c0bead7d6.jpg
Vurv Selected fragrances for women,Vurv,477,Disponible,https://cdn.shopify.com/s/files/1/0936/6713/1667/files/vurv-selected-fragrances-for-women-5078851.jpg
Vurv Women Timeless Perfume 100ml,Vurv,74.5,Disponible,https://cdn.shopify.com/s/files/1/0936/6713/1667/files/vurv-women-timeless-perfume-100ml-9218615_92ef4800-e600-46c8-a221-e5d4886ce298.jpg
Vurv Zephyr Pour Femme Eau De Parfum – 100 Ml,Vurv,74.5,Disponible,https://cdn.shopify.com/s/files/1/0936/6713/1667/files/vurv-zephyr-pour-femme-eau-de-parfum-100-ml-5138328.jpg
Waltz VÛRV for women,,74.5,Disponible,https://cdn.shopify.com/s/files/1/0936/6713/1667/files/waltz-vurv-for-women-1383858.jpg
Wardi Arif,,97.25,Disponible,https://cdn.shopify.com/s/files/1/0936/6713/1667/files/wardi-arif-7408775_de99ad7d-0338-4494-bcad-270a8751a3dd.jpg
WASHINGTON AVE,,179.5,Disponible,https://cdn.shopify.com/s/files/1/0936/6713/1667/files/washington-ave-ainash-parfums-736779_jpg.webp
Whipped Pleasure 75 ML,,137.465,Disponible,https://cdn.shopify.com/s/files/1/0936/6713/1667/files/WhatsAppImage2025-09-01at00.08.54_6.jpg
Wholesale 10 pcs 3.4 oz,,809.5,Disponible,https://cdn.shopify.com/s/files/1/0936/6713/1667/files/wholesale-10-pcs-34-oz-5151969.jpg
Wholesale 20 pcs 3.4oz,,1579.5,Disponible,https://cdn.shopify.com/s/files/1/0936/6713/1667/files/wholesale-20-pcs-34oz-9029695.jpg
Why,,85,Disponible,https://cdn.shopify.com/s/files/1/0936/6713/1667/files/why-5208337_f3bf0ed6-4088-484e-ad99-c4a1033360d9.jpg
Wild &amp; spicy,,162,Agotado,https://cdn.shopify.com/s/files/1/0936/6713/1667/files/wild-amp-spicy-6790440_58245166-795f-43bf-bcc8-47e2e03b83ad.webp
WILD BERRY EAU PARFUM By Adyan 3.4oz,Adyan,109.5,Disponible,https://cdn.shopify.com/s/files/1/0936/6713/1667/files/wild-berry-eau-parfum-by-adyan-34oz-3856139.jpg
XERJOF ACCENTO EAU DE PARFUM 100 ML,Xerjoff,701,Disponible,https://cdn.shopify.com/s/files/1/0936/6713/1667/files/s-l1600.jpg
Mini Gift Set Unisex Fragrances (15 Ml )8033488159955,Xerjoff,564.465,Disponible,https://cdn.shopify.com/s/files/1/0936/6713/1667/files/FullSizeRender_eb5648e5-3b20-4dfe-9fcf-728f57071c07.jpg
XERJOFF Casamorati Lira Eau De Parfum Spray 3.4 Oz For Women,Xerjoff,687,Disponible,https://cdn.shopify.com/s/files/1/0936/6713/1667/files/xerjoff-casamorati-lira-eau-de-parfum-spray-34-oz-for-women-8033488153595_3.jpg
XERJOFF Men's Casamorati Mefisto EDP 3.4 oz,Xerjoff,617,Agotado,https://cdn.shopify.com/s/files/1/0936/6713/1667/files/xerjoff-mens-casamorati-mefisto-edp-34-oz-fragrances-8033488153557_2.jpg
XERJOFF Unisex 1861 Naxos EDP Spray 0.06 oz,Xerjoff,78,Disponible,https://cdn.shopify.com/s/files/1/0936/6713/1667/files/xerjoff-unisex-naxos-edp-spray-006-oz-fragrances-8033488153946.jpg
XERJOFF Unisex Casamorati 1888 Quattro Pizzi EDP Spray 3.4 oz,Xerjoff,617,Disponible,https://cdn.shopify.com/s/files/1/0936/6713/1667/files/xerjoff-unisex-casamorati-1888-quattro-pizzi-edp-spray-34-oz-fragrances-8054320902997.jpg
XERJOFF Unisex Erba Pura EDP Spray 1.7 oz (50ML),Xerjoff,477,Disponible,https://cdn.shopify.com/s/files/1/0936/6713/1667/files/erba-puraeau-de-parfumfragrance-nevaeh-974649_jpg.webp
XERJOFF Unisex Levar Del Sole EDP Spray 3.38 oz,Xerjoff,617,Disponible,https://cdn.shopify.com/s/files/1/0936/6713/1667/files/xerjoff-unisex-levar-del-sole-edp-spray-338-oz-fragrances-8054320902959.jpg
Xerjoff Alexandria II Eau de Parfum EAU DE PARFUM 100 ML,Xerjoff,1124.5,Agotado,https://cdn.shopify.com/s/files/1/0936/6713/1667/files/ALEXANDRIA_II_XERJOFF_550x_png.webp
XERJOFF Discovery Set EDP 7x2ml(diseñador),Xerjoff,232,Disponible,https://cdn.shopify.com/s/files/1/0936/6713/1667/files/xerjoff-discovery-set-edp-7x2mldisenador-7731678.jpg
XERJOFF Erba Gold 3.4 oz / 100 ml Eau De Parfum Unisex,Xerjoff,701,Disponible,https://cdn.shopify.com/s/files/1/0936/6713/1667/files/IMG_6425_5da6c974-b133-472d-a2b0-a175eecff04c.jpg
XERJOFF Naxos 100 ml,Xerjoff,690.5,Disponible,https://cdn.shopify.com/s/files/1/0936/6713/1667/files/IMG_0200.jpg
XERJOFF TORINO 21 UNISEX 100ML EDP,Xerjoff,774.5,Agotado,https://cdn.shopify.com/s/files/1/0936/6713/1667/files/IMG_1600.jpg
XERJOFF Torino 22 Eau De Parfum 50ML,Xerjoff,596,Agotado,https://cdn.shopify.com/s/files/1/0936/6713/1667/files/UP8054320901877_2_jpg.avif
XERJOFF Unisex Blends Tony Iommi Monkey Special EDP 0.06 oz,Xerjoff,78,Disponible,https://cdn.shopify.com/s/files/1/0936/6713/1667/files/s-l1600-4.png
XERJOFF Unisex Torino 24 EDP Spray 1.69 oz,Xerjoff,599.465,Agotado,https://cdn.shopify.com/s/files/1/0936/6713/1667/files/xerjoff-unisex-torino-24-edp-spray-169-oz-fragrances-8054320904182.jpg
XERJOFF Unisex Torino25 EDP Spray 1.7 oz,Xerjoff,651.965,Disponible,https://cdn.shopify.com/s/files/1/0936/6713/1667/files/xerjoff-unisex-torino25-edp-spray-17-oz-fragrances-8054320904991.jpg
Yacht Club Gulf Orchid for women and men 100 ML,,126.125,Disponible,https://cdn.shopify.com/s/files/1/0936/6713/1667/files/dark-375x500.103448.2x.avif
Yara - 200 ml Perfume Spray (PAQ 12 PCS),Lattafa,137.325,Disponible,https://cdn.shopify.com/s/files/1/0936/6713/1667/files/yaraher-1.gif
Yara Candy Eau de Parfum for Women,Lattafa,102.325,Disponible,https://cdn.shopify.com/s/files/1/0936/6713/1667/files/yara-candy-eau-de-parfum-for-women-3521960.jpg
YARA FRAGANCE MIST BRUME ARD Al Utour Body Spray & Lotion 6914600268613,Lattafa,88.5,Agotado,https://cdn.shopify.com/s/files/1/0936/6713/1667/files/listings_0-27514464-61e9-4096-acf9-d57f51fc0b8c-df234bc0-f794-42a0-87ae-432c2166716c.webp
Yara Hair Perfume 50 ML,Lattafa,81.5,Disponible,https://cdn.shopify.com/s/files/1/0936/6713/1667/files/lattafa-maher-lattafa-fresh-hair-mist-50ml-original.jpg
Yara Mini Collection 4 X 5ML EDP Spray,Lattafa,116.5,Disponible,https://cdn.shopify.com/s/files/1/0936/6713/1667/files/WhatsAppImage2025-09-01at00.08.54_27.jpg
Yara Perfume Mist Eau De Parfum 250 ML,Lattafa,83.25,Disponible,https://cdn.shopify.com/s/files/1/0936/6713/1667/files/1_548f71cc-cc8a-4751-b95f-d36658abf071_png.webp
Yara Pink Eau Parfum 3.4oz,Lattafa,105.825,Disponible,https://cdn.shopify.com/s/files/1/0936/6713/1667/files/yara-pink-eau-parfum-34oz-9380885_d5a3c88f-93ff-4c24-b00f-55347ed3f32e.jpg
Yara Tous,Lattafa,98.825,Disponible,https://cdn.shopify.com/s/files/1/0936/6713/1667/files/yara-tous-7495950_516ba03c-6030-4c91-a53b-9a45d86bbe1c.webp
Yeah! Parfum Maison Alhambra for men,Maison Alhambra,97.25,Agotado,https://cdn.shopify.com/s/files/1/0936/6713/1667/files/images-7.jpg
Yellow Diamond,Emper,74.5,Agotado,https://cdn.shopify.com/s/files/1/0936/6713/1667/files/yellow-diamond-1270881.jpg
You are my fire by Zakat,Zakat,91.825,Disponible,https://cdn.shopify.com/s/files/1/0936/6713/1667/files/Photoroom_20250408_132513_JPEG.webp
You are my fire pink blush by Zakat eau de parfum 3.4oz/100ML,Zakat,93.75,Disponible,https://cdn.shopify.com/s/files/1/0936/6713/1667/files/98a369aa2e1249cab7dc3602c08b3b31tplv-fhlh96nyum-origin-jpeg.jpg
You are my fire Rouge by Zakat,Zakat,91.825,Agotado,https://cdn.shopify.com/s/files/1/0936/6713/1667/files/you-are-my-fire-rouge-by-zakat-1781901.jpg
YOUR TOUCH INTENSE EAU DE PARFUM SPRAY 100ML (3.4 OZ),,90.25,Agotado,https://cdn.shopify.com/s/files/1/0936/6713/1667/files/1_e31b0a8e-7545-4428-92c8-39e79b4230fa.jpg
Your Touch Oud Maison Alhambra for women and men,Maison Alhambra,86.75,Disponible,https://cdn.shopify.com/s/files/1/0936/6713/1667/files/maison-alhambra-unisex-your-touch-oud-edp-spray-34-oz-fragrances-6290362341000.jpg
YSL LIBRE INTENSE 3oz EDP,Yves Saint Laurent,547,Disponible,https://cdn.shopify.com/s/files/1/0936/6713/1667/files/yves-saint-laurent-ladies-libre-intense-edp-spray-3-oz-fragrances-3614273069557_2_1.jpg
YSL YSL Libre 3.0 oz EDP for women,Yves Saint Laurent,424.5,Agotado,https://cdn.shopify.com/s/files/1/0936/6713/1667/files/libre-ysl-w_795x_jpg.webp
YSL YVES SAINT LAURENT ICED COLOGNE 0.04oz 1.2ml EDT INTENSE SPRAY SAMPLES (PAQ 12 UNITS),Yves Saint Laurent,126.965,Disponible,https://cdn.shopify.com/s/files/1/0936/6713/1667/files/s-l1600_68.webp
"YSL Yves Saint Laurent Libre Eau de Parfum EDP Sample Spray .04oz, 1.2ml",Yves Saint Laurent,51.75,Disponible,https://cdn.shopify.com/s/files/1/0936/6713/1667/files/s-l1600_66.webp
"YSL Yves Saint Laurent Libre Eau de Parfum EDP Sample Spray .04oz, 1.2ml (PAQ 12 UNITS)",Yves Saint Laurent,126.965,Disponible,https://cdn.shopify.com/s/files/1/0936/6713/1667/files/WhatsAppImage2026-04-12at11.45.22.jpg
"YSL Yves Saint Laurent Libre Miniatures 7,5 ml/0,25 oz x 4 piezas",Yves Saint Laurent,302,Disponible,https://cdn.shopify.com/s/files/1/0936/6713/1667/files/Photoroom_20250803_212619.jpg
Ladies Libre EDP 0.25 oz,Yves Saint Laurent,116.465,Disponible,https://cdn.shopify.com/s/files/1/0936/6713/1667/files/FullSizeRender_f5ae8d6e-43a5-4428-89b8-33fa9b6eb574.jpg
"Lanuit De Lhomme de Ysl EDT Spray 3,3 oz (100 ml) 3365440375079",Yves Saint Laurent,319.5,Disponible,https://cdn.shopify.com/s/files/1/0936/6713/1667/files/2C8EA5CA-2ED7-41C2-99A4-B6F37DBAD18A.jpg
Libre Absolu Platine Eau de Parfum 3.0 oz,Yves Saint Laurent,512,Disponible,https://cdn.shopify.com/s/files/1/0936/6713/1667/files/yves-saint-laurent-libre-absolu-platine-eau-de-parfum-30-oz-2979562.jpg
YVES SAINT LAURENT KOUROS/YSL EDT SPRAY 3.3 OZ,Yves Saint Laurent,207.5,Disponible,https://cdn.shopify.com/s/files/1/0936/6713/1667/files/kourosysl-edt-spray-33-oz-m-3365440003866_2.jpg
YVES SAINT LAURENT Ladies Black Opium EDP Spray ( 0.25 oz),Yves Saint Laurent,102.5,Disponible,https://cdn.shopify.com/s/files/1/0936/6713/1667/files/black-opium-ysl-edp-spray-10-oz-30-ml-w-3365440787858.jpg
Yves Saint Laurent Libre Berry Crush by Yves Saint Laurent,Yves Saint Laurent,652,Agotado,https://cdn.shopify.com/s/files/1/0936/6713/1667/files/IMG-7993_902c12c8-5ff6-4ad7-bdd0-e4b7731386df_1.webp
Yves Saint Laurent Men's Myslf EDP Spray 2 oz 60 ML,Yves Saint Laurent,338.75,Disponible,https://cdn.shopify.com/s/files/1/0936/6713/1667/files/yves-saint-laurent-mens-myslf-edp-spray-2-oz-fragrances-3614273852821_2.jpg
YVES SAINT LAURENT Men's Y Eau de Parfum Intense EDP Spray 3.38 oz,Yves Saint Laurent,442,Agotado,https://cdn.shopify.com/s/files/1/0936/6713/1667/files/yves-saint-laurent-mens-y-eau-de-parfum-intense-edp-spray-338-oz-fragrances-3614273898478_2.jpg
Yves Saint Laurent Men's Y Iced Cologne Intense EDT Spray 3.4 oz,Yves Saint Laurent,543.5,Agotado,https://cdn.shopify.com/s/files/1/0936/6713/1667/files/yves-saint-laurent-mens-y-iced-cologne-intense-edt-spray-34-oz-fragrances-3614274492330.jpg
YVES SAINT LAURENT BLACK OPIUM EAU DE PARFUM GLITTER 1.2 ml 0.04 fl.oz,Yves Saint Laurent,51.75,Disponible,https://cdn.shopify.com/s/files/1/0936/6713/1667/files/m_67d4da1c07ac5592af7e298c_15f234b3-303b-4f62-9efa-a69bf619ab42.jpg
Yves Saint Laurent Black Opium Eau De Parfum Spray 0.04 Oz Sample,Yves Saint Laurent,51.75,Disponible,https://cdn.shopify.com/s/files/1/0936/6713/1667/files/s-l1600_57.webp
Yves Saint Laurent Black Opium Eau De Parfum Spray 0.04 Oz Sample (PAQ 12 UNITS ),Yves Saint Laurent,126.965,Disponible,https://cdn.shopify.com/s/files/1/0936/6713/1667/files/WhatsAppImage2026-04-12at11.45.22_2.jpg
Yves Saint Laurent Black Opium Over Red Eau De Parfum Spray 0.04 Oz Sample (PAQ 12 UNITS),Yves Saint Laurent,126.965,Disponible,https://cdn.shopify.com/s/files/1/0936/6713/1667/files/WhatsAppImage2026-04-12at11.45.23_1.jpg
Yves Saint LAURENT EDP Spray 3.3 oz (100 ml),Yves Saint Laurent,442,Disponible,https://cdn.shopify.com/s/files/1/0936/6713/1667/files/Photoroom_20250606_100317.jpg
Yves Saint Laurent Le Parfum Spray 1.2ml .04fl oz (PAQ 12 UNITS),Yves Saint Laurent,126.965,Disponible,https://cdn.shopify.com/s/files/1/0936/6713/1667/files/WhatsAppImage2026-04-12at11.45.23_2.jpg
"Yves Saint Laurent Libre Eau de Parfum EDP Intense Sample Spray .04oz, 1.2ml",Yves Saint Laurent,51.75,Disponible,https://cdn.shopify.com/s/files/1/0936/6713/1667/files/s-l1600_61.webp
"Yves Saint Laurent Libre Eau de Parfum EDP Intense Sample Spray .04oz, 1.2ml (PAQ 12 UNITS)",Yves Saint Laurent,126.965,Disponible,https://cdn.shopify.com/s/files/1/0936/6713/1667/files/WhatsAppImage2026-04-12at11.45.23_4.jpg
Yves Saint Laurent Libre Flores y Llamas Eau de Parfum Florale 3.0 oz,Yves Saint Laurent,459.5,Agotado,https://cdn.shopify.com/s/files/1/0936/6713/1667/files/yves-saint-laurent-libre-flores-y-llamas-eau-de-parfum-florale-30-oz-2619630.jpg
Yves Saint Laurent Men's Myslf Gift Set Fragrances,Yves Saint Laurent,421,Agotado,https://cdn.shopify.com/s/files/1/0936/6713/1667/files/yves-saint-laurent-mens-myslf-gift-set-fragrances-3660732666737_1.jpg
YVES SAINT LAURENT Men's Y Le Parfum 3.4 oz Gift Set,Yves Saint Laurent,494.5,Agotado,https://cdn.shopify.com/s/files/1/0936/6713/1667/files/yves-saint-laurent-mens-y-le-parfum-34-oz-gift-set-fragrances-3614274121308_2ef0586b-7b87-42b2-934b-8b97883c3a6a.jpg
YVES SAINT LAURENT Mon Paris / Ysl EDP Spray Vial 0.04 oz (1.2 ml),Yves Saint Laurent,58.75,Disponible,https://cdn.shopify.com/s/files/1/0936/6713/1667/files/XzyZZ56d9ZA4QzLmyO2LxIWt2SgjZZWc4nfvAyT3.webp
"YVES SAINT LAURENT Myslf ""Le Parfum "" 3.4 oz",Yves Saint Laurent,508.5,Disponible,https://cdn.shopify.com/s/files/1/0936/6713/1667/files/IMG_5454.jpg
Yves Saint Laurent Myslf Eau de Parfum Travel ExclusiveSet,Yves Saint Laurent,487.5,Agotado,https://cdn.shopify.com/s/files/1/0936/6713/1667/files/FullSizeRender_284acf53-4df6-4d63-85fc-2695f2a8ffec.jpg
Yves Saint Laurent Myslf Sample Vial 0.04 Oz ( 1.2 ml ) Eau de Parfum Men Spray,Yves Saint Laurent,51.75,Disponible,https://cdn.shopify.com/s/files/1/0936/6713/1667/files/s-l1600_64_f6c0d351-52d2-42e4-a2e0-a33c09ec028d.webp
Yves Saint Laurent Myslf Sample Vial 0.04 Oz ( 1.2 ml ) Eau de Parfum Men Spray (PAQ 12 UNITS),Yves Saint Laurent,126.965,Disponible,https://cdn.shopify.com/s/files/1/0936/6713/1667/files/WhatsAppImage2026-04-12at11.45.23_6.jpg
Yves Saint Laurent Y / Ysl EDP Spray Vial 0.04 oz (1.2 ml),Yves Saint Laurent,51.75,Disponible,https://cdn.shopify.com/s/files/1/0936/6713/1667/files/y-ysl-edp-spray-vial-005-oz-15-ml-m-3614272050631.jpg
Yves Saint Laurent Y / Ysl EDP Spray Vial 0.04 oz (1.2 ml) (PAQ 12 UNITS),Yves Saint Laurent,126.965,Disponible,https://cdn.shopify.com/s/files/1/0936/6713/1667/files/s-l1600_67.webp
Yves Saint Laurent Y Iced Cologne EDT Intense Sample Spray .04oz 1.2ml New 2026,Yves Saint Laurent,55.25,Disponible,https://cdn.shopify.com/s/files/1/0936/6713/1667/files/s-l1600_69.webp
Yves Saint Laurent Y Le Parfum 1.2 oz,Yves Saint Laurent,51.75,Disponible,https://cdn.shopify.com/s/files/1/0936/6713/1667/files/3501545975_w640_h640_yves-saint-laurent.webp
Yves Saint Laurent- Black Opium Glitter 0.04oz/1.2ml (PAQ 12 UNITS),Yves Saint Laurent,126.965,Disponible,https://cdn.shopify.com/s/files/1/0936/6713/1667/files/WhatsAppImage2026-04-12at11.45.22_1.jpg
Yves Saint Laurent-Libre-Gift Set-Ladies,Yves Saint Laurent,512,Agotado,https://cdn.shopify.com/s/files/1/0936/6713/1667/files/Photoroom_20250525_100138.jpg
Z25 by Zakat 3.4oz (The perfume of the Bichota)🔥,Zakat,122.625,Disponible,https://cdn.shopify.com/s/files/1/0936/6713/1667/files/z25-by-zakat-34oz-the-perfume-of-the-bichota-7788816_3d36da81-2f1b-4392-99a0-059eba68f280.jpg
Zadig & Voltaire this is her!,,351,Disponible,https://cdn.shopify.com/s/files/1/0936/6713/1667/files/FullSizeRender_75bc94a2-5395-4626-8e4c-ed8bf913ce2e.jpg
Zaeem Eau de Parfum 100 ml,,108.625,Disponible,https://cdn.shopify.com/s/files/1/0936/6713/1667/files/zaeem-6611871.webp
Zain Mizan Eau Parfum,,83.25,Disponible,https://cdn.shopify.com/s/files/1/0936/6713/1667/files/zain-mizan-eau-parfum-3163064.jpg
Zainab,,85,Agotado,https://cdn.shopify.com/s/files/1/0936/6713/1667/files/zainab-3932428_d959e4d5-b4e5-47c3-beb9-2e19278ffb2b.webp
ZAKAT Fortune 100 ML,Zakat,92,Disponible,https://cdn.shopify.com/s/files/1/0936/6713/1667/files/fortune-8342668.webp
"Zakat Lamar Bombshell Eau de Parfum Spray for Women, 3.4 Fl Oz (100 ml)",Zakat,102.5,Disponible,https://cdn.shopify.com/s/files/1/0936/6713/1667/files/Untitled-1ZAKAT-BOMBSHEL_1000x_d145c868-007a-411d-8ac7-ddddd9d43ffc.webp
ZENOBIA - EAU DE PARFUM 100 ML,,81.5,Agotado,https://cdn.shopify.com/s/files/1/0936/6713/1667/files/zenobia-eau-de-parfum-100-ml-7441192.jpg
ZEPHYR NEXEN,,95.5,Disponible,https://cdn.shopify.com/s/files/1/0936/6713/1667/files/Zephyr-Naxen-2048x2048_jpg.webp
ZIMAYA AL BARARI CORAL Edp,Zimaya,125.25,Disponible,https://cdn.shopify.com/s/files/1/0936/6713/1667/files/zimaya-al-Barari-Coral-perfume-bottle-beside-box-against-white-background_jpg.webp
ZIMAYA AL BARARI SHORE Edp,Zimaya,125.25,Disponible,https://cdn.shopify.com/s/files/1/0936/6713/1667/files/Zimaya-al-Barari-Shore-perfume-bottle-beside-packaging-against-white-background_jpg.webp
Zimaya Khafaya Blue EDP Spray 3.4 oz,Zimaya,102.5,Disponible,https://cdn.shopify.com/s/files/1/0936/6713/1667/files/zimaya-khafaya-blue-edp-spray-34-oz-2905858_93fbf684-e192-41b9-8a9b-1d1388b06a9a.jpg
Zimaya Khafaya Pink,Zimaya,99,Disponible,https://cdn.shopify.com/s/files/1/0936/6713/1667/files/zimaya-khafaya-pink-9540614.jpg
Zimaya Ladies Tiramisu S’mores EDP Spray 3.4 oz,Zimaya,122.625,Disponible,https://cdn.shopify.com/s/files/1/0936/6713/1667/files/Zimaya-Ladies-Tiramisu-S-mores-EDP-Spray-3-4-oz-Fragrances-6290171077510_5bcc6853-df85-4b84-82cc-a94c0802e97f.1f84c804b42abeb47c8c591ce1b546c5.jpg
ZIMAYA PHANTOM PARAGON EAU DE PARFUM SPRAY FOR MEN 3.4 Oz,Zimaya,116.5,Agotado,https://cdn.shopify.com/s/files/1/0936/6713/1667/files/zimaya-phantom-paragon-edp-spray-34-oz-fragrances-6290171072270.jpg
Zimaya Red Carpet Paragon EDP 3.4 oz,Zimaya,104.25,Agotado,https://cdn.shopify.com/s/files/1/0936/6713/1667/files/zimaya-red-carpet-paragon-edp-34-oz-fragrances-6290171072256.jpg
Zimaya Sharaf The Club By Afnan Extrait De Parfum Spray 3.4 Oz,Afnan,104.25,Disponible,https://cdn.shopify.com/s/files/1/0936/6713/1667/files/33_fe2cc74f-625a-4e2f-a0cf-35c64454a100_1800x1800_jpg.webp
Zimaya Unisex Itqan Gold EDP Spray 3.4 oz,Zimaya,102.5,Agotado,https://cdn.shopify.com/s/files/1/0936/6713/1667/files/zimaya-unisex-itqan-gold-edp-spray-34-oz-fragrances-6290171075165.jpg
Zimaya Unisex Roses Are White EDP Spray 3.4 oz,Zimaya,93.75,Disponible,https://cdn.shopify.com/s/files/1/0936/6713/1667/files/zimaya-unisex-roses-are-white-edp-spray-34-oz-fragrances-6290171072850.jpg
Zimaya Unisex Royal Paragon EDP 3.4 oz,Zimaya,111.25,Disponible,https://cdn.shopify.com/s/files/1/0936/6713/1667/files/zimaya-unisex-royal-paragon-edp-34-oz-fragrances-6290171072287_1.jpg
Zimaya Zukhruf Pink by Afnan,Afnan,95.5,Agotado,https://cdn.shopify.com/s/files/1/0936/6713/1667/files/zimaya-zukhruf-pink-by-afnan-8895429.jpg
Zuhur Al Ward Women,,97.25,Disponible,https://cdn.shopify.com/s/files/1/0936/6713/1667/files/zuhur-al-ward-women-4830466.jpg
Zuhur Dhahabia Women,,97.25,Disponible,https://cdn.shopify.com/s/files/1/0936/6713/1667/files/zuhur-dhahabia-women-5631017.jpg
Zuhur Hamrah Women,,97.25,Disponible,https://cdn.shopify.com/s/files/1/0936/6713/1667/files/zuhur-hamrah-women-7420021.jpg
ZUKHRUF BLACK - 100ML,,102.5,Disponible,https://cdn.shopify.com/s/files/1/0936/6713/1667/files/zukhruf-black-100ml-2468914.jpg
(Damadeg Box) Casabella Twilight Eau Parfum 3.4oz,,121.75,Disponible,https://cdn.shopify.com/s/files/1/0936/6713/1667/files/casabella-twilight-eau-parfum-34oz-2801873.jpg
(DAMAGED BOX )LATTAFA ASAD EAU DE PARFUM 3.4FL.OZ FOR MEN,Lattafa,95.325,Disponible,https://cdn.shopify.com/s/files/1/0936/6713/1667/files/132_png.webp
(DAMAGED BOX) 9 PM Eau Parfum 3.4oz,Afnan,111.25,Disponible,https://cdn.shopify.com/s/files/1/0936/6713/1667/files/9pm-eau-parfum-34oz-8051569.jpg
(DAMAGED BOX) ARMAF ODYSSEY MEGA 6.8 OZ,Armaf,146.25,Agotado,https://cdn.shopify.com/s/files/1/0936/6713/1667/files/16803_2.webp
(DAMAGED BOX) BOULEVARD ROUGE EXTRAIT 3.4 FL.OZ 100 ML EAU DE PARFUM SPRAY,,72.75,Disponible,https://cdn.shopify.com/s/files/1/0936/6713/1667/files/IMG-1671.jpg
(Damaged Box) Hawas Kobra Eau de Parfum 100 ml,Rasasi,149.75,Agotado,https://cdn.shopify.com/s/files/1/0936/6713/1667/files/FullSizeRender_5fe0e002-faad-4082-a191-8303ec0d14f8.jpg
(DAMAGED BOX) Odyssey Mandarin Sky Elixir Limited Edition,Armaf,139.25,Disponible,https://cdn.shopify.com/s/files/1/0936/6713/1667/files/img_5277.jpg
(DAMAGED BOX) Opera Dusk,,78,Disponible,https://cdn.shopify.com/s/files/1/0936/6713/1667/files/opera-dusk-4000251.webp
(DAMAGED BOX) Paris Bleu Men's Aramateur White Limited Edition EDT 3.4 oz,,83.25,Disponible,https://cdn.shopify.com/s/files/1/0936/6713/1667/files/paris-bleu-mens-aramateur-white-limited-edition-edt-34-oz-fragrances-3442151001333.jpg
(DAMAGED BOX) Yara Candy by Lattafa,Lattafa,95.325,Disponible,https://cdn.shopify.com/s/files/1/0936/6713/1667/files/EE54EE72-C4CE-4F65-8190-6F630E3BE9EA_png.webp
(DAMAGED BOX)LAATAFA ASAD BOURBON EAU DE PARFUM 3.4FL.OZ FOR MEN,LATTAFA,114.75,Disponible,https://cdn.shopify.com/s/files/1/0936/6713/1667/files/Untitleddesign_png3_png.webp
(DAMAGED NAYLA) LATTAFA ASAD GIFT SET 3 PCS,Lattafa,127,Disponible,https://cdn.shopify.com/s/files/1/0936/6713/1667/files/61qffTrD-DL._SL1280.jpg
(Damaged Naylo )Club de Nuit Intense Gift Set Duo,Armaf,144.5,Disponible,https://cdn.shopify.com/s/files/1/0936/6713/1667/files/REVCDNIntenseMen200mlgift-1a_jpg.webp
(DAMAGED NAYLO) Al Haramain Amber Oud Carbon Edition 100 ml,Al Haramain,167.25,Disponible,https://cdn.shopify.com/s/files/1/0936/6713/1667/files/al-haramain-amber-oud-carbon-edition-100-ml-6306365.jpg
(DAMAGED NAYLO) Al Haramain Amber Oud Rouge EDP-60ml (2.0 oz),Al Haramain,197,Disponible,https://cdn.shopify.com/s/files/1/0936/6713/1667/files/1_065cd954-6061-4f6c-9ee7-6d922d3d98c8.webp
(DAMAGED NAYLO) ARMAF CLUB DE NUIT URBAN MAN ELIXIR 4 PCS GIFT SET,Armaf,165.5,Disponible,https://cdn.shopify.com/s/files/1/0936/6713/1667/files/CLUBDENUITURBANMANELIXIR_png.webp
(DAMAGED NAYLO) ARMAF Odyssey Black Forest 3.4 oz EDP for men,Armaf,113,Disponible,https://cdn.shopify.com/s/files/1/0936/6713/1667/files/shopping-58.jpg
(Damaged Naylo) Atheeri Lattafa Perfumes for women,Lattafa,146.25,Disponible,https://cdn.shopify.com/s/files/1/0936/6713/1667/files/atheeri-lattafa-perfumes-for-women-6685911.jpg
(DAMAGED NAYLO) EMESSA,,78,Disponible,https://cdn.shopify.com/s/files/1/0936/6713/1667/files/375x500.89980.2x.avif
(DAMAGED NAYLO) Game of Spades SET FULL HOUSE,,267,Disponible,https://cdn.shopify.com/s/files/1/0936/6713/1667/files/shopping-57.jpg
(Damaged Naylo) Giza Queen Of Nile Woman,,92,Disponible,https://cdn.shopify.com/s/files/1/0936/6713/1667/files/giza-queen-of-nile-woman-8127232_8f09f085-26e3-4403-98b7-be571588065c.jpg
(DAMAGED NAYLO) GLACIER POUR HOMME,,78,Disponible,https://cdn.shopify.com/s/files/1/0936/6713/1667/files/1_d5ebdafa-1278-4b8c-9906-8aab93a7b54f.webp
(DAMAGED NAYLO) Lattafa Unisex Mishlah EDP Spray 3.4 oz,Lattafa,104.25,Disponible,https://cdn.shopify.com/s/files/1/0936/6713/1667/files/lattafa-unisex-mishlah-edp-spray-34-oz-fragrances-6290360598956.jpg
(DAMAGED NAYLO) Lattafa YARA Mukhammaria 20 grm,Lattafa,62.25,Disponible,https://cdn.shopify.com/s/files/1/0936/6713/1667/files/lattafa-yara-mukhammaria-1330899.jpg
(DAMAGED NAYLO) Liquid Brun Limited Edition French Avenue for women and men 150 ML,French Avenue,174.25,Disponible,https://cdn.shopify.com/s/files/1/0936/6713/1667/files/AB6CEA77-C47B-4AD5-9E86-F8B9883B69FB_1080x_301d9cb6-a5e3-48f8-9483-90e833030f46.jpg
(DAMAGED NAYLO) Maison Alhambra Unisex Your Touch Leather EDP 3.4 oz,Maison Alhambra,76.25,Disponible,https://cdn.shopify.com/s/files/1/0936/6713/1667/files/s-l1600_90.webp
(Damaged Naylo) Odyssey Aoud for Men 3.4oz,Armaf,99,Disponible,https://cdn.shopify.com/s/files/1/0936/6713/1667/files/odyssey-aoud-for-men-34oz-6752399.jpg
(DAMAGED NAYLO)CHRISTIAN SIRIANO Ladies Ooh La Rouge Exclusif 3.4oz,,127,Disponible,https://cdn.shopify.com/s/files/1/0936/6713/1667/files/christian-siriano-ladies-ooh-la-rouge-exclusif-34oz-fragrances-850032510066.jpg
(DAMAGED NAYLO)LAILAT AL FARES NIGHT EFFECT,Al Fares,74.5,Disponible,https://cdn.shopify.com/s/files/1/0936/6713/1667/files/lailat-al-fares-night-effect-limited-edition-8291542.jpg
(DAMAGED NAYLO)LATTAFA BADE'E AL OUD SUBLIME EAU DE PARFUM FOR EVERYONE,Lattafa,98.125,Agotado,https://cdn.shopify.com/s/files/1/0936/6713/1667/files/02bwgjssut_png.webp
(DAMAGED NAYLO)LATTAFA ISHQ AL SHUYUKH SILVER EAU DE PARFUM 3.4FL.OZ FOR MEN,Lattafa,107.75,Disponible,https://cdn.shopify.com/s/files/1/0936/6713/1667/files/139_png.webp
(DAMAGED NAYLO)Lattafa Maitha Attar Concentrated Perfume Oil 20ml,Lattafa,81.5,Disponible,https://cdn.shopify.com/s/files/1/0936/6713/1667/files/s-l1600-79.jpg
(Damaged Naylo)Pacifico Onyx,,92,Disponible,https://cdn.shopify.com/s/files/1/0936/6713/1667/files/pacifico-onyx-6472299.jpg
(DAMAGED NAYLO)RISALA PISTO KUNAFA EAU DE PARFUM 3.4FL.OZ FOR UNISEX,,95.5,Disponible,https://cdn.shopify.com/s/files/1/0936/6713/1667/files/4_9ba19f64-91da-493e-8a06-5bf6ccd50585_png.webp
(DAMAGED NAYLO)Urban Woman Emper for women 3.4oz,Emper,78,Disponible,https://cdn.shopify.com/s/files/1/0936/6713/1667/files/urban-woman-emper-for-women-34oz-5617209.jpg
(DAMAGED NAYLO)Victor Manuelle Live Bleu by Victor Manuelle Eau De Parfum Spray 3.4 oz for Meno,,97.25,Disponible,https://cdn.shopify.com/s/files/1/0936/6713/1667/files/Untitleddesign-2026-03-27T124340.934_1200x_82e2773e-898e-4464-b6f7-84d9965e388c.webp
(Tester ) 9 PM Rebel Afnan for women and men,Afnan,122.625,Disponible,https://cdn.shopify.com/s/files/1/0936/6713/1667/files/tester-9-pm-rebel-afnan-for-women-and-men-8815790_2f1133f5-f58e-4ca4-8152-d510d76611db.jpg
(Tester ) La Bomba 80 ml,,442,Agotado,https://cdn.shopify.com/s/files/1/0936/6713/1667/files/IMG_7408.jpg
(TESTER ) OPEN BOX Club De Nuit By Armaf 4pc Gift Set For Women,Armaf,150.625,Disponible,https://cdn.shopify.com/s/files/1/0936/6713/1667/files/club-de-nuit-by-armaf-4pc-gift-set-for-women-2818415.jpg
(Tester )Creed Carmina 75ml (Without lid New),Creed,841,Disponible,https://cdn.shopify.com/s/files/1/0936/6713/1667/files/IMG_8371.jpg
(TESTER )Dolce and Gabbana Light Blue Capri In Love EDP Spray for Women 3.4oz,Dolce & Gabbana,277.5,Disponible,https://cdn.shopify.com/s/files/1/0936/6713/1667/files/s-l1600_73_fa4325ce-1693-4587-9d9e-17b74cb0f883.webp
(Tester )Naxos Xerjof Eau de Parfum 100 ML,Xerjoff,634.5,Agotado,https://cdn.shopify.com/s/files/1/0936/6713/1667/files/tester-naxos-xerjof-7144021.jpg
(Tester) Ladies Love In White EDP Spray 2.5 oz (75 ml),,736,Disponible,https://cdn.shopify.com/s/files/1/0936/6713/1667/files/creed-ladies-love-in-white-edp-spray-25-oz-tester-75-ml-3508445604617.jpg
(Tester) DE MARLY Ladies Palatine EDP Spray 2.5 oz,Parfums de Marly,827,Disponible,https://cdn.shopify.com/s/files/1/0936/6713/1667/files/parfums-de-marly-ladies-palatine-edp-spray-25-oz-tester-fragrances-3700578504562.jpg
(Tester) DE MARLY Men's Pegasus Exclusif EDP Spray 4.2 oz,Parfums de Marly,722,Disponible,https://cdn.shopify.com/s/files/1/0936/6713/1667/files/parfums-de-marly-mens-pegasus-exclusif-edp-spray-42-oz-tester-fragrances-3700578500304.jpg
(Tester) Dior Men's Homme EDT Spray 3.3 oz,Dior,337,Disponible,https://cdn.shopify.com/s/files/1/0936/6713/1667/files/s2310548-main-zoom_jpg.webp
(Tester) FERRAGAMO Ladies Signorina Libera EDP Spray 3.4 oz,,144.465,Agotado,https://cdn.shopify.com/s/files/1/0936/6713/1667/files/24_png.webp
(Tester) Girls Frozen II KIDS EDT Spray 3.4 oz (WITHOUT BOX),,62.25,Disponible,https://cdn.shopify.com/s/files/1/0936/6713/1667/files/disney-girls-frozen-ii-edt-spray-34-oz-tester-fragrances-1974000003456.jpg
(Tester) HERMES Ladies Twilly D' Eau Ginger EDP Spray 2.87 oz,Hermes,284.465,Disponible,https://cdn.shopify.com/s/files/1/0936/6713/1667/files/hermes-ladies-twilly-dhermes-eau-ginger-edp-spray-287-oz-tester-fragrances-3346133203701.jpg
(Tester) HERRERA Ladies 212 VIP Rose EDP Spray 2.71 oz,,232,Agotado,https://cdn.shopify.com/s/files/1/0936/6713/1667/files/carolina-herrera-ladies-212-vip-rose-edp-spray-271-oz-tester-fragrances-8411061778296.jpg
(Tester) HERRERA Men's 212 VIP Black NY Rodeo EDP Spray 3.38 oz,,267,Agotado,https://cdn.shopify.com/s/files/1/0936/6713/1667/files/carolina-herrera-mens-212-vip-black-rodeo-edp-spray-338-oz-tester-fragrances-8411061111598.jpg
(Tester) HERRERA Men's 212 VIP Black Elixir EDP Spray 3.4 oz,,316,Disponible,https://cdn.shopify.com/s/files/1/0936/6713/1667/files/carolina-herrera-mens-212-vip-black-elixir-edp-spray-34-oz-tester-fragrances-8411061105047.jpg
(Tester) Hugo Boss Men's Bottled Parfum 3.38 oz,Hugo Boss,302,Disponible,https://cdn.shopify.com/s/files/1/0936/6713/1667/files/hugo-boss-mens-bottled-parfum-338-oz-tester-fragrances-3616303173111.jpg
(Tester) Jacobs Daisy Glow 50ml EDT,,232,Agotado,https://cdn.shopify.com/s/files/1/0936/6713/1667/files/1-25523a7ce5-marc_jacobs_daisy_glow_tester_50ml_edt_l_sp_jpg.webp
(TESTER) Ladies Queen Of Silk EDP Spray 2.5 oz (Without lid New),,886.5,Disponible,https://cdn.shopify.com/s/files/1/0936/6713/1667/files/creed-ladies-creed-queen-of-silk-edp-spray-25-oz-tester-fragrances-3508440251855.jpg
(Tester) Lauren Men's Polo Red Rush EDT Spray 4.2 oz,,203.965,Disponible,https://cdn.shopify.com/s/files/1/0936/6713/1667/files/ralph-lauren-mens-polo-red-rush-edt-spray-42-oz-tester-fragrances-3605971671210.jpg
(Tester) Lauren Men's Polo Ultra Blue EDT Spray 4.2 oz,,207.465,Disponible,https://cdn.shopify.com/s/files/1/0936/6713/1667/files/ralph-lauren-mens-polo-ultra-blue-edt-spray-42-oz-tester-fragrances-3605971325687.jpg
(TESTER) MANCERA Unisex Aoud Lemon Mint EDP Spray 4 oz (120 ml),Mancera,267,Agotado,https://cdn.shopify.com/s/files/1/0936/6713/1667/files/mancera-unisex-aoud-lemon-mint-edp-spray-4-oz-120-ml-3760265190164_31f7c0b3-5a59-46a4-ab29-b6f1892f52ff.jpg
(TESTER) MANCERA UNISEX CEDRAT BOISE EXTRAIT DE PARFUM EDP Spray 4.0 oz,Mancera,442,Agotado,https://cdn.shopify.com/s/files/1/0936/6713/1667/files/mancera-unisex-intense-cedrat-boise-edp-40-oz-fragrances-3760265194032_3ac23b6a-8d13-41d6-aa50-734a46571531.jpg
(Tester) Miss Dior EDP Spray 3.4 oz,Dior,529.465,Disponible,https://cdn.shopify.com/s/files/1/0936/6713/1667/files/christian-dior-ladies-miss-dior-edp-spray-34-oz-tester-fragrances-3348900011496-2.jpg
(TESTER) Parisi Megamare EDP 50ml,,477,Disponible,https://cdn.shopify.com/s/files/1/0936/6713/1667/files/3-b04770b6-51b7-4e34-a2c1-3695f046039d_png.png
(Tester) PAUL GAULTIER Ladies Scandal EDP Spray 2.7 oz,,281,Disponible,https://cdn.shopify.com/s/files/1/0936/6713/1667/files/jean-paul-gaultier-ladies-scandal-edp-spray-27-oz-tester-fragrances-8435415006460.jpg
(Tester) Phantom Elixir Parfum 3.4 oz,,302,Disponible,https://cdn.shopify.com/s/files/1/0936/6713/1667/files/paco-rabanne-mens-phantom-elixir-parfum-34-oz-tester-fragrances-3349668644117.jpg
(Tester) RABANNE Men's Invictus Platinum EDP Spray 3.4 oz,Paco Rabanne,284.5,Agotado,https://cdn.shopify.com/s/files/1/0936/6713/1667/files/paco-rabanne-invictus-platinum-apa-de-parfum-tester-100ml_jpg.webp
(Tester) Rouge 540 - Eau de Parfum 2.4 OZ,,1261,Disponible,https://cdn.shopify.com/s/files/1/0936/6713/1667/files/1_3f517b70-844f-4ba6-818e-9f612fcf5e6c_png.webp
(Tester) Unisex Casamorati Italica EDP 3.4 oz,Xerjoff,547,Disponible,https://cdn.shopify.com/s/files/1/0936/6713/1667/files/xerjoff-unisex-casamorati-italica-edp-34-oz-tester-fragrances-8033488154899.jpg
"(Tester) ""IT DOESN'T COVER "" Men's Green Irish Tweed EDP Spray 3.4 oz",,792,Agotado,https://cdn.shopify.com/s/files/1/0936/6713/1667/files/creed-mens-green-irish-tweed-edp-spray-34-oz-tester-100-ml-3508440561022_1.jpg
(TESTER) (NO BOX) DELINA 30ML,,757,Disponible,https://cdn.shopify.com/s/files/1/0936/6713/1667/files/DELINA-PERFUME-30-PACK1-1X1_CENTERED_88539f5d-3761-421a-9cd1-6c63d6f2afbe.webp
(TESTER) (NO BOX) Paco Rabanne 1 Million Men's / 3.3oz (100 ml),Paco Rabanne,232,Disponible,https://cdn.shopify.com/s/files/1/0936/6713/1667/files/paco-rabanne-1-million-mens-paco-rabanne-33oz-100-ml-3349666007921_2_1.jpg
(Tester) (NO CAP) Moschino Ladies Fresh Couture EDT Spray 3.4 oz,Moschino,120,Disponible,https://cdn.shopify.com/s/files/1/0936/6713/1667/files/moschino-ladies-fresh-couture-edt-spray-34-oz-tester-no-cap-fragrances-8011003827893.jpg
(tester) 9 PM Night Out Afnan for women and men,Afnan,144.465,Agotado,https://cdn.shopify.com/s/files/1/0936/6713/1667/files/dark-375x500.123313.2x-2.avif
(TESTER) Accento Eau Parfum 100 ML,,652,Agotado,https://cdn.shopify.com/s/files/1/0936/6713/1667/files/WhatsAppImage2025-06-11at16.26.07_12.jpg
(TESTER) ACQUA DI PARMA Acqua Di Parma (Colonia Intensa) Eau De Cologne,Acqua di Parma,274,Agotado,https://cdn.shopify.com/s/files/1/0936/6713/1667/files/UP8028713210020.jpg-2.avif
(TESTER) Acqua di Parma Colonia Acqua di Parma,Acqua di Parma,249.465,Agotado,https://cdn.shopify.com/s/files/1/0936/6713/1667/files/375x500.1681.2x.avif
(TESTER) ADOLFO DOMINGUEZ 1993 AQUAFRESCA 4.1oz EDT,,172.5,Disponible,https://cdn.shopify.com/s/files/1/0936/6713/1667/files/s-l960_f11d49da-c87f-49a0-abb1-f969154862c8_1.webp
(TESTER) Adolfo Dominguez Men's Ambar Negro EDP Spray 4.1 oz,,172.5,Disponible,https://cdn.shopify.com/s/files/1/0936/6713/1667/files/ambar-negro-1702753683.jpg
(TESTER) AFNAN 9AM Femme 3.4 oz EDP,Afnan,102.5,Agotado,https://cdn.shopify.com/s/files/1/0936/6713/1667/files/9-AM-AFNAN-FEMME-FLACON_850x_webp.jpg
(TESTER) Allure Homme Sport Eau Extreme Chanel for men 100 ml,Chanel,582,Disponible,https://cdn.shopify.com/s/files/1/0936/6713/1667/files/375x500.14669.2x.avif
(TESTER) Antonio Banderas Ladies The Icon Splendid EDP Spray 3.3 oz,,88.5,Disponible,https://cdn.shopify.com/s/files/1/0936/6713/1667/files/antonio-banderas-ladies-the-icon-splendid-edp-spray-33-oz-tester-fragrances-8411061084960.jpg
(Tester) Antonio Banderas Men's Black Seduction EDT 3.3 oz,,85,Disponible,https://cdn.shopify.com/s/files/1/0936/6713/1667/files/Black_Seduction_EDT_33_oz_Tester_0_149225.jpg
(Tester) Antonio Banderas Men's King Of Seduction Absolute EDT Spray 3.4 oz,,85,Disponible,https://cdn.shopify.com/s/files/1/0936/6713/1667/files/antonio-banderas-mens-king-of-seduction-absolute-edt-spray-34-oz-tester-fragrances-8411061081334.jpg
(Tester) Antonio Banderas Men's The Golden Secret EDT Spray 3.4 oz,,88.5,Disponible,https://cdn.shopify.com/s/files/1/0936/6713/1667/files/GOLDEN.jpg
(Tester) Antonio Banderas Men's The Icon Elixir EDP Spray 3.4 oz,,88.5,Disponible,https://cdn.shopify.com/s/files/1/0936/6713/1667/files/antonio-banderas-mens-the-icon-elixir-edp-spray-34-oz-tester-fragrances-8411061079980.jpg
(Tester) Ariana Grande Mod Vanilla Edp 100ml,,162,Agotado,https://cdn.shopify.com/s/files/1/0936/6713/1667/files/modvanilla100_jpg.webp
(TESTER) ART DECO Clive BLONDE AMBER NOBLE COLLECTION,,967,Agotado,https://cdn.shopify.com/s/files/1/0936/6713/1667/files/CC-NB21P50BNN01_1_696X598.png-2.webp
(TESTER) AZZARO Men's Forever Wanted Elixir Spray 3.4 oz,Azzaro,365,Agotado,https://cdn.shopify.com/s/files/1/0936/6713/1667/files/azzaro-mens-forever-wanted-elixir-spray-34-oz-fragrances-3614274258073.jpg
(TESTER) B9 Bond No 9 for women and men (DESCONTINUADO),Bond No.9,897,Disponible,https://cdn.shopify.com/s/files/1/0936/6713/1667/files/dark-375x500.31695.2x.avif
(TESTER) Baccarat Rouge 540 Eau de parfum 2.4oz,,1261,Disponible,https://cdn.shopify.com/s/files/1/0936/6713/1667/files/3700559603116_BR540_EDP_70ML_1.webp
(TESTER) Baccarat Rouge 540 Extrait Extrait de Parfum Spray 2.4 oz,,1401,Agotado,https://cdn.shopify.com/s/files/1/0936/6713/1667/files/H8b629c5d3c554ba3b1d4237070cc386bH.jpg
(TESTER) BLACK BOX GAME OF SPADES WIN,,221.5,Disponible,https://cdn.shopify.com/s/files/1/0936/6713/1667/files/game-of-spades-win-7839899.jpg
(TESTER) Black XS by Paco Rabanne 3.4 oz. Eau de Toilette Spray for Men,Paco Rabanne,179.465,Agotado,https://cdn.shopify.com/s/files/1/0936/6713/1667/files/20588_1__90863.jpg
(TESTER) BLEU CHANEL de Parfum 100 ML,Chanel,550.5,Agotado,https://cdn.shopify.com/s/files/1/0936/6713/1667/files/s1695980-main-zoom_jpg.webp
(TESTER) BLUE SEDUCTION 2.7oz EDT,,85,Disponible,https://cdn.shopify.com/s/files/1/0936/6713/1667/files/antonio-banderas-ladies-blue-seduction-edt-spray-27-oz-tester-fragrances-8411061889749.webp
(TESTER) BLUE SEDUCTION 3.4oz EDT,,92,Disponible,https://cdn.shopify.com/s/files/1/0936/6713/1667/files/71T_X56v-QL._AC_UF1000_1000_QL80.jpg
(Tester) BOND NO.9 Unisex Bleecker Street EDP Spray 3.4 oz,Bond No.9,687,Agotado,https://cdn.shopify.com/s/files/1/0936/6713/1667/files/bond-no9-unisex-bleecker-street-edp-spray-34-oz-tester-fragrances-0890766243007-00890766243007.jpg
(TESTER) Born in Roma Coral Fantasy Eau de Parfum 50 ML,,284.5,Disponible,https://cdn.shopify.com/s/files/1/0936/6713/1667/files/s2541399-main-zoom_jpg.webp
(TESTER) Boss The Scent Elixir Parfum Intense 100 ML,,337,Disponible,https://cdn.shopify.com/s/files/1/0936/6713/1667/files/511YYXozeyL._UF1000_1000_QL80.jpg
(Tester) Burberry Ladies My EDP 3.0 oz,Burberry,239,Disponible,https://cdn.shopify.com/s/files/1/0936/6713/1667/files/burberry-ladies-my-burberry-edp-30-oz-tester-fragrances-3614226906052-35086.jpg
(Tester) Burberry Men's Hero Parfum 3.3 oz,Burberry,337,Disponible,https://cdn.shopify.com/s/files/1/0936/6713/1667/files/burberry-mens-hero-parfum-33-oz-tester-fragrances-3616304679407.jpg
(Tester) BURBERRY Fragrance Goddess EDP Spray 3.4 oz (Tester),Burberry,354.5,Agotado,https://cdn.shopify.com/s/files/1/0936/6713/1667/files/IMG_5271.jpg
(Tester) Burberry Her EDP Spray 3.4 oz Fragrances,Burberry,337,Disponible,https://cdn.shopify.com/s/files/1/0936/6713/1667/files/IMG_0336.jpg
(TESTER) BVLGARI Men's Man Glacial Essence EDP Spray 3.4 oz,Bvlgari,281,Disponible,https://cdn.shopify.com/s/files/1/0936/6713/1667/files/bvlgari-mens-man-glacial-essence-edp-spray-34-oz-tester-fragrances-783320412004.jpg
(Tester) CACHAREL Ladies Yes I Am EDP 1.7 oz,,140.65,Disponible,https://cdn.shopify.com/s/files/1/0936/6713/1667/files/Photoroom_20250803_212126.jpg
(Tester) Calvin Klein CK ETERNITY for women Eau de parfum EDP 100ml,Calvin Klein,162,Disponible,https://cdn.shopify.com/s/files/1/0936/6713/1667/files/CK-ETERNITY-WOMEN.jpg
(TESTER) Calvin Klein Men's Eternity Men EDP Spray 3.4 oz,Calvin Klein,176,Agotado,https://cdn.shopify.com/s/files/1/0936/6713/1667/files/calvin-klein-mens-eternity-men-edp-spray-34-oz-tester-fragrances-3614229135107.jpg
(Tester) Carolina Herrera Men's 212 Men NYC EDT Spray 3.38 oz,Carolina Herrera,221.5,Disponible,https://cdn.shopify.com/s/files/1/0936/6713/1667/files/carolina-herrera-mens-212-men-nyc-edt-spray-338-oz-tester-fragrances-8411061043882.jpg
(TESTER) CAROLINA HERRERA Men's Bad Boy Le Parfum EDP Spray 3.4 oz,Carolina Herrera,284.5,Disponible,https://cdn.shopify.com/s/files/1/0936/6713/1667/files/carolina-herrera-mens-bad-boy-its-so-good-to-be-bad-edp-spray-338-oz-tester-fragrances-8411061991893.jpg
(TESTER) CAROLINA HERRERA Bad Boy Cobalt Elixir EDP 3.4 Oz,Carolina Herrera,302,Agotado,https://cdn.shopify.com/s/files/1/0936/6713/1667/files/IMG_3508.jpg
(TESTER) CAROLINA HERRERA GOOD GIRL VERY ELIXIR EDP 80ML,Carolina Herrera,407,Disponible,https://cdn.shopify.com/s/files/1/0936/6713/1667/files/descarga_8.jpg
(TESTER) CARTIER Ladies La Panthere EDT 3.4 oz Fragrances,,340.5,Disponible,https://cdn.shopify.com/s/files/1/0936/6713/1667/files/cartier-ladies-la-panthere-edt-34-oz-fragrances-3432240506610.jpg
(TESTER) CARTIER Ladies La Panthere Elixir 3.3 oz,,368.5,Disponible,https://cdn.shopify.com/s/files/1/0936/6713/1667/files/cartier-ladies-la-panthere-parfum-2020-parfum-33-oz-fragrances-3432240506597.jpg
(TESTER) Chanel Allure Homme EDT 100 ML,Chanel,442,Disponible,https://cdn.shopify.com/s/files/1/0936/6713/1667/files/6294517119_w640_h640_original-chanel-allure_jpg.webp
(TESTER) CHANEL COCO Eau de Parfum 100 ML,Chanel,585.5,Disponible,https://cdn.shopify.com/s/files/1/0936/6713/1667/files/egoiste-100ml-tester-chanel-edt_jpg.png
(TESTER) CHANEL Coco Mademoiselle L'eau Privee Ladies,Chanel,585.5,Disponible,https://cdn.shopify.com/s/files/1/0936/6713/1667/files/egoiste-100ml-tester-chanel-edt.png
(TESTER) CLIVE CHRISTIAN Men's VII Rock Rose Parfum Spray 1.7 oz,,897,Agotado,https://cdn.shopify.com/s/files/1/0936/6713/1667/files/clive-christian-mens-vii-rock-rose-edp-spray-17-oz-tester-fragrances-652638010618-2.jpg
(TESTER) Cloud Ariana Grande Eau De Parfum 3.4 oz,,183,Agotado,https://cdn.shopify.com/s/files/1/0936/6713/1667/files/descarga_4.webp
(TESTER) Coco Mademoiselle L’eau PRIVEE Eau Pour La Nuit Perfume Spray 3.4 Oz 100 Ml,,582,Disponible,https://cdn.shopify.com/s/files/1/0936/6713/1667/files/s2040483-main-zoom_jpg_7d422414-7312-435b-aeb2-575ff9718d0e.webp
(TESTER) Cosmic Pepper Mancera for women and men,Mancera,298.5,Disponible,https://cdn.shopify.com/s/files/1/0936/6713/1667/files/375x500.81804.2x.avif
(TESTER) CREED Men's Viking EDP Spray 3.3 oz,Creed,897,Disponible,https://cdn.shopify.com/s/files/1/0936/6713/1667/files/WhatsAppImage2025-11-19at12.26.27.jpg
(TESTER) CREED Original Santal / EDP Spray 3.3 oz,Creed,823.5,Disponible,https://cdn.shopify.com/s/files/1/0936/6713/1667/files/creed-mens-original-santal-edp-spray-34-oz-tester-fragrances-3508440561107.jpg
(Tester) Creed Aventus 100 ml (Without lid New),Creed,1068.5,Disponible,https://cdn.shopify.com/s/files/1/0936/6713/1667/files/creed-mens-aventus-edp-spray-33-oz-tester-fragrances-3508440561114.jpg
(Tester) Creed Himalaya EDP Spray 3.3 oz (100 ml),Creed,704.5,Agotado,https://cdn.shopify.com/s/files/1/0936/6713/1667/files/creed-mens-himalaya-edp-spray-34-oz-tester-fragrances-3508440561084_1.jpg
(Tester) Creed Men's Aventus Cologne EDC Spray 3.4 oz,Creed,858.5,Disponible,https://cdn.shopify.com/s/files/1/0936/6713/1667/files/creed-mens-himalaya-edp-spray-34-oz-tester-fragrances-3508440561084.jpg
(TESTER) DAMAGED NAYLO Aether Extrait For Unisex 100 ml,,142.75,Disponible,https://cdn.shopify.com/s/files/1/0936/6713/1667/files/IMG_1071.jpg
(TESTER) DAMAGED NAYLO NICHE EMARATI LUJAIN EDP 100 ML,Niche Emarati,165.5,Disponible,https://cdn.shopify.com/s/files/1/0936/6713/1667/files/niche-emarati-lujain-edp-100-ml-2312165_dc40b52f-3c4b-4c21-ad9d-982079291739.jpg
(Tester) de Marly Delina Exclusif,Parfums de Marly,1317,Disponible,https://cdn.shopify.com/s/files/1/0936/6713/1667/files/s-l1600_25.webp
(TESTER) DIOR J'adore Eau de Parfum Eau de Parfum 100 ml,Dior,512,Disponible,https://cdn.shopify.com/s/files/1/0936/6713/1667/files/s2836880-main-zoom_jpg.webp
(TESTER) Dior Christian Ladies Miss Dior Rose N' Roses EDT Spray 3.4 oz,Dior,386,Disponible,https://cdn.shopify.com/s/files/1/0936/6713/1667/files/christian-dior-ladies-miss-dior-rose-n-roses-edt-spray-34-oz-tester-fragrances-3348901500845_1.jpg
(Tester) Dior Christian Men's Sauvage EDT Spray 3.4 oz,Dior,386,Disponible,https://cdn.shopify.com/s/files/1/0936/6713/1667/files/christian-dior-mens-sauvage-edt-spray-34-oz-tester-fragrances-3348901248426.jpg
(Tester) DIOR Fahrenheit de Christian EDT Spray 3.4 oz,Dior,333.5,Disponible,https://cdn.shopify.com/s/files/1/0936/6713/1667/files/IMG_9509.jpg
(Tester) DISNEY Boys Mickey Mouse KIDS EDT Spray 3.4 oz (WITHOUT BOX),,62.25,Disponible,https://cdn.shopify.com/s/files/1/0936/6713/1667/files/disney-boys-mickey-mouse-edt-spray-34-oz-tester-fragrances-1974000003453.jpg
(TESTER) DOLCE & GABBANA Men's K EDP Spray,Dolce & Gabbana,189.965,Disponible,https://cdn.shopify.com/s/files/1/0936/6713/1667/files/dolce-and-gabbana-mens-k-edp-spray-67-oz-fragrances-8057971183937.jpg
(TESTER) DOLCE & GABBANA Men's The One 100 ML EDT,Dolce & Gabbana,169,Disponible,https://cdn.shopify.com/s/files/1/0936/6713/1667/files/73474896.png
(Tester) DOLCE & GABBANA Ladies Devotion EDP Spray 3.4 oz,Dolce & Gabbana,214.465,Agotado,https://cdn.shopify.com/s/files/1/0936/6713/1667/files/dolce-gabbana-020676dg_03.webp
(Tester) DOLCE & GABBANA Ladies Light Blue EDT 3.4 oz,Dolce & Gabbana,179.465,Agotado,https://cdn.shopify.com/s/files/1/0936/6713/1667/files/light-blue-dolce-gabbana-edt-spray-33-oz-w-3423473020233_2.jpg
(TESTER) DOLCE & GABBANA LIGHT BLUE POUR HOMME EAU DE TOILETTE SPRAY 3.3 OZ 100ML,Dolce & Gabbana,196.965,Agotado,https://cdn.shopify.com/s/files/1/0936/6713/1667/files/s-l1600-40.jpg
(TESTER) DOLCE & GABBANA THE NEW EAU DE PARFUM Men's ML,Dolce & Gabbana,221.5,Disponible,https://cdn.shopify.com/s/files/1/0936/6713/1667/files/dolce-gabbana-devotion-pour-homme-edp-100ml-_-_-_-_38046-2.jpg
(Tester) Dolce And Gabbana Light Blue Capri In Love Pour Homme Edp 100 Ml,Dolce & Gabbana,253,Disponible,https://cdn.shopify.com/s/files/1/0936/6713/1667/files/tester-capri-hombre.webp
"(TESTER) Dolce&Gabbana The Only One, Eau De Parfum Espray, para mujer - 3.4 fl oz / 3.3 fl oz",,221.5,Disponible,https://cdn.shopify.com/s/files/1/0936/6713/1667/files/61EdhxJBjmL._SL1500.jpg
(Tester) EMPORIO ARMANI Men's Armani Stronger With You EDT Spray 3.4 oz,Armani,242.5,Agotado,https://cdn.shopify.com/s/files/1/0936/6713/1667/files/emporio-armani-mens-armani-stronger-with-you-edt-spray-34-oz-tester-fragrances-3605522040342.jpg
(TESTER) Eros Energy Pour Homme de Versace,Versace,284.465,Agotado,https://cdn.shopify.com/s/files/1/0936/6713/1667/files/eros-energy-pour-homme-de-versace-1463755.jpg
(Tester) Eros Flame Eau de Parfum 100 ML,,232,Disponible,https://cdn.shopify.com/s/files/1/0936/6713/1667/files/versace-mens-eros-flame-edp-spray-34-oz-tester-fragrances-8011003845514.jpg
(TESTER) French Avenue Unisex Veneno Bianco EDP Spray 3.38 oz Humidified box for your product is intact),French Avenue,158.5,Disponible,https://cdn.shopify.com/s/files/1/0936/6713/1667/files/french-avenue-unisex-veneno-bianco-edp-spray-338-oz-fragrances-6290360377919.jpg
(TESTER) GIORGIO ARMANI Men's Acqua Di Gio Profondo EAU DE Parfum 3.4 oz,Armani,351,Agotado,https://cdn.shopify.com/s/files/1/0936/6713/1667/files/giorgio-armani-mens-acqua-di-gio-profondo-parfum-34-oz-fragrances-3614273953696.jpg
(Tester) GIORGIO ARMANI Men's Acqua Di Gio Profondo EDT Spray 3.4 oz,Armani,336.965,Disponible,https://cdn.shopify.com/s/files/1/0936/6713/1667/files/giorgio-armani-mens-acqua-di-gio-profondo-edt-spray-34-oz-tester-fragrances-3614274361315.jpg
(TESTER) GIORGIO ARMANI Men's Armani Code Eau de Parfum,Armani,337,Agotado,https://cdn.shopify.com/s/files/1/0936/6713/1667/files/giorgio-armani-mens-armani-code-eau-de-parfum-2024-edp-spray-25-oz-fragrances-3614273636414.jpg
(Tester) GIORGIO ARMANI Ladies My Way EDP Spray 3.0 oz,Armani,354.5,Agotado,https://cdn.shopify.com/s/files/1/0936/6713/1667/files/giorgio-armani-ladies-my-way-edp-spray-30-oz-tester-fragrances-3614272907720_2.jpg
(Tester) Giorgio Armani Stronger Intensely 3.4oz Men EDP,Armani,340.5,Disponible,https://cdn.shopify.com/s/files/1/0936/6713/1667/files/IMG_6424_4e4c559f-da48-43fc-b47e-4dfc6b6e189a.jpg
(Tester) GIVENCHY Gentleman Society 3.3 oz,Givenchy,266.965,Agotado,https://cdn.shopify.com/s/files/1/0936/6713/1667/files/IMG_6456.jpg
(TESTER) GIVENCHY L'INTERDIT 2.7oz EDP ROUGE ULTIME,Givenchy,302,Agotado,https://cdn.shopify.com/s/files/1/0936/6713/1667/files/13965_1__63790.webp
(Tester) Givenchy Ladies L'Interdit EDP 2.7 oz,Givenchy,316,Disponible,https://cdn.shopify.com/s/files/1/0936/6713/1667/files/givenchy-ladies-givenchy-linterdit-edp-27-oz-tester-fragrances-3274872372160.jpg
(Tester) Good Girl Very 80 ml,,340.5,Disponible,https://cdn.shopify.com/s/files/1/0936/6713/1667/files/IMG_9262.jpg
(Tester) GRANDE Ladies Mod Blush EDP Spray 3.4 oz,,179.465,Agotado,https://cdn.shopify.com/s/files/1/0936/6713/1667/files/ariana-grande-ladies-mod-blush-edp-spray-34-oz-tester-fragrances-810101500077.jpg
(Tester) Greenwich Village Bond No 9 for women and men,Bond No.9,687,Disponible,https://cdn.shopify.com/s/files/1/0936/6713/1667/files/DSCN9063__78440__26997_1563306506_jpg.webp
(TESTER) GUCCI Ladies Bloom Ambrosia di Fiori EDP Spray 3.38 oz,Gucci,249.5,Disponible,https://cdn.shopify.com/s/files/1/0936/6713/1667/files/gucci-ladies-bloom-ambrosia-di-fiori-edp-spray-338-oz-tester-fragrances-3614228958554.jpg
(TESTER) GUCCI Ladies Rush EDT Spray 2.5 oz,Gucci,190,Agotado,https://cdn.shopify.com/s/files/1/0936/6713/1667/files/gucci-ladies-rush-edt-spray-25-oz-tester-fragrances-8005610328706.jpg
(TESTER) GUCCI FLORA GORGEOUS MAGNOLIA 3.3oz EDP,Gucci,274,Disponible,https://cdn.shopify.com/s/files/1/0936/6713/1667/files/647b55b2-325a-42ce-abbd-b77d1e1b3001.webp
(TESTER) Gucci Guilty Absolute Pour homme Eau de Parfum 3.0 oz / 90 ml,Gucci,211,Agotado,https://cdn.shopify.com/s/files/1/0936/6713/1667/files/s-l1600-XL__37295.jpg
(Tester) Gucci Guilty Eau de Parfum 90 ML,Gucci,333.5,Disponible,https://cdn.shopify.com/s/files/1/0936/6713/1667/files/70dc39c65a7ef058bab313b32b97ab8f.webp
(Tester) GUCCI Guilty Elixir de Parfum Extrait de Parfum 2.03 oz,Gucci,337,Disponible,https://cdn.shopify.com/s/files/1/0936/6713/1667/files/gucci-mens-guilty-elixir-de-parfum-spray-20-oz-60-ml-3616304175893.jpg
(TESTER) HALTANE EAU DE PARFUM 125 ML,,757,Disponible,https://cdn.shopify.com/s/files/1/0936/6713/1667/files/haltane-testereau-de-parfumfragrance-nevaeh-305440_jpg.webp
(TESTER) HER GOLDEN SECRET 2.7oz EDT,,92,Disponible,https://cdn.shopify.com/s/files/1/0936/6713/1667/files/HER-GOLDEN-SECRET-by-Antonio-Banderas-EDT-SPRAY-2-7-OZ-TESTER_23273d83-18d5-4676-b516-fc92c1c54016.899c61e0609d3a6daf23a4fd6a67c8f7_1.webp
(TESTER) HERMES Unisex Un Jardin Sur Le Toit EDT Spray 3.3 oz,Hermes,249.465,Disponible,https://cdn.shopify.com/s/files/1/0936/6713/1667/files/hermes-un-jardin-sur-le-toit-edt-100ml-900x900.jpg
(TESTER) HERMES Men's Terre D'hermes EDT Spray 3.4 oz,Hermes,246,Disponible,https://cdn.shopify.com/s/files/1/0936/6713/1667/files/hermes-mens-terre-dhermes-edt-spray-34-oz-tester-fragrances-3346130009627.jpg
(TESTER) Herod Parfums de Marly for Men EDP,Parfums de Marly,687,Disponible,https://cdn.shopify.com/s/files/1/0936/6713/1667/files/a0265e24e2106afc91e579817e48282cdd1e926d_1024x1024_jpg.webp
(TESTER) HINDU KUSH EAU DE PARFUM 100 ML,,267,Disponible,https://cdn.shopify.com/s/files/1/0936/6713/1667/files/HINDUKUSH-120ML-Mood_720x_jpg.webp
(TESTER) HUGO BOSS Boss Bottled Night by EDT Spray 3.3 oz,Hugo Boss,197,Agotado,https://cdn.shopify.com/s/files/1/0936/6713/1667/files/hugo-boss-mens-no6-night-edt-spray-34-oz-tester-fragrances-737052352046.jpg
(TESTER) Hugo Boss Boss The Scent Parfum 100ml,Hugo Boss,267,Disponible,https://cdn.shopify.com/s/files/1/0936/6713/1667/files/boss-the-scent-parfum-100ml-_-_-_-_8428452.jpg
(Tester) Hugo Boss Men's The Scent Magnetic EDP Spray 3.4 oz,Hugo Boss,246,Disponible,https://cdn.shopify.com/s/files/1/0936/6713/1667/files/hugo-boss-mens-the-scent-magnetic-edp-spray-34-oz-tester-fragrances-3616305040695.jpg
(Tester) JACOBS Ladies Daisy Eau DROPS LOVE Parfum 300Pcs Capsules,,123.5,Disponible,https://cdn.shopify.com/s/files/1/0936/6713/1667/files/marc-jacobs-ladies-daisy-eau-so-fresh-parfum-300pcs-capsules-tester-fragrances-3616304218958.jpg
(TESTER) Jardin Sur Le Nil EDT Spray 3.3 oz,,249.465,Disponible,https://cdn.shopify.com/s/files/1/0936/6713/1667/files/Hermes-Un-Jardin-Sur-Le-Nil-Eau-De-Toilette-Spray-Perfume-for-Women-3-3-Oz_2f4bd240-a6b9-47a9-a520-68185c86b7b5_405195ac8655def013c06c4b03cf9264_jpeg.webp
(TESTER) Jean Paul Gaultier Ladies Classique EDT Spray 3.4 oz,Jean Paul Gaultier,284.5,Agotado,https://cdn.shopify.com/s/files/1/0936/6713/1667/files/shopping_63.webp
(Tester) JEAN PAUL GAULTIER Ladies So Scandal EDP Spray 2.7 oz,Jean Paul Gaultier,284.5,Disponible,https://cdn.shopify.com/s/files/1/0936/6713/1667/files/IMG_6455.jpg
(TESTER) JEAN PAUL GAULTIER LE MALE ELIXIR ABSOLU PARFUM INTENSE 125 ML,Jean Paul Gaultier,407,Disponible,https://cdn.shopify.com/s/files/1/0936/6713/1667/files/3560-scaled.webp
(Tester) Jean Paul Gaultier Men's Ultra Male Intense EDT Spray 4.2 oz,Jean Paul Gaultier,375.5,Disponible,https://cdn.shopify.com/s/files/1/0936/6713/1667/files/jean-paul-gaultier-mens-ultra-male-intense-edt-spray-42-oz-tester-fragrances-8435415012058.jpg
(TESTER) Jimmy Choo Men's Man EDT Spray 3.3 OZ,Jimmy Choo,158.5,Disponible,https://cdn.shopify.com/s/files/1/0936/6713/1667/files/jimmy-choo-mens-man-edt-spray-33-oz-fragrances-tester-3386460064149.jpg
(TESTER) L'INTERDIT INTENSE BY GIVENCHY PERFUME FOR WOMEN EDP 2.7 OZ,Givenchy,302,Disponible,https://cdn.shopify.com/s/files/1/0936/6713/1667/files/L_InterditIntensebyGivenchy_jpg.webp
(TESTER) L'Interdit Rouge Eau de Parfum 80 ML,,302,Agotado,https://cdn.shopify.com/s/files/1/0936/6713/1667/files/2587076.avif
(TESTER) Lacoste Men's L.12.12 Blanc EDP Spray 3.4 oz,,179.465,Agotado,https://cdn.shopify.com/s/files/1/0936/6713/1667/files/lacoste-mens-l1212-blanc-edp-spray-34-oz-tester-fragrances-3386460149488.jpg
(Tester) Ladies Poeme EDP 3.4 oz,,211,Disponible,https://cdn.shopify.com/s/files/1/0936/6713/1667/files/lancome-ladies-poeme-edp-34-oz-tester-fragrances-3147758761764.jpg
(TESTER) LANCOME La Vie Est Belle EDP Spray 3.4 oz (w) (100 ml),Lancome,351,Agotado,https://cdn.shopify.com/s/files/1/0936/6713/1667/files/la-vie-est-belle-lancome-edp-spray-34-oz-w-100-ml-3605533286555.jpg
(TESTER) LANCOME Ladies La Vie Est Belle L'Elixir EDP Spray 3.4 oz,Lancome,386,Agotado,https://cdn.shopify.com/s/files/1/0936/6713/1667/files/lancome-ladies-la-vie-est-belle-lelixir-edp-spray-34-oz-fragrances-3614274169706_1.jpg
(TESTER) Lancôme La Nuit Trésor Eau de Parfum 100 ml,Lancome,281,Disponible,https://cdn.shopify.com/s/files/1/0936/6713/1667/files/32242334_fpx_tif.webp
(TESTER) Lancome Unisex Off Now EDT Spray 3.4 oz,Lancome,211,Disponible,https://cdn.shopify.com/s/files/1/0936/6713/1667/files/lancome-unisex-off-now-edt-spray-34-oz-fragrances-3614274380415.jpg
(Tester) LAUREN Ladies Ralph EDT Spray 3.4 oz,,186.5,Agotado,https://cdn.shopify.com/s/files/1/0936/6713/1667/files/ralph-lauren-ladies-ralph-edt-spray-34-oz-tester-fragrances-3360377015951.jpg
(Tester) Lauren Men's Ralph's Club New York EDP Spray 3.6 oz,,189.965,Agotado,https://cdn.shopify.com/s/files/1/0936/6713/1667/files/ralph-lauren-mens-ralphs-club-new-york-edp-spray-36-oz-tester-fragrances-3605973038325.jpg
(Tester) Le Beau Paradise Garden Jean Paul Gaultier for men 125 ml,Jean Paul Gaultier,424.5,Disponible,https://cdn.shopify.com/s/files/1/0936/6713/1667/files/tester-le-beau-paradise-garden-jean-paul-gaultier-for-men-125-ml-5710697.jpg
(TESTER) LORENZO PAZZAGLIA SEX SEA 50 ML (With out box),Lorenzo Pazzaglia,512,Disponible,https://cdn.shopify.com/s/files/1/0936/6713/1667/files/m77454146686_1_jpg.avif
(TESTER) MAISON CRIVELLI Unisex Oud Maracuja Extrait de Parfum Spray 3.38 oz (WITH OUT BOX),,1334.5,Disponible,https://cdn.shopify.com/s/files/1/0936/6713/1667/files/maison-crivelli-unisex-oud-maracuja-extrait-de-parfum-spray-17-oz-fragrances-3770019756362_2_4c864ef7-7a8e-400e-8b4f-e52fa087f87f.jpg
(TESTER) MANCERA Juicy Flowers / Paris EDP Spray 4.0 oz (120 ml),Mancera,281,Disponible,https://cdn.shopify.com/s/files/1/0936/6713/1667/files/juicy-flowers-mancera-paris-edp-spray-40-oz-120-ml-w-3760265193738.jpg
(TESTER) MANCERA Ladies Roses Greedy EDP Spray 4.0 oz (125 ml),Mancera,277.5,Agotado,https://cdn.shopify.com/s/files/1/0936/6713/1667/files/mancera-ladies-roses-greedy-edp-spray-40-oz-125-ml-3760265190843.jpg
(TESTER) MANCERA Ladies Velvet Vanilla EDP Spray 4 oz,Mancera,281,Agotado,https://cdn.shopify.com/s/files/1/0936/6713/1667/files/375x500.39835.2x.avif
(TESTER) MANCERA Unisex Amore Caffe EDP Spray 4.0 oz,Mancera,351,Agotado,https://cdn.shopify.com/s/files/1/0936/6713/1667/files/mancera-unisex-amore-caffe-edp-spray-40-oz-fragrances-3760265194582.jpg
(TESTER) MANCERA Unisex Black Noir EDP Spray 4.06 oz,Mancera,246,Agotado,https://cdn.shopify.com/s/files/1/0936/6713/1667/files/mancera-unisex-black-noir-edp-spray-406-oz-fragrances-3760265194636.jpg
(TESTER) MANCERA Unisex Cedrat Boise EDP Spray 4 oz (120 ml),Mancera,260,Agotado,https://cdn.shopify.com/s/files/1/0936/6713/1667/files/mancera-unisex-cedrat-boise-edp-spray-4-oz-120-ml-3760265190485_1.jpg
(TESTER) MANCERA Unisex Intense Cedrat Boise EDP 4.0 oz,Mancera,312.5,Agotado,https://cdn.shopify.com/s/files/1/0936/6713/1667/files/mancera-unisex-intense-cedrat-boise-edp-40-oz-fragrances-3760265194032.jpg
(TESTER) MANCERA Unisex Red Tobacco Intense Extrait de Parfum Spray 4.0 oz,Mancera,323,Disponible,https://cdn.shopify.com/s/files/1/0936/6713/1667/files/mancera-unisex-red-tobacco-intense-edp-spray-40-oz-fragrances-3760265194513_2.jpg
(TESTER) MANCERA AMBERFUL EAU DE PARFUM 100 ML,Mancera,316,Disponible,https://cdn.shopify.com/s/files/1/0936/6713/1667/files/Amberful_0179b4d2-a681-4b83-a5b6-3addf451342f_720x_png.webp
(TESTER) MANCERA JARDIN EXCLUSIF (120 ML),Mancera,267,Agotado,https://cdn.shopify.com/s/files/1/0936/6713/1667/files/JARDINEXCLUSIF-120ML-Mood_720x_jpg.webp
(TESTER) MANCERA RED TOBACCO 100 ML,Mancera,316,Agotado,https://cdn.shopify.com/s/files/1/0936/6713/1667/files/00000000_zi_20495062_jpg.avif
(TESTER) Mancera Vetiver Sensuel Eau de Parfum 100 ML,Mancera,281,Agotado,https://cdn.shopify.com/s/files/1/0936/6713/1667/files/1_fbdc839b-338d-4288-8ccf-18cec8ea0b8d_1680x_png.webp
(TESTER) MANCERA Wild Leather Unisex Spray 4 oz (120 ml),Mancera,316,Disponible,https://cdn.shopify.com/s/files/1/0936/6713/1667/files/mancera-unisex-wild-leather-edp-spray-4-oz-120-ml-3760265191246.jpg
(TESTER) MANCERA XPLICIT VANILLA 100 ML,Mancera,302,Disponible,https://cdn.shopify.com/s/files/1/0936/6713/1667/files/XplicitVanilla100ml_720x_png.webp
(Tester) Marc Jacobs Ladies Daisy So Fresh EDT Spray 4.2 oz,Marc Jacobs,239,Disponible,https://cdn.shopify.com/s/files/1/0936/6713/1667/files/marc-jacobs-daisy-eau-so-fresh-marc-jacobs-edt-spray-42-oz-w-3607342221208_2.jpg
(TESTER) MARC JACOBS Ladies Perfect Elixir,Marc Jacobs,284.5,Disponible,https://cdn.shopify.com/s/files/1/0936/6713/1667/files/51ilt1OcddL._UF1000_1000_QL80.jpg
(TESTER) Marc Jacobs Daisy Wild Eau So Intense 3.3 oz./100 ml. EDP Spray for Women,Marc Jacobs,337,Disponible,https://cdn.shopify.com/s/files/1/0936/6713/1667/files/23388_1__37793.jpg
(TESTER) Marc Jacobs Eau de Parfum para mujer 3.4 FL oz 100 ML,Marc Jacobs,162,Agotado,https://cdn.shopify.com/s/files/1/0936/6713/1667/files/3f041104-4c2c-462f-8fc9-d5f0e707cc03.jpg
(Tester) Marc Jacobs Ladies Daisy Eau So Fresh Parfum 300Pcs Capsules,Marc Jacobs,123.5,Disponible,https://cdn.shopify.com/s/files/1/0936/6713/1667/files/marc-jacobs-ladies-daisy-eau-so-fresh-parfum-300pcs-capsules-tester-fragrances-3616304218958_1.jpg
(TESTER) MISS DIOR LE PARFUM 75M,Dior,512,Agotado,https://cdn.shopify.com/s/files/1/0936/6713/1667/files/s2747178-main-zoom_f81e7b93-179d-4af9-b990-139c14d91848.jpg
(TESTER) MONTALE Ladies Crazy In Love EDP Spray 3.4 oz,Montale,267,Disponible,https://cdn.shopify.com/s/files/1/0936/6713/1667/files/montale-ladies-crazy-in-love-edp-34-oz-fragrances-3760260458122.jpg
(TESTER) MONTALE Unisex Arabians Musk EDP Spray 3.4 oz,Montale,302,Disponible,https://cdn.shopify.com/s/files/1/0936/6713/1667/files/375x500.97829.2x.avif
(Tester) Montale Unisex Chocolate Greedy EDP 3.4 oz,Montale,225,Agotado,https://cdn.shopify.com/s/files/1/0936/6713/1667/files/chocolate-greedy-montale-edp-spray-33-oz-100-ml-u-3760260451642.jpg
(TESTER) MONTALE Crystal Flowers EDP Spray 3.3 oz (100 ml),Montale,267,Disponible,https://cdn.shopify.com/s/files/1/0936/6713/1667/files/crystal-flowers-montale-edp-spray-33-oz-100-ml-u-3760260450126_2-2.jpg
(TESTER) Montale Intense Cafe Eau de parfum 100 ml UNISEX,Montale,270.5,Disponible,https://cdn.shopify.com/s/files/1/0936/6713/1667/files/Photoroom_20250914_181346.jpg
(TESTER) Montale OUD PASHMINA,Montale,267,Disponible,https://cdn.shopify.com/s/files/1/0936/6713/1667/files/oud-pashmina_540x_png.webp
(TESTER) MONTALE Starry Nights Eau De Parfum 100 ML,Montale,249.465,Agotado,https://cdn.shopify.com/s/files/1/0936/6713/1667/files/UP3760260452069_jpg.avif
(Tester) Montblanc Men's Explorer Platinum EDP Spray 3.38 oz,Montblanc,177.75,Agotado,https://cdn.shopify.com/s/files/1/0936/6713/1667/files/shopping_15.webp
(TESTER) My Yara Collection 25ml 4pcs Gift Set,Lattafa,146.25,Agotado,https://cdn.shopify.com/s/files/1/0936/6713/1667/files/my-yara-collection-25ml-4pcs-gift-set-5915189.jpg
(TESTER) NEW PACO RABANNE Invictus Victory Absolu Parfum 100 oz,Paco Rabanne,442,Agotado,https://cdn.shopify.com/s/files/1/0936/6713/1667/files/paco-rabanne-mens-invictus-victory-absolu-parfum-34-oz-fragrances-3349668641833.jpg
(Tester) Nina Ricci Ladies L'Air Du Temps EDT Spray 3.4 oz,,172.5,Disponible,https://cdn.shopify.com/s/files/1/0936/6713/1667/files/nina-ricci-ladies-lair-du-temps-edp-spray-34-oz-tester-fragrances-3137370212041.jpg
(Tester) NISHANE Hundred Silent Ways Extrait de Parfum Spray 3.4 oz,Nishane,529.465,Agotado,https://cdn.shopify.com/s/files/1/0936/6713/1667/files/nishane-mens-hundred-silent-ways-edp-spray-34-oz-tester-fragrances-8681008055357.jpg
(TESTER) NO BOX Dolce & Gabbana My Devotion Eau de Parfum Intense 100 ML,Dolce & Gabbana,442,Disponible,https://cdn.shopify.com/s/files/1/0936/6713/1667/files/15100976_fpx.webp
(TESTER) NO BOX Dolce & Gabbana My Devotion Eau de Parfum Intense 10 ML,Dolce & Gabbana,126.965,Disponible,https://cdn.shopify.com/s/files/1/0936/6713/1667/files/Dolce-Gabbana-MY-DEVOTION-10-ml-EDP-Intense-Spray-for-Women_f94a0465-abd2-4117-b4a6-6bd66aa44392.f872d7990fe0f0c9efedebda05c0534d.avif
(TESTER) NO BOX Dolce & Gabbana My Devotion Eau de Parfum Intense 50 ML,Dolce & Gabbana,389.465,Disponible,https://cdn.shopify.com/s/files/1/0936/6713/1667/files/15100975_fpx.webp
(TESTER) NO BOX Jean Paul GAULTIER LE BEAU LE PARFUM INTENSO 4.2oz,Jean Paul Gaultier,407,Disponible,https://cdn.shopify.com/s/files/1/0936/6713/1667/files/UP8435415062213.avif
(Tester) NO BOX Rabanne Invictus Victory Eau de Parfum Extrême Spray 6.8-oz.,,477,Disponible,https://cdn.shopify.com/s/files/1/0936/6713/1667/files/32426016_fpx.webp
(Tester) Olympea Legend 80Ml,,228.5,Disponible,https://cdn.shopify.com/s/files/1/0936/6713/1667/files/BuyPacoRabanneOlympeaLegendEDP_2_300x_2x_66090d65-0002-495f-acbb-e1af6a91b6c2.webp
(TESTER) OPEN BOX Al Haramain Amber Oud Gold Edition 60ML,Al Haramain,130.325,Disponible,https://cdn.shopify.com/s/files/1/0936/6713/1667/files/al-haramain-amber-oud-gold-edition-60ml-6016172.webp
(Tester) ORIENTICA Oud Saffron,ORIENTICA,228.5,Disponible,https://cdn.shopify.com/s/files/1/0936/6713/1667/files/tester-orientica-oud-saffron-5108034.jpg
(Tester) Orientica Xo Xclusif Oud Bleu,ORIENTICA,127,Disponible,https://cdn.shopify.com/s/files/1/0936/6713/1667/files/tester-orientica-xo-xclusif-oud-bleu-7762546.jpg
(Tester) Orientica Xo Xclusif Oud Emerald,ORIENTICA,127,Disponible,https://cdn.shopify.com/s/files/1/0936/6713/1667/files/tester-orientica-xo-xclusif-oud-emerald-2470356_51fdc13f-6079-4569-8037-82e1f691d8bc.jpg
(TESTER) ORTO PARISI BERGAMASK 50 ML,Orto Parisi,477,Disponible,https://cdn.shopify.com/s/files/1/0936/6713/1667/files/21915_1.300x300w.jpg
(TESTER) Oud Zarian Creed for women and men,Creed,1436,Disponible,https://cdn.shopify.com/s/files/1/0936/6713/1667/files/375x500.111224.2x_b1de617e-1a06-484c-a85d-9c5eefbe4d70.avif
(Tester) PACO RABANNE Men's Phantom Intense EDP Spray 3.4 oz,Paco Rabanne,302,Disponible,https://cdn.shopify.com/s/files/1/0936/6713/1667/files/14986_1__24082.jpg
(TESTER) PACO RABANNE INVICTUS PARFUM 100ML,Paco Rabanne,319.465,Agotado,https://cdn.shopify.com/s/files/1/0936/6713/1667/files/2975-2.webp
(TESTER) Paco Rabanne Ladies Lady Million Fabulous EDP Spray 2.7 oz,Paco Rabanne,232,Disponible,https://cdn.shopify.com/s/files/1/0936/6713/1667/files/paco-rabanne-ladies-lady-million-fabulous-edp-spray-27-oz-tester-fragrances-3349668592883_1.jpg
(Tester) Paco Rabanne Ladies Olympea Parfum 2.7 oz,Paco Rabanne,249.465,Disponible,https://cdn.shopify.com/s/files/1/0936/6713/1667/files/3349668627516.jpg
(TESTER) Paco Rabanne Men's Million Gold Intense EDP Spray 3.4 oz,Paco Rabanne,333.5,Disponible,https://cdn.shopify.com/s/files/1/0936/6713/1667/files/16456_1__53886.jpg
(Tester) Paco Rabanne Men's Phantom EDT Spray 3.38 oz,Paco Rabanne,263.5,Disponible,https://cdn.shopify.com/s/files/1/0936/6713/1667/files/paco-rabanne-mens-phantom-edt-spray-338-oz-tester-fragrances-3349668582341.jpg
(TESTER) Paco Rabanne Million Gold For Her Parfum Parfum,Paco Rabanne,372,Disponible,https://cdn.shopify.com/s/files/1/0936/6713/1667/files/6a62e4979fff6c10a73365f61e34451a_jpg.webp
(TESTER) Paco Rabanne Phantom PARFUM 3.4 oz,Paco Rabanne,319.465,Disponible,https://cdn.shopify.com/s/files/1/0936/6713/1667/files/10433_1__26811.jpg
(TESTER) Parfums De Marly Ladies Delina EDP Spray 2.5 oz (75 ml),Parfums de Marly,1212,Disponible,https://cdn.shopify.com/s/files/1/0936/6713/1667/files/parfums-de-marly-ladies-delina-edp-spray-25-oz-75-ml-3700578521002.jpg
(Tester) PERFUMES DE MARLY Valaya EDP 2.5 oz,Parfums de Marly,1002,Agotado,https://cdn.shopify.com/s/files/1/0936/6713/1667/files/FullSizeRender_87bbdc6e-e657-48d6-9d9e-281758c77cbd.jpg
(Tester) Polo 67 EDP Spray 4.2 oz,,267,Agotado,https://cdn.shopify.com/s/files/1/0936/6713/1667/files/ralph-lauren-mens-polo-67-edp-spray-42-oz-tester-fragrances-3605972975959.jpg
(Tester) Polo Blue Eau de Parfum 125 ML,,232,Agotado,https://cdn.shopify.com/s/files/1/0936/6713/1667/files/ralph-lauren-fragrances-polo-blue-eau-de-parfum-pdp-product-carousel_3915ac42-48b6-479b-a73b-841c4435dad3.webp
(TESTER) Polo Blue Tester Eau de Toilette 4.2,,157.065,Agotado,https://cdn.shopify.com/s/files/1/0936/6713/1667/files/3360377031937__42741.webp
(TESTER) PRADA Men's Luna Rossa Ocean EDT 3.4 oz,Prada,319.465,Disponible,https://cdn.shopify.com/s/files/1/0936/6713/1667/files/prada-mens-luna-rossa-ocean-edt-34-oz-tester-fragrances-3614273556644.jpg
(Tester) Prada Paradigme Eau de Parfum 100ml,Prada,372,Agotado,https://cdn.shopify.com/s/files/1/0936/6713/1667/files/4742a4f9-3a59-44d9-83cb-9258eb1c4245-1000x1000-cYwZbiX70FcMduNNxtVh5Vkcv4G9TCYgRT0LF1fF.webp
(Tester) Prada Paradigme Eau de Parfum con Bergamota,Prada,421,Disponible,https://cdn.shopify.com/s/files/1/0936/6713/1667/files/FullSizeRender_71602c82-0b2c-47d6-a6e9-24e235ba19fc.jpg
(TESTER) Private Blend Bitter Peach Eau de Parfum Spray,,617,Disponible,https://cdn.shopify.com/s/files/1/0936/6713/1667/files/tom-ford-private-blend-bitter-peach-eau-de-parfum-spray-50ml-17oz-888066114325.jpg
(TESTER) Rabanne Invictus Aqua Edt 100 Ml (Original,Paco Rabanne,302,Agotado,https://cdn.shopify.com/s/files/1/0936/6713/1667/files/invictus-1-d55d4d9f6bc551c91417581540291086-480-0.png
(TESTER) RALPH LAUREN Polo Deep Blue Parfum Spray 125 ML,Ralph Lauren,232,Disponible,https://cdn.shopify.com/s/files/1/0936/6713/1667/files/ralph-lauren-mens-deep-blue-edp-spray-42-oz-tester-fragrances-3605972230720-2.jpg
(TESTER) Ralph Lauren Men's Polo Eau de Toilette Spray,Ralph Lauren,267,Disponible,https://cdn.shopify.com/s/files/1/0936/6713/1667/files/26265729_fpx.webp
(Tester) Ralph Lauren Men's Polo Red EDT Spray 4.2 oz,Ralph Lauren,176,Agotado,https://cdn.shopify.com/s/files/1/0936/6713/1667/files/ralph-lauren-mens-polo-red-edt-spray-42-oz-tester-fragrances-3605970416126.jpg
(Tester) RICCI Ladies Nina Le Parfum EDP Spray 2.71 oz,,202.25,Agotado,https://cdn.shopify.com/s/files/1/0936/6713/1667/files/nina-ricci-ladies-nina-le-parfum-edp-spray-271-oz-tester-fragrances-3137370359371.jpg
(TESTER) Roses Musk Montale for women 100 ML,Montale,242.5,Disponible,https://cdn.shopify.com/s/files/1/0936/6713/1667/files/375x500.1148.2x.avif
(Tester) Scandal Absolut,,319.5,Disponible,https://cdn.shopify.com/s/files/1/0936/6713/1667/files/tester-scandal-absolut-3478371.jpg
(Tester) Scandal Absoluto 100 ml,,351,Agotado,https://cdn.shopify.com/s/files/1/0936/6713/1667/files/5D6EE96C-387B-416F-BDF1-FF19899024B1.jpg
(TESTER) Side Effect Initio Parfums Prives for women and men 100 ML,Initio,1002,Disponible,https://cdn.shopify.com/s/files/1/0936/6713/1667/files/375x500.42260.2x.avif
(Tester) Thierry Mugler Ladies Angel Body Lotion,Mugler,169,Disponible,https://cdn.shopify.com/s/files/1/0936/6713/1667/files/thierry-mugler-ladies-angel-body-lotion-tester-fragrances-3614274428988.jpg
"(Tester) Tiziana Terenzi Kirke 100ml (Some with lid others without lid, all new)",Tiziana Terenzi,354.5,Disponible,https://cdn.shopify.com/s/files/1/0936/6713/1667/files/Photoroom_20250906_084909.jpg
(TESTER) TOM FORD Vanille Fatale Eau de Parfum Fragrance (WHITH OUT BOX),Tom Ford,736,Disponible,https://cdn.shopify.com/s/files/1/0936/6713/1667/files/s2748523-main-zoom_jpg.webp
(TESTER) Turathi Blue Afnan for men,Afnan,119.125,Disponible,https://cdn.shopify.com/s/files/1/0936/6713/1667/files/turathi-blue-afnan-for-men-8361933.jpg
(TESTER) Valentino Born in Roma Uomo Extradose Parfum 100 ML,Valentino,456,Agotado,https://cdn.shopify.com/s/files/1/0936/6713/1667/files/s2838399-main-zoom_jpg.webp
(Tester) Valentino Donna Born in Roma Coral Fantasy EDP - 50ml,Valentino,302,Disponible,https://cdn.shopify.com/s/files/1/0936/6713/1667/files/shop-pf-03671-02-donna-born-in-roma-coral-fantasy-edp---50ml--1_1.jpg
(Tester) VALENTINO GARAVANI Uomo Born In Roma / Valentino EDT Spray 1.7 oz (50 ml),Valentino,267,Agotado,https://cdn.shopify.com/s/files/1/0936/6713/1667/files/uomo-born-in-roma-valentino-edt-spray-17-oz-50-ml-m-3614272761452_3-2.jpg
(TESTER) Valentino UOMO Born In Roma Green Stravaganza Men 3.4 oz Eau De Toilette,Valentino,319.325,Disponible,https://cdn.shopify.com/s/files/1/0936/6713/1667/files/s-l1600-8.png
(TESTER) Valentino Uomo Born In Roma Intense Eau de Parfum 100 ML,Valentino,407,Agotado,https://cdn.shopify.com/s/files/1/0936/6713/1667/files/s2639821-main-zoom_jpg.webp
(Tester) Versace Bright Crystal by EDT Spray 3.0 oz (90 ml),Versace,183,Disponible,https://cdn.shopify.com/s/files/1/0936/6713/1667/files/bright-crystal-by-versace-edt-spray-30-oz-90-ml-tester-8011003995493.jpg
(Tester) Versace Ladies Bright Crystal Absolu EDP Spray 3 oz (90 ml),Versace,204,Disponible,https://cdn.shopify.com/s/files/1/0936/6713/1667/files/versace-ladies-bright-crystal-absolu-edp-spray-3-oz-tester-90-ml-8011003818136.jpg
(TESTER) Versace Men's pour Homme Dylan Blue EDT Spray 3.4 oz,Versace,211,Disponible,https://cdn.shopify.com/s/files/1/0936/6713/1667/files/8011003825769__43260.1745529346.1280.1280__12715.webp
(Tester) Versace Ladies Pour Femme Dylan Purple EDP 3.4 oz,Versace,231.965,Disponible,https://cdn.shopify.com/s/files/1/0936/6713/1667/files/shopping_13.webp
(Tester) Viktor & Rolf Ladies Flowerbomb EDP Spray 3.4 oz,Viktor & Rolf,291.5,Disponible,https://cdn.shopify.com/s/files/1/0936/6713/1667/files/viktor-rolf-ladies-flowerbomb-edp-spray-34-oz-tester-fragrances-3605520293405.jpg
(Tester) Viktor & Rolf Ladies Good Fortune EDP Spray 3.0 oz,Viktor & Rolf,246,Disponible,https://cdn.shopify.com/s/files/1/0936/6713/1667/files/viktor-rolf-ladies-good-fortune-edp-34-oz-tester-fragrances-3614273662567.jpg
(Tester) WHIT CAP Jean Paul Gaultier Men's Scandal Elixir Parfum 3.4 oz,Jean Paul Gaultier,491,Agotado,https://cdn.shopify.com/s/files/1/0936/6713/1667/files/jean-paul-gaultier-mens-scandal-elixir-parfum-5-07-oz-tester-fragrances-8435415114158.jpg
(Tester) WHITE BOX 9 PM ELIXIR EAU DE PARFUM 100 ML,Afnan,129.625,Disponible,https://cdn.shopify.com/s/files/1/0936/6713/1667/files/WhatsAppImage2025-08-10at21.22.13.jpg
(Tester) WITH CAP Jean Paul Gaultier Ladies Scandal Elixir Parfum 2.7 oz,Jean Paul Gaultier,39.5,Agotado,https://cdn.shopify.com/s/files/1/0936/6713/1667/files/jean-paul-gaultier-ladies-scandal-elixir-parfum-2-7-oz-tester-fragrances-8435415114141.jpg
(TESTER) WITH OUT BOX Hibiscus Mahajád by Maison Crivelli is a fragrance for women and men,,1334.5,Disponible,https://cdn.shopify.com/s/files/1/0936/6713/1667/files/maison-crivelli-unisex-hibiscus-mahajad-extrait-de-parfum-17-oz-fragrances-3770014898890_7a183998-4a47-40d1-a38a-cd2d8a482510.jpg
(Tester) XERJOF Unisex 1861 Renaissance EDP Spray 3.4 oz,Xerjoff,617,Agotado,https://cdn.shopify.com/s/files/1/0936/6713/1667/files/xerjoff-unisex-renaissance-edp-spray-34-oz-tester-fragrances-8033488155094.jpg
(TESTER) XERJOFF Ladies Casamorati Dama Bianca EDP Spray 3.4 oz,Xerjoff,508.5,Disponible,https://cdn.shopify.com/s/files/1/0936/6713/1667/files/xerjoff-ladies-dama-bianca-edp-spray-34-oz-tester-fragrances-8033488152222.jpg
(TESTER) Xerjoff Unisex Duran Duran Neorio Fluo Pink Parfum 1.7 oz,Xerjoff,757,Disponible,https://cdn.shopify.com/s/files/1/0936/6713/1667/files/xerjoff-unisex-duran-duran-neorio-fluo-pink-parfum-17-oz-fragrances-8054320904441.jpg
(Tester) Xerjoff Unisex Duran Duran Neorio Parfum 1.7 oz,Xerjoff,757,Disponible,https://cdn.shopify.com/s/files/1/0936/6713/1667/files/xerjoff-unisex-duran-duran-neorio-parfum-17-oz-tester-fluo-green-fragrances-8054320904434.jpg
(Tester) Xerjoff Unisex Duran Duran Neorio Parfum 1.7 oz,Xerjoff,757,Disponible,https://cdn.shopify.com/s/files/1/0936/6713/1667/files/xerjoff-unisex-duran-duran-neorio-parfum-17-oz-tester-fluo-orange-fragrances-8054320904397.jpg
(Tester) Xerjoff Unisex Duran Duran Neorio Parfum 1.7 oz,Xerjoff,757,Disponible,https://cdn.shopify.com/s/files/1/0936/6713/1667/files/xerjoff-unisex-duran-duran-neorio-parfum-17-oz-tester-fluo-yellow-fragrances-8054320904410.jpg
(TESTER) YSL LIBRE INTENSE 3oz EDP,Yves Saint Laurent,407,Agotado,https://cdn.shopify.com/s/files/1/0936/6713/1667/files/s-l400_38545e8d-e885-4492-8310-6f61aff6c74d_jpg.webp
(TESTER) YVES SAINT LAURENT Black Opium / Ysl EDP Spray 1.6 oz,Yves Saint Laurent,298.5,Disponible,https://cdn.shopify.com/s/files/1/0936/6713/1667/files/black-opium-ysl-edp-spray-16-oz-50-ml-w-3365440787919.jpg
(TESTER) YVES SAINT LAURENT Ladies Black Opium Glitter EDP Spray 3.0 oz,Yves Saint Laurent,382.5,Agotado,https://cdn.shopify.com/s/files/1/0936/6713/1667/files/yves-saint-laurent-ladies-black-opium-glitter-edp-spray-30-oz-fragrances-3614274185294_2.jpg
(Tester) “Without box ”TOM FORD Lost Cherry EDP 50 ml,Tom Ford,599.5,Disponible,https://cdn.shopify.com/s/files/1/0936/6713/1667/files/IMG_6014.jpg
(TESTER)( Without box) TOM FORD Cafe Rose Eau de Parfum Fragrance 100 ML,Tom Ford,774.5,Disponible,https://cdn.shopify.com/s/files/1/0936/6713/1667/files/s2692192-av-3-zoom_jpg.webp
(TESTER)(NO BOX) Tuscan Leather Tom Ford for women and men,Tom Ford,666,Disponible,https://cdn.shopify.com/s/files/1/0936/6713/1667/files/dark-375x500.1849.2x.avif
(Tester)(Without box) Ford Velvet Orchid 100 ml,,424.5,Disponible,https://cdn.shopify.com/s/files/1/0936/6713/1667/files/images-4.jpg
(TESTER)(Without box) TOM FORD Black Orchid Eau de Parfum Fragrance,Tom Ford,442,Disponible,https://cdn.shopify.com/s/files/1/0936/6713/1667/files/global_images-p888066000062-1_jpg.webp
(TESTER)(Without box) TOM FORD Black Orchid Parfum Fragrance 100 ML,Tom Ford,442,Disponible,https://cdn.shopify.com/s/files/1/0936/6713/1667/files/s2369288-main-zoom_jpg.webp
(TESTER)(Without box) TOM FORD Eau de Soleil Blanc Eau de Toilette Fragrance,Tom Ford,599.5,Disponible,https://cdn.shopify.com/s/files/1/0936/6713/1667/files/s2837961-av-01-zoom_jpg.webp
(Tester)Alien Mugler EDP 90 ml,Mugler,267,Agotado,https://cdn.shopify.com/s/files/1/0936/6713/1667/files/Photoroom_20250803_212041.jpg
(TESTER)AMOUAGE Men's Interlude EDP Spray 3.4 oz,Amouage,652,Agotado,https://cdn.shopify.com/s/files/1/0936/6713/1667/files/amouage-mens-interlude-edp-spray-34-oz-fragrances-701666410195.jpg
(Tester)Angel Mugler 3.3 oz 100 ml,Mugler,302,Agotado,https://cdn.shopify.com/s/files/1/0936/6713/1667/files/Photoroom_20250803_212159.jpg
(Tester)BDK Gris Charnel Extrait de Parfum Unisex Spray 3.4 oz,,529.465,Agotado,https://cdn.shopify.com/s/files/1/0936/6713/1667/files/bdk-parfums-unisex-gris-charnel-extrait-de-parfum-spray-34-oz-tester-fragrances-t3760035450764.jpg
(TESTER)BDK Gris Charnel Unisex 3.4 oz,,512,Agotado,https://cdn.shopify.com/s/files/1/0936/6713/1667/files/bdk-parfums-unisex-gris-charnel-edp-34-oz-fragrances-3760035450184_1.jpg
(TESTER)Billie Eilish Ladies Eilish EDP Spray 3.38 oz,,231.965,Disponible,https://cdn.shopify.com/s/files/1/0936/6713/1667/files/billie-eilish-ladies-eilish-edp-spray-338-oz-fragrances-0608940582206_1.jpg
(Tester)Black Opium Eau de Parfum 3 oz 90ml,,372,Disponible,https://cdn.shopify.com/s/files/1/0936/6713/1667/files/IMG_8931.jpg
(Tester)Bond No.9 Tribeca,Bond No.9,736,Disponible,https://cdn.shopify.com/s/files/1/0936/6713/1667/files/testerbond-no9-tribeca-3661818.jpg
(Tester)Burberry Her Elixir De Parfum 3.3 Edp,Burberry,407,Disponible,https://cdn.shopify.com/s/files/1/0936/6713/1667/files/shopping-6.jpg
(TESTER)BVLGARI Men's Man In Black EDP Spray 3.4 oz,Bvlgari,316,Disponible,https://cdn.shopify.com/s/files/1/0936/6713/1667/files/bvlgari-mens-man-in-black-edp-spray-34-oz-tester-fragrances-783320414770.jpg
(TESTER)Candy Rose Montale for women,Montale,256.5,Disponible,https://cdn.shopify.com/s/files/1/0936/6713/1667/files/375x500.16293.2x.avif
(TESTER)CAROLINA HERRERA Men's Bad Boy Cobalt EDP Spray 3.4 oz,Carolina Herrera,302,Agotado,https://cdn.shopify.com/s/files/1/0936/6713/1667/files/carolina-herrera-mens-bad-boy-cobalt-edp-spray-338-oz-tester-fragrances-8411061027844.jpg
(Tester)CAROLINA HERRERA Men's Bad Boy Elixir EDP Spray 3.4 oz (copia),Carolina Herrera,340.5,Disponible,https://cdn.shopify.com/s/files/1/0936/6713/1667/files/carolina-herrera-mens-bad-boy-elixir-edp-spray-34-oz-fragrances-8411061106297_2.jpg
"(Tester)CAROLINA HERRERA 212 VIP Black EDP Spray for men, 3.4 oz",Carolina Herrera,249.5,Agotado,https://cdn.shopify.com/s/files/1/0936/6713/1667/files/IMG_4004.jpg
(TESTER)Cherry Cherry Mancera for women and men,Mancera,267,Agotado,https://cdn.shopify.com/s/files/1/0936/6713/1667/files/375x500.96325.2x.avif
(TESTER)CLIVE CHRISTIAN Clive Christian Immortelle Masculine EDP 50ml,,914.5,Disponible,https://cdn.shopify.com/s/files/1/0936/6713/1667/files/8010304.webp
(TESTER)Clive Christian Queen Anne Rock Rose Eau De Parfum,,967,Agotado,https://cdn.shopify.com/s/files/1/0936/6713/1667/files/s-l1600-65_ad70a792-1606-4754-be17-dae7c4b32c93.jpg
(TESTER)CLIVE CHRISTIAN Unisex Crown Collection Matsukita Parfum Spray 1.7 oz,,1131.5,Disponible,https://cdn.shopify.com/s/files/1/0936/6713/1667/files/FullSizeRender_542a85ff-74a3-4cc6-8b50-5c192c47fc8d.jpg
(Tester)Creed Aventus Absolu (100 ml),Creed,1317,Agotado,https://cdn.shopify.com/s/files/1/0936/6713/1667/files/WhatsApp_Image_2025-11-11_at_15.04.48.jpg
(TESTER)Creed Ladies Fragrance Spring Flower EDP Spray 2.5 oz Fragrances,Creed,617,Disponible,https://cdn.shopify.com/s/files/1/0936/6713/1667/files/creed-ladies-fragrance-creed-spring-flower-edp-spray-25-oz-tester-fragrances-3508445604564.jpg
(Tester)Creed Millesime Imperial 100 ml (Without lid New,Creed,736,Agotado,https://cdn.shopify.com/s/files/1/0936/6713/1667/files/IMG_8425.jpg
(Tester)Creed Silver Mountain Water 100 m (lWithout lid New),Creed,893.5,Agotado,https://cdn.shopify.com/s/files/1/0936/6713/1667/files/IMG_7888.jpg
(Tester)Dior HOMME Intense 100 ML,Dior,377.25,Disponible,https://cdn.shopify.com/s/files/1/0936/6713/1667/files/Photoroom_20250803_212105.jpg
(Tester)Divine Eau de Parfum,,319.5,Disponible,https://cdn.shopify.com/s/files/1/0936/6713/1667/files/IMG_8366.jpg
(Tester)Dolce Gabanna Eau Parfum 3.3 oz,,337,Disponible,https://cdn.shopify.com/s/files/1/0936/6713/1667/files/testerdolce-amp-gabanna-eau-parfum-33-oz-9345481_2b5ec082-7808-4ef5-9f11-f4d875dae244.jpg
(Tester)Erba Pura Xerjof 100 ml,Xerjoff,617,Disponible,https://cdn.shopify.com/s/files/1/0936/6713/1667/files/FullSizeRender_d9ef2303-1634-4e93-8ea4-8d514cb1857d.jpg
(TESTER)Fougeres Marines Montale for women and men,Montale,249.465,Disponible,https://cdn.shopify.com/s/files/1/0936/6713/1667/files/375x500.3761.2x.avif
(TESTER)Gentleman Eau de Parfum Givenchy for men,Givenchy,246,Agotado,https://cdn.shopify.com/s/files/1/0936/6713/1667/files/375x500.48476.2x.avif
(Tester)Good Girl Carolina Herrera 2.7 oz,Carolina Herrera,344,Disponible,https://cdn.shopify.com/s/files/1/0936/6713/1667/files/s1960707-main-zoom_jpg.webp
(TESTER)Gucci Ladies Bloom EDP Spray 3.4 oz (Tester),Gucci,288,Disponible,https://cdn.shopify.com/s/files/1/0936/6713/1667/files/gucci-ladies-gucci-bloom-edp-spray-34-oz-tester-fragrances-8005610481128.jpg
(Tester)Gucci Ladies Flora Gorgeous Orchid EDP Spray 3.4 oz,Gucci,281,Disponible,https://cdn.shopify.com/s/files/1/0936/6713/1667/files/descarga_6.webp
(TESTER)HOLLISTER Ladies Wave X EDP Spray 3.4 oz,Hollister,106,Disponible,https://cdn.shopify.com/s/files/1/0936/6713/1667/files/hollister-ladies-wave-x-edp-spray-34-oz-tester-fragrances-085715269188.jpg
(Tester)Invictus Victory Elixir 3.4oz,,336.965,Agotado,https://cdn.shopify.com/s/files/1/0936/6713/1667/files/testerinvictus-victory-elixir-34oz-2789596.jpg
(TESTER)JEAN PAUL GAULTIER Men's Le Beau EDT Spray 4.2 oz,Jean Paul Gaultier,316,Agotado,https://cdn.shopify.com/s/files/1/0936/6713/1667/files/07zq6boayn_png_1fa07408-ea7f-477e-b71a-43316d7d7468.webp
(Tester)Jean Paul Gaultier La Bella 3.4oz,Jean Paul Gaultier,337,Agotado,https://cdn.shopify.com/s/files/1/0936/6713/1667/files/testerjean-paul-gaultier-la-bella-34oz-1045894.jpg
(TESTER)Jean Paul Gaultier La Belle Paradise Garden Eau de Parfum for Women 100 ML,Jean Paul Gaultier,351,Disponible,https://cdn.shopify.com/s/files/1/0936/6713/1667/files/02oglzibmd_png.webp
(Tester)Jean Paul Gaultier Scandal Le Parfum EDP Intense Spray 2.7 oz,Jean Paul Gaultier,372,Disponible,https://cdn.shopify.com/s/files/1/0936/6713/1667/files/51TdRvcpJRL._SX679.jpg
(TESTER)Jean Paul Gultier Le Male ELIXIR 125ML,Jean Paul Gaultier,407,Disponible,https://cdn.shopify.com/s/files/1/0936/6713/1667/files/WhatsAppImage2025-06-11at16.26.07_7.jpg
(Tester)Jimmy Choo EDP 125 ml,Jimmy Choo,267,Disponible,https://cdn.shopify.com/s/files/1/0936/6713/1667/files/IMG_8138.jpg
(Tester)Jimmy Choo Flash 3.3 oz,Jimmy Choo,142.75,Disponible,https://cdn.shopify.com/s/files/1/0936/6713/1667/files/IMG_5999.jpg
(Tester)Jimmy Choo Parfum 100 ml,Jimmy Choo,295,Disponible,https://cdn.shopify.com/s/files/1/0936/6713/1667/files/IMG_8137.jpg
(Tester)Jimmy Choo Perfume Ladies Want Choo Forever EDP,Jimmy Choo,256.5,Disponible,https://cdn.shopify.com/s/files/1/0936/6713/1667/files/FullSizeRender_79369a7b-b7b0-4abd-9092-ba8b3a90b24e.jpg
(Tester)Jimmy Choo Rose Passion Perfume Eau De Parfum - For Women,Jimmy Choo,141,Disponible,https://cdn.shopify.com/s/files/1/0936/6713/1667/files/IMG_3393.jpg
(Tester)Ladies Scandal Intense EDP Spray 2.7 oz,,407,Disponible,https://cdn.shopify.com/s/files/1/0936/6713/1667/files/IMG_5024.jpg
(TESTER)Le Male Le Parfum Jean Paul Gaultier for men 125 ml,Jean Paul Gaultier,351,Disponible,https://cdn.shopify.com/s/files/1/0936/6713/1667/files/IMG_0344.jpg
(Tester)LORENZO PAZZAGLIA Black Sea Eau de Parfum 50 ml (Without box),Lorenzo Pazzaglia,494.5,Disponible,https://cdn.shopify.com/s/files/1/0936/6713/1667/files/3A8B9579-38C3-4EEC-B887-6797838079DD.jpg
(Tester)LORENZO Sun-gria 50 ml (Without box),,512,Disponible,https://cdn.shopify.com/s/files/1/0936/6713/1667/files/7C28FFB9-2E23-40DF-BA27-2D042AD0AC2A.jpg
(TESTER)MANCERA Coco Vanille EDP Spray 4 oz,Mancera,316,Disponible,https://cdn.shopify.com/s/files/1/0936/6713/1667/files/mancera-coco-vanille-edp-spray-4-oz-fragrances-3760265191611.jpg
(TESTER)MANCERA Ladies Pink Roses EDP Spray 4.0 oz,Mancera,242.5,Agotado,https://cdn.shopify.com/s/files/1/0936/6713/1667/files/mancera-ladies-pink-roses-edp-spray-40-oz-fragrances-3760265191963.jpg
(TESTER)MANCERA Unisex Choco Violette EDP Spray 4 oz (125 ml),Mancera,256.5,Agotado,https://cdn.shopify.com/s/files/1/0936/6713/1667/files/375x500.42940.2x.avif
(TESTER)MANCERA Unisex Purple Flowers EDP Spray 4 oz,Mancera,228.5,Agotado,https://cdn.shopify.com/s/files/1/0936/6713/1667/files/mancera-unisex-purple-flowers-edp-spray-4-oz-fragrances-3760265191840.jpg
(TESTER)MANCERA Unisex Tonka Cola EDP Spray 4.0 oz,Mancera,298.5,Disponible,https://cdn.shopify.com/s/files/1/0936/6713/1667/files/mancera-unisex-tonka-cola-edp-spray-40-oz-tester-fragrances-3760265194438.jpg
(Tester)Mancera French Rivera 100 ml,Mancera,372,Agotado,https://cdn.shopify.com/s/files/1/0936/6713/1667/files/IMG_8242.jpg
(Tester)Mancera Instant Crush 100 ml,Mancera,316,Agotado,https://cdn.shopify.com/s/files/1/0936/6713/1667/files/IMG_8240.jpg
(Tester)Mancera Roses Vanille 100 ml,Mancera,316,Disponible,https://cdn.shopify.com/s/files/1/0936/6713/1667/files/IMG_8241.jpg
(Tester)Million Gold Eau de Parfum Intense 100 ml,,337,Disponible,https://cdn.shopify.com/s/files/1/0936/6713/1667/files/IMG_8234.jpg
(Tester)Million gold for her Eau de Parfum (90ml),,354.5,Agotado,https://cdn.shopify.com/s/files/1/0936/6713/1667/files/testermillion-gold-for-her-eau-de-parfum-90ml-1612463.jpg
(Tester)Miss Dior Blooming Bouquet 100 ml,Dior,473.5,Disponible,https://cdn.shopify.com/s/files/1/0936/6713/1667/files/IMG_6017_6beb2483-5ecb-4051-94f5-9fa8eb68317e.jpg
(Tester)Mon Paris EDP 90 ml,,372,Disponible,https://cdn.shopify.com/s/files/1/0936/6713/1667/files/IMG_6012.jpg
(TESTER)Montale Arabians Tonka 100 ML,Montale,337,Agotado,https://cdn.shopify.com/s/files/1/0936/6713/1667/files/UP3760260457354_jpg.avif
(Tester)Moschino 100 ml,Moschino,167.25,Disponible,https://cdn.shopify.com/s/files/1/0936/6713/1667/files/testermoshino-100-ml-6863426.jpg
(Tester)Moschino Toy 2 Eau de Parfum 3.4 oz,Moschino,167.25,Agotado,https://cdn.shopify.com/s/files/1/0936/6713/1667/files/IMG_8848.jpg
(Tester)Moschino Toy Boy 100 ml,Moschino,172.5,Disponible,https://cdn.shopify.com/s/files/1/0936/6713/1667/files/IMG_8849_d4b70d99-f7da-4046-84e0-3d0ea098e1e0.jpg
(TESTER)Mukhallat Montale for women and men,Montale,267,Disponible,https://cdn.shopify.com/s/files/1/0936/6713/1667/files/375x500.3241.2x.avif
(TESTER)NO BOX Good Girl Blush Eau de Parfum with Vanilla & Peony,,407,Disponible,https://cdn.shopify.com/s/files/1/0936/6713/1667/files/IMG_0300.jpg
(Tester)NO BOX Good Girl Blush Elixir by Carolina Herrera for Women 2.7 ml,Carolina Herrera,407,Disponible,https://cdn.shopify.com/s/files/1/0936/6713/1667/files/testergood-girl-blush-elixir-by-carolina-herrera-for-women-27-ml-8266724.jpg
(Tester)One Million Elixir 100 ml,,337,Agotado,https://cdn.shopify.com/s/files/1/0936/6713/1667/files/IMG_8081.jpg
(TESTER)ONE Million Gold Elixir FOR MEN 100 ml,,407,Agotado,https://cdn.shopify.com/s/files/1/0936/6713/1667/files/IMG_6133.jpg
(Tester)ONE Million Royal Eau de Parfum 100 ml,,319.465,Agotado,https://cdn.shopify.com/s/files/1/0936/6713/1667/files/IMG_7068.jpg
(TESTER)PACO RABANNE Olympea by EDP Spray 2.7 oz (80 ml),Paco Rabanne,197,Agotado,https://cdn.shopify.com/s/files/1/0936/6713/1667/files/375x500.31666.2x_56077268-d69f-41d2-88c1-366a07a57c4f.avif
(Tester)Paco Rabanne Fame Edp 80 Women's Perfume,Paco Rabanne,291.5,Disponible,https://cdn.shopify.com/s/files/1/0936/6713/1667/files/testerpaco-rabanne-fame-edp-80-womens-perfume-9497054.jpg
(Tester)PARFUMS DE MARLY Althair eau parfum 125ml,Parfums de Marly,774.5,Agotado,https://cdn.shopify.com/s/files/1/0936/6713/1667/files/WhatsAppImage2025-06-11at16.26.07_5.jpg
(TESTER)Parfums de Marly Layton Exclusif eau Parfum 125ML,Parfums de Marly,701,Agotado,https://cdn.shopify.com/s/files/1/0936/6713/1667/files/WhatsAppImage2025-06-11at16.26.07_6.jpg
(Tester)Parfums de Marly Layton 125 ml,Parfums de Marly,704.5,Agotado,https://cdn.shopify.com/s/files/1/0936/6713/1667/files/IMG_4565.jpg
(Tester)Parfums De Marly Men's Godolphin EDP 4.2 oz,Parfums de Marly,1079,Disponible,https://cdn.shopify.com/s/files/1/0936/6713/1667/files/shopping_17.webp
(TESTER)PARFUMS DE MARLY Pegasus EDP Spray 4.2 oz,Parfums de Marly,984.5,Disponible,https://cdn.shopify.com/s/files/1/0936/6713/1667/files/pegasus-testereau-de-parfumfragrance-nevaeh-312261_jpg.webp
(TESTER)Rendez-vous à Paris Montale for women and men,Montale,267,Disponible,https://cdn.shopify.com/s/files/1/0936/6713/1667/files/375x500.82127.2x.avif
(TESTER)Ristretto Intense Café Montale for women and men,Montale,333.5,Disponible,https://cdn.shopify.com/s/files/1/0936/6713/1667/files/375x500.55001.2x.avif
(TESTER)Santal Wood Montale for women and men,Montale,263.5,Agotado,https://cdn.shopify.com/s/files/1/0936/6713/1667/files/375x500.14842.2x.avif
(Tester)Sauvage Eau de Parfum 100 ml,,473.5,Disponible,https://cdn.shopify.com/s/files/1/0936/6713/1667/files/IMG_8302.jpg
(Tester)Sauvage Parfum 100 ml,,561,Disponible,https://cdn.shopify.com/s/files/1/0936/6713/1667/files/IMG_8303.jpg
(Tester)Scandal By Night,,337,Disponible,https://cdn.shopify.com/s/files/1/0936/6713/1667/files/IMG_1263.jpg
(Tester)Scandal Intense Eau de Parfum 100 ml,,337,Disponible,https://cdn.shopify.com/s/files/1/0936/6713/1667/files/Photoroom_20250816_105502.jpg
(TESTER)Sensual Instinct Montale for women and men,Montale,319.465,Agotado,https://cdn.shopify.com/s/files/1/0936/6713/1667/files/375x500.53675.2x.avif
(TESTER)Silver Blue Mancera for women and men,Mancera,312.5,Agotado,https://cdn.shopify.com/s/files/1/0936/6713/1667/files/375x500.57883.2x.avif
(TESTER)Supremacy Collector's Edition Pour Homme Afnan for men,Afnan,128.75,Agotado,https://cdn.shopify.com/s/files/1/0936/6713/1667/files/dark-375x500.98689.2x.avif
(Tester)Tom Ford Oud Wood 50 ml (Without box),Tom Ford,582,Disponible,https://cdn.shopify.com/s/files/1/0936/6713/1667/files/IMG_8147.jpg
(Tester)Tom Ford Soleil Blanc 50 ml (Without box),Tom Ford,582,Disponible,https://cdn.shopify.com/s/files/1/0936/6713/1667/files/Photoroom_20250829_233030.jpg
(TESTER)VALENTINO DONNA GREEN STRAVAGANZA 100ML,Valentino,337,Agotado,https://cdn.shopify.com/s/files/1/0936/6713/1667/files/testervalentino-donna-green-stravaganza-100ml-7874439_61d7d0b0-7e8b-4fb2-b3ab-84bd9a326aa2.jpg
(Tester)VALENTINO GARAVANI Ladies Donna Born in Roma Intense EDP Spray 3.4 oz,Valentino,407,Agotado,https://cdn.shopify.com/s/files/1/0936/6713/1667/files/valentino-ladies-donna-born-in-roma-intense-edp-spray-34-oz-tester-fragrances-3614273790819.jpg
(TESTER)Vanille Absolu Montale for women,Montale,249.465,Disponible,https://cdn.shopify.com/s/files/1/0936/6713/1667/files/375x500.4064.2x.avif
(Tester)Versace Eros For Men EDP 100 ML,Versace,246,Disponible,https://cdn.shopify.com/s/files/1/0936/6713/1667/files/versace-mens-eros-edp-spray-34-oz-tester-fragrances-8011003861408.jpg
(Tester)White Box 9 Am Dive Afnan,Afnan,104.25,Agotado,https://cdn.shopify.com/s/files/1/0936/6713/1667/files/9am-afnan-testerwhite-box-2616032.jpg
(TESTER)WHITE BOX BHARARA KING EAU DE PARFUM 100ML,Bharara,163.75,Disponible,https://cdn.shopify.com/s/files/1/0936/6713/1667/files/20250124103305.kingteste1removebgpreview.png
(TESTER)Women's Chanel No 5 Eau De Parfum Edp 3.4 Oz,Chanel,617,Agotado,https://cdn.shopify.com/s/files/1/0936/6713/1667/files/chanel-womens-chanel-no-5-eau-de-parfum-edp-3-4-oz-3145890253437_4.jpg-2.webp
(Tester)XERJOF Alexandria II 50 ml,Xerjoff,687,Disponible,https://cdn.shopify.com/s/files/1/0936/6713/1667/files/IMG_8836.jpg
(TESTER)XERJOF Alexandria II Aniversario Eau de Parfum 100 ML,Xerjoff,907.5,Disponible,https://cdn.shopify.com/s/files/1/0936/6713/1667/files/WhatsAppImage2025-06-11at16.26.07_3.jpg
(TESTER)XERJOF Alexandria II Eau Parfum 100Ml,Xerjoff,907.5,Agotado,https://cdn.shopify.com/s/files/1/0936/6713/1667/files/WhatsAppImage2025-06-11at16.26.07_2.jpg
(TESTER)XERJOF DON EAU DE PARFUM 100 ML,Xerjoff,631,Disponible,https://cdn.shopify.com/s/files/1/0936/6713/1667/files/375x500.26709.2x.avif
(TESTER)XERJOF Erba Gold Eau Parfum 100 ML,Xerjoff,617,Disponible,https://cdn.shopify.com/s/files/1/0936/6713/1667/files/WhatsAppImage2025-06-11at16.26.07_1.jpg
(Tester)XERJOFF Unisex Torino21 EDP 3.3 oz 100 ML,Xerjoff,697.5,Disponible,https://cdn.shopify.com/s/files/1/0936/6713/1667/files/xerjoff-torino21-eau-de-parfum-50ml-17oz-8054320901211.jpg
(Tester)YSL EDP 3.3oz,Yves Saint Laurent,386,Disponible,https://cdn.shopify.com/s/files/1/0936/6713/1667/files/Photoroom_20250803_212813.jpg
(Tester)YSL Libre EDP 3.0 oz,Yves Saint Laurent,407,Disponible,https://cdn.shopify.com/s/files/1/0936/6713/1667/files/Photoroom_20250803_212006.jpg
(TESTER)ZODIAC ARIES BY JO MILANO PARIS,Jo Milano Paris,172.5,Disponible,https://cdn.shopify.com/s/files/1/0936/6713/1667/files/ZodiacAriesBottle.webp
(TESTEROlympéa Parfum Rabanne for Women 2.7OZ,Paco Rabanne,302,Disponible,https://cdn.shopify.com/s/files/1/0936/6713/1667/files/375x500.90432.2x_0aabc357-429f-4596-8858-3f522e66f02c.avif
9 PM (Tester) Afnan White Box,Afnan,102.5,Agotado,https://cdn.shopify.com/s/files/1/0936/6713/1667/files/9pm-afnan-testerwhite-box-2122167.jpg
Dolce & Gabbana Devotion Eau de Parfum Intense 100ml Tester 3.3oz,Dolce & Gabbana,301.965,Disponible,https://cdn.shopify.com/s/files/1/0936/6713/1667/files/m97983413595_1.avif
LANCOME Ladies Over The Top EDT Spray 3.4 oz (Tester),Lancome,263.5,Disponible,https://cdn.shopify.com/s/files/1/0936/6713/1667/files/lancome-ladies-over-the-top-edt-spray-34-oz-tester-fragrances-3614274392876_1.jpg
Paco Rabanne 1 ONE Million EDT Spray 3.4 oz For Men Tester,Paco Rabanne,248.625,Agotado,https://cdn.shopify.com/s/files/1/0936/6713/1667/files/shopping-3.jpg
TESTER (TESTER)VERSACE EROS NAJIM PARFUM 100 ML,Versace,354.465,Agotado,https://cdn.shopify.com/s/files/1/0936/6713/1667/files/IMG_7419.jpg
Tester Hugo Boss Superman X Hugo Edp 125Ml Hombre,Hugo Boss,211,Disponible,https://cdn.shopify.com/s/files/1/0936/6713/1667/files/superman-x_webp.jpg